LYST,MOXD1,SLC7A5,S100B,CKS2,SLC1A5,PRUNE2,CXCL12,POU2AF1,GAS1,CCDC3,TESC,SLCO3A1,TRIM36,SYNC,DIXDC1,FBXO2,mgs_level,sample_id
310.4631326358402,49.80845930077312,98.65721803698415,11.516406774745231,2.3992514114052566,4.702532766354302,130.999127062727,2.591191524317677,0.38388022582484105,8.349394911690293,3.262981919511149,0.6717903951934718,8.445364968146503,131.28703723209563,0.5758203387372616,101.53631973067046,7.29372429067198,MGS1,2
241.71192855591153,10.208222225419565,153.12333338129346,7.392160921855546,32.6193767662832,1.408030651782009,164.73958625849502,3.8720842924005243,0.8213512135395051,14.549650068414092,5.866794382425037,1.0560229888365067,8.330848023043552,97.03677908531012,0.9386871011880059,93.2820306805581,9.621542787177061,MGS1,4
278.7804491196613,7.896220431398746,334.16366186766635,5.593156138907445,11.734660918884247,1.206367010352586,139.9385732009,3.290091846416144,1.645045923208072,4.715798313196474,4.49645885676873,0.5483486410693573,8.005890159612617,124.58481125095798,0.4386789128554859,147.06710553480164,6.1415047799768026,MGS1,6
396.00466597755207,11.115526490438803,62.87570540046191,8.084019265773675,9.31907776471132,0.6736682721478062,154.83142454863747,3.7051754968129345,0,9.76818994614319,2.9192291793071603,1.3473365442956124,7.859463175057739,144.2772882849885,1.122780453579677,102.62213345718249,6.624404676120094,MGS1,9
281.275964719117,14.560711402879514,133.1265042548984,10.053824540083474,13.867344193218585,1.6178568225421683,152.6563473270146,2.4267852338132525,0.11556120161015487,5.893621282117898,3.3512748466944915,0.23112240322030975,7.164794499829602,108.8586519167659,0.3466836048304646,94.760185320327,6.702549693388983,MGS1,17
366.79367217300995,16.01763083644839,84.92366537815089,9.570282575236458,17.931687351495682,1.007398165814364,181.13019021342265,3.425153763768838,0.40295926632574564,11.887298356609497,3.92885284667602,0.503699082907182,3.3244139471874017,102.85535272964657,0.30221944974430925,74.84968372000725,5.641429728560439,MGS1,18
535.1170484296053,9.499804713407151,34.40782926685274,3.359687032790334,5.908415126631278,0.34755383097831044,203.31899112231162,4.286497248732496,0,9.036399605436072,3.127984478804794,0.11585127699277015,6.603522788587898,153.2712394614349,1.0426614929349314,106.58317483334854,3.4755383097831043,MGS1,32
428.29888820472655,8.49369103190808,166.62091768977126,5.4817438574725905,7.650345823066143,1.987885135127423,151.4407039306164,3.5540976658338774,0.5421504913983881,8.37321314493066,3.915531326766136,0.12047788697741957,5.4817438574725905,139.21219840240832,0.7831062653532272,134.1521271493567,8.192496314464531,MGS1,35
251.29628472826394,11.31191253192755,166.6717238881477,11.025534999473688,15.178009220054689,2.1478314934039653,182.85205447179092,5.011606817942586,3.7229079219002066,6.443494480211896,5.011606817942586,0.7159438311346551,10.595968700792897,69.16017408760769,1.8614539609501033,81.47440798312375,8.304948441161999,MGS1,41
368.0830828135847,14.229530339183638,114.0247133139881,9.23505942543044,10.08317712776589,3.0155296083038174,149.64565681207694,3.6751767101202777,0.8481177023354487,13.192942036329201,4.2405885116772435,0.47117650129747146,10.74282422958235,117.04024292229191,1.8847060051898858,120.43271373163371,9.706235926727912,MGS1,42
452.5725725565736,6.835280291749995,140.74901107800693,7.316638058774642,8.183082039419007,0.385086213619718,192.9281930234787,2.9844181555528144,0.385086213619718,8.760711359848585,2.888146602147885,0.385086213619718,5.391206990676052,160.4846795260175,0.4813577670246475,151.05006729233438,3.4657759225774623,MGS1,43
495.83509593583864,5.523275448181122,74.80646747361098,6.007773294512799,5.038777601849445,0.3875982770653419,211.82245841620934,3.100786216522735,0.3875982770653419,5.3294763096484505,3.488384493588077,0.48449784633167736,5.620175017447457,146.89974700776457,1.1627948311960257,110.56240853288877,4.651179324784103,MGS1,81
357.02754465858413,14.683969672222284,20.896418379700943,9.88344112553423,9.695185104095483,0.6588960750356153,202.37522304665328,3.9533764502136917,0.8471520964743625,11.48361730776358,1.8825602143874722,0.28238403215812086,6.212448707478659,136.86212758596923,0.7530240857549889,105.70575603785657,1.8825602143874722,MGS1,89
334.70161288567925,11.182879211303469,51.79438792603712,3.0409583820211186,23.640999034422244,1.961908633562012,129.9764469734833,3.7276264037678226,0.1961908633562012,16.0876507952085,4.512389857192628,0.2942862950343018,11.37907007465967,117.02784999197402,1.3733360434934083,80.2420631126863,8.24001626096045,MGS1,99
309.80724401350614,21.381975908909446,106.63219154573022,8.793453295871851,32.58205852786202,0.9256266627233527,168.18636461683317,9.071141294688855,0.6479386639063469,11.755458616586578,2.8694426544423934,0.37025066508934107,6.757074637880475,107.37269287590891,1.388439994085029,105.7991275492792,4.165319982255087,MGS1,109
313.74958538526386,8.83718113845072,49.049320815427826,11.743368224249952,6.108923874231035,0.8303391673712087,192.34213712748783,3.7365262531704393,0.11861988105302981,7.473052506340879,2.728257264219686,0.9489590484242385,6.16823381475755,123.06812659251842,1.364128632109843,87.18561257397691,7.413742565814363,MGS1,115
416.7986214432324,8.289120876086766,103.79420923099951,8.649517435916625,6.397038936980005,1.5316853792769025,151.63685254841334,3.694064738256059,0.9009913995746486,8.199021736129302,4.144560438043383,0.5405948397447891,9.190112275661415,140.10416263385784,0.8108922596171837,149.02397748964685,4.3247587179583125,MGS1,117
344.0956062272411,10.677641434478954,39.72541867021202,5.281414042860558,7.922121064290836,1.3777601850940584,237.6636319287251,2.755520370188117,1.0333201388205437,9.529507946900571,3.6740271602508225,0.4592533950313528,8.381374459322188,122.04658972958201,0.9185067900627056,118.02812252305768,4.133280555282175,MGS1,119
217.42706364524733,13.618290388915383,104.98887120343313,10.359212347123668,11.406773146271005,0.9311651547976331,213.12042480430827,1.745934665245562,0.23279128869940827,9.078860259276922,4.190243196589349,0.11639564434970413,8.96246461492722,115.4644791949065,0.8147695104479289,108.94632311132307,5.703386573135503,MGS1,120
446.5992592398503,8.90458645723628,33.791763991563315,9.05680161035143,6.8496818901817536,1.2938288014787755,140.2662635956108,3.1965182154181515,0,10.350630411830204,3.5009485216484517,0.3805378827878752,5.631960665260553,157.6187910507379,1.5221515311515008,110.66041631471411,5.784175818375703,MGS1,126
452.0511678642302,15.775143944230171,100.92699620233282,12.043389462799379,17.13214557384137,2.714003259222395,113.73369908178849,2.289940249968896,1.1873764259097979,11.788951657247278,4.071004888833593,0,3.9861922869828925,108.0512547577916,1.102563824059098,128.99996741491447,6.191319935101089,MGS1,137
382.342097922751,8.124769580858459,68.15247895473037,5.926302517802641,7.360085385012957,1.9117104896137551,203.21482504594218,1.0514407692875654,0.6690986713648143,3.3454933568240715,2.9631512589013207,0.2867565734420633,6.308644615725392,123.59208315352927,0.38234209792275103,97.01930734789808,4.874861748515076,MGS1,139
442.1582506636718,14.327445461419408,91.942348689506,8.444653285207467,8.254885795652243,0.5693024686656719,226.01308006027173,1.5181399164417917,0.3795349791104479,6.072559665767167,3.3209310672164194,0.09488374477761198,7.780467071764183,143.55910584852694,0.5693024686656719,117.84561101379408,5.313489707546271,MGS1,142
395.6324269764768,5.273843349365079,173.09507278808957,6.874831508993765,12.337026406550454,1.1301092891496598,182.7951775199575,3.9553825120238097,2.3543943523951247,6.21560109032313,3.8612067379280046,0.847581966862245,6.403952638514739,125.63048264380386,0.18835154819160999,131.56355641183958,7.2515346053769845,MGS1,145
567.1824504927625,15.358556321084682,30.626768193221807,7.317900364752114,6.685489222119215,0.36137779579022783,234.35350056996273,5.239978038958304,0.18068889789511391,8.763411547913025,3.0717112642169364,0.09034444894755696,4.788255794220519,193.0660874009292,0.9034444894755695,118.8029503660374,3.0717112642169364,MGS1,149
339.6164808960323,11.453341731097863,51.70602824981137,6.722613624774833,7.220585004387783,0.9129475292904093,148.31247589472378,2.8218378178067196,0.33198091974196703,6.556623164903849,3.8177805770326207,0.24898568980647529,5.726670865548932,125.98675904207649,1.0789379891613928,81.16933487691094,6.058651785290898,MGS1,153
447.5157623294835,7.842318021529533,108.28154699451329,12.015294583444332,17.41138496523071,1.151165948114427,194.97873246188107,4.748559535972011,0.07194787175715169,8.13010950855814,3.741289331371888,0.14389574351430337,5.755829740572135,161.37907635129122,1.151165948114427,133.67914572478784,2.8059669985289157,MGS1,162
267.43825735028196,12.17371278977986,117.42360761795534,3.0673921989996495,2.7798241803434323,1.7254081119373028,121.35370387292363,3.8342402487495617,0.09585600621873905,8.435328547249036,4.02595226118704,0.6709920435311734,6.709920435311734,75.24696488171016,0.9585600621873904,59.81414788049317,15.432817001216987,MGS1,163
372.3024133615257,13.149591947851835,87.78638199822873,3.819993191554723,4.113838821674317,1.98345800330726,169.6223899865357,6.46460386263107,0.07346140752989852,7.125756530400157,3.673070376494926,1.542689558127869,9.696905793946605,98.9525159427733,0.7346140752989851,82.71754487866573,15.573818396338487,MGS1,172
239.24563904944247,5.554625118892528,200.87338185056245,4.477708004005201,14.566720975054896,2.6072730149903705,161.99100601831475,2.097154381622689,0.9068775704314332,4.5910677003091305,3.4007908891178746,0.7368380259755395,10.825850997025235,71.18988927886751,0.6234783296716103,96.46910155464371,12.582926289736136,MGS1,173
245.7687096518651,8.363655745255478,81.33463385294317,5.447885852414118,3.452885399417399,1.3811541597669597,147.32311037514236,5.217693492452958,0,10.128463838291037,3.913270119339719,0.38365393326859987,10.588848558213357,77.34463294694973,1.4578849464206796,67.9834769751959,11.970002717980316,MGS1,177
306.8928706094772,15.642314439585373,74.12589305325905,6.945654545935296,11.381534760146073,3.385277005581909,114.51574974054664,5.895051337306428,0.11673368984765203,10.856233155831639,2.743241711419823,0.5836684492382602,5.953418182230254,101.79177754715258,1.0506032086288684,82.00541711797555,7.062388235782948,MGS1,189
602.7481636576688,12.982962880807627,38.94888864242288,6.096347787509668,6.096347787509668,0.11289532939832718,135.0228139603993,7.112405752094612,0,8.692940363671193,2.9352785643565067,0.22579065879665436,4.515813175933087,125.65250162033816,1.5805346115765806,88.39704291889018,4.741603834729742,MGS1,217
260.28625949734715,3.0771714331117277,793.4857923037758,3.2893901526366744,7.639873902898082,8.17042070171045,65.78780305273348,1.485531036674627,9.337623659097655,3.183280792874201,5.623796067411088,0.3183280792874201,7.958201982185503,68.01609960774543,0.5305467988123668,139.63991744741494,33.00001088612922,MGS1,218
313.46047400081403,7.808950847030831,60.542336566980204,3.9504104284979498,4.042280438463019,0.7349600797205488,154.06600671142004,4.409760478323292,0,6.430900697554802,3.4910603786726067,0.5512200597904116,7.441470807170556,111.89767213745355,0.7349600797205488,85.714719297409,5.4203305879390475,MGS1,229
427.15528993046775,9.166422530696734,190.17914534740274,4.4384782780215755,4.727944252675157,1.3508412150500448,166.73240140046266,2.508705113664369,0.6754206075250224,10.227797771093197,6.078785467725202,1.1578638986143241,9.648865821786035,117.71616302578963,2.0262618225750675,134.11923492282588,19.29773164357207,MGS1,237
234.04390527062046,4.406684408861055,178.59312645911885,6.6100266132915815,9.792632019691233,1.1016711022152637,129.75237426090882,3.5498291071380716,0.2448158004922808,11.016711022152636,4.773908109599476,0.4896316009845616,10.037447820183512,85.56312227205214,0.7344474014768424,80.42199046171424,12.730421625598602,MGS1,243
369.5399079239392,11.882312151895151,39.211630101253995,6.865335909983865,5.149001932487899,0.5281027623064511,99.1512936230362,2.1124110492258046,0,11.222183699012087,1.5843082869193534,0.1320256905766128,4.488873479604835,128.32897124046764,0.7921541434596767,87.53303285229428,5.941156075947576,MGS1,246
372.2306778693927,17.659391582347663,78.69415511580733,17.903530636481502,5.371059190944451,2.6855295954722256,121.0115911656727,8.544866894684354,0,10.091080904198664,3.5807061272963003,0.48827810826767737,6.998652885170042,104.57289485399423,1.464834324803032,89.5990328671188,7.32417162401516,MGS1,251
287.89229163408487,16.662576364673722,43.78554789161483,8.331288182336861,14.163189909972663,1.8513973738526357,168.47716102058985,4.906203040709484,0,13.607770697816873,3.425085141627376,0.4628493434631589,7.868438838873701,108.0290367643013,1.1108384243115814,91.08875079354968,7.127879889332648,MGS1,254
254.63478364916466,11.174264292176934,80.98869429462752,8.20764545354589,8.60319463203003,1.5821967139365571,127.76238465037699,3.362168017115184,0.09888729462103482,13.844221246944874,3.955491784841393,1.0877602408313831,9.690954872861413,70.30886647555576,1.5821967139365571,64.37562879829368,12.064249943766248,MGS1,264
311.330656012797,15.63383074756646,86.96965448977369,9.835853781581548,9.21464196379745,0.6212118177840977,148.88376566225543,4.659088633380733,0.20707060592803259,9.421712569725482,3.9343415126326193,0.5176765148200815,7.868683025265239,110.26509765667736,0.7247471207481141,73.30299449852353,4.76262393634475,MGS1,265
350.9183058147598,15.216534793274407,63.47171019934325,5.106919211441411,6.8787075092884304,1.1464512515480718,129.75743710703176,5.628033416690535,0,11.047621151281419,4.273136483042813,0.20844568209964942,6.4618161450891325,130.07010563018125,1.042228410498247,99.22014467943312,4.690027847242112,MGS1,266
376.6338907552537,4.356438273720074,132.67334742692952,11.617168729920197,4.620464835763714,1.3201328102182042,148.51494114954798,2.2442257773709473,0,3.432345306567331,2.3762390583927675,0.39603984306546125,8.844889828461968,91.74923031016519,1.0561062481745633,80.52810142331046,8.712876547440148,MGS1,286
273.3322808071997,11.516149406322258,99.17989896873455,4.347933959529832,22.56225189810075,0.9400938290875313,207.4082010424366,5.405539517253304,0.35253518590782423,11.6336611349582,4.465445688165773,0.4700469145437656,7.050703718156484,92.83426562239372,1.2926290149953554,92.12919525057806,5.758074703161129,MGS1,288
306.19682540036,10.25335193686675,84.77324904945188,3.967070689859159,19.102971168091027,1.8919875597789835,176.19897048651373,3.4177839789555833,0.6713504244377039,12.328435066946925,2.9905609815861354,0.9154778515059597,7.079695384979422,97.9561301111377,0.9765097082730237,81.59959249756454,7.567950239115934,MGS1,291
324.3490633510486,11.903564487136633,79.81847504940455,5.628817315622749,4.9828874597316135,0.5536541621924016,120.14295319575113,4.8906117660328805,0.18455138739746718,7.935709658091088,3.414200666853143,0.18455138739746718,6.182471477815151,94.12120757270826,0.9227569369873359,82.77129724776402,9.22756936987336,MGS1,292
279.552785693535,8.996914819362825,86.4838568672084,2.593705173149643,3.4042380397589063,2.4315985998277903,140.3842924967244,6.078996499569476,0.1621065733218527,14.751698172288595,3.32318475309798,2.350545313166864,8.024275379431709,91.10389420688121,1.2968525865748215,88.83440218037528,9.96955425929394,MGS1,293
182.25019059925364,12.454659042918513,99.81647607058434,5.1073062262327715,15.053113087843958,2.0608428632167324,153.66719610507374,2.7776577721616826,0.2688055908543564,9.049788225429998,4.211287590051583,0.8064167725630692,9.766603134374948,62.09409148735632,0.7168149089449504,62.54210080544692,14.784307496989602,MGS1,295
336.5031923456738,19.146264274353083,187.43584906678197,6.989906004922554,6.3061108522670875,0.9877041093912305,124.14680882655928,1.975408218782461,8.50945078860137,4.482657111852507,2.279317175518224,0.9877041093912305,5.850247417163442,115.10551736367033,0.45586343510364485,153.62597762992831,4.862543307772212,MGS1,307
315.04085322117777,105.33443327320438,155.38165639184362,9.410588962479174,9.196711940604647,1.8179546859334768,99.4528151716549,3.422032349992427,2.4595857515570567,9.30365045154191,1.9248931968707401,0.5346925546863167,6.523249167173064,75.49858872170792,1.0693851093726334,80.52469873575929,3.2081553281179,MGS1,308
364.2870800178113,4.679990016287551,153.52038678428983,1.8385675063986806,4.094991264251607,4.679990016287551,141.06827049095332,3.259278761343116,1.0864262537810385,9.5271225331568,3.259278761343116,0.3342850011633965,7.437841275885572,114.57618414875415,0.668570002326793,126.86115794150896,6.936413774140477,MGS1,311
356.85988183644463,14.460055241997006,79.8873422320205,6.694470019443059,5.0877972147767245,2.1422304062217785,187.8021989454426,2.856307208295705,0.08925960025924078,6.87298921996154,3.570384010369631,0.6248172018146855,6.87298921996154,108.53967391523679,0.8033364023331669,109.61078911834767,4.820018413999002,MGS1,313
292.7514862975065,11.082788690634422,66.49673214380653,3.3926904155003332,13.344582300967977,1.960221128955748,211.62848880687633,5.4283046648005335,0.5277518424111629,11.233574931323325,4.749766581700467,0.6031449627556148,8.896388200645319,82.17850117545251,0.7539312034445185,84.66647414681943,6.483808349622859,MGS1,314
302.6776649709794,12.851118736198007,87.33687930587199,13.27385290515189,12.005650398290243,1.5218430082339744,153.70614383163144,4.734622692283477,0.33818733516310545,10.145620054893163,3.8891543543757128,0.16909366758155273,6.002825199145121,89.19690964926906,0.5072810027446581,94.10062600913409,3.72006068679416,MGS1,315
382.14997786072814,8.330919007971842,237.3899495538907,7.01116946215452,3.381858211156886,1.1547808525901562,165.2161462670059,2.3095617051803123,0,3.4643425577704687,3.794279944224799,0.7423591195222433,6.9286851155409375,140.96574836261263,0.4949060796814955,114.40578875303905,11.877745912355893,MGS1,316
202.27297339332338,8.911125781894398,121.97702279947924,4.790927839728171,13.127142280855189,3.4494680446042834,114.98226815347611,1.9163711358912685,0.4790927839728171,10.444222690607413,2.3954639198640857,0.8623670111510708,9.390218565867215,75.21756708373229,0.4790927839728171,70.90573202797694,9.102762895483526,MGS1,317
292.68540819877785,17.444323370230347,205.08456692653414,2.0478118738966056,7.432798653402495,0.9859834948391064,130.529045739854,4.171468632011604,0,7.963712842931245,2.8821056002989267,0.5309141895287497,9.404765643080708,102.69397323170386,0.758448842183928,93.59258712549672,11.149197980103743,MGS1,318
290.87454048199135,10.62996659568739,272.9278436321295,12.424636280673575,6.4884211687962,1.794669684986183,108.02530988474524,2.7610302845941277,0,11.596327195295336,3.658365127087219,0.4141545426891191,7.730884796863557,98.98293570269948,0.6902575711485319,73.16730254174438,15.668846865071673,MGS1,319
323.7224230719825,21.846817983931857,202.80282585859223,7.366950250395626,6.266141592290532,2.963715617975252,141.41157377196203,3.979846686995338,0.1693551781700144,12.108895239156029,5.758076057780489,0.9314534799350791,9.399212388435798,94.58486700795304,0.9314534799350791,69.68965581696092,15.241966035301294,MGS1,320
331.7563967085828,7.118037960512295,63.78320290106115,7.9554541911608,2.4424640060581404,6.838899216962793,150.73492151673094,2.0237558907338875,0.7676315447611298,2.9309568072697685,2.5122486919455156,0.7676315447611298,8.164808248822926,99.30360801773524,0.4884928012116281,68.80770028495218,11.723827229079074,MGS1,321
325.9053400956241,10.59994513320859,367.674853620538,12.089667151929799,7.849689098646362,8.422659105846826,146.73761884403893,3.7243050468030185,0.5729700072004644,3.3232260417626933,3.4378200432027866,0.2864850036002322,7.448610093606037,95.45680319959737,0.5156730064804179,140.37765176411378,10.94372713752887,MGS1,322
377.1408718825163,6.784126011977508,78.13051790460763,9.38470764990222,4.579285058084818,1.5829627361280854,227.94663400244428,2.5440472544915655,0.1696031502994377,6.218782177646049,4.466216291218526,0.39574068403202134,7.914813680640426,120.19209917886819,0.565343834331459,102.55337154772667,5.596903959881444,MGS1,324
306.07913947097734,7.735070059681164,145.27428455838688,2.7797908026979186,18.79380303563158,1.148174461983923,147.20805207330716,3.867535029840582,0.12086046968251819,10.69615156690286,2.7797908026979186,0.48344187873007277,7.674639824839905,97.47396879895092,1.208604696825182,86.59652652752429,11.602605089521747,MGS1,335
414.8966685330722,4.882333927332058,136.50191938499214,1.9325905129022731,7.628646761456341,0.9154376113747609,137.6207875766724,1.4240140621385171,0.6102917409165073,8.950945533442107,4.3737574765683025,0.508576450763756,7.120070310692585,108.6319298831383,0.6102917409165073,110.36108981573507,7.425216181150839,MGS1,347
337.42056305863974,11.442146877115857,211.2131919247867,10.509096273402546,5.450979842746181,3.43755485578588,156.99804105639225,2.750043884628704,1.031266456735764,6.678678005526852,4.321497532987963,0.6384030446459491,9.52693774317801,108.92138100190117,0.8348347506908566,109.11781270794607,9.82158530224537,MGS1,348
264.141504864086,9.466180822047148,187.99133914006228,6.941865936167909,12.831934003219468,3.8565921867599497,119.69459750544061,2.6645546017614197,0.35059928970544996,6.941865936167909,3.7163524708777693,0.6310787214698099,7.853424089402079,74.2569295596143,0.9816780111752599,72.36369339520488,12.481334713514018,MGS1,349
242.28135211890535,10.038659375503993,235.6265105104252,5.5832993155893,6.8804294596150966,3.1018329531051663,122.32501227791101,1.8610997718631,0.7331605161884939,10.151453301071454,2.086687622998021,0.7895574789722242,9.192704933748038,87.64088016591688,0.6203665906210333,88.54323157045657,18.78018860698219,MGS1,350
216.40943974195156,12.534352892855349,269.5525379764556,11.511140411805933,12.470402112789762,3.6451944637385454,118.75659858179787,4.028899144132077,0.5755570205902967,9.592617009838278,3.837046803935311,0.7034585807214737,9.272863109510336,62.54386290414557,1.342966381377359,69.77030105155707,19.5049879200045,MGS1,351
326.13741297826755,9.451701742824813,87.91156677843306,10.310947355808887,8.216536174160206,0.3759199556805323,119.75735730965529,3.329576750313286,0,4.618445169789397,2.4703311373292123,1.0203541654185877,7.67950766604516,99.35027400128354,0.5370285081150462,79.85613915670737,17.34602081211599,MGS1,352
256.21998654893036,12.537950624947658,222.1724850740725,3.900695749983716,10.81049964995487,5.07090447497883,138.53042334942168,7.0212523499706885,0.8358633749965105,10.531878524956033,4.012144199983251,1.1702087249951147,10.14180894995766,81.02302314966175,1.2259329499948821,77.40094852467688,21.063757049912066,MGS1,353
266.1276169629216,9.313475798404552,535.8220969975725,9.709793917485596,15.588512683854429,2.1797496549457462,106.27930893356684,6.869514064071443,0.330265099234204,7.199779163305647,4.227393270197811,0.46237113892788556,8.454786540395622,83.95338822533465,1.2550073770899752,80.58468421314578,17.768262338800174,MGS1,354
325.1533978572084,11.752532452670183,155.14286816034897,7.97661841165165,6.513451720756969,0.7079838826909749,131.6378032550086,3.303924785891216,0.18879570205092663,12.602113111899353,3.445521562429411,0.4719892551273166,7.97661841165165,115.59016858067983,0.8967795847419016,84.95806592291699,11.327742123055598,MGS1,355
275.9342626243785,13.727543339199702,85.66412703919194,5.427168296892905,4.2033950534758775,4.150187521153398,103.54185789954504,4.895092973668111,0.10641506464495892,13.142260483652427,3.458489600961165,0.7449054525147125,10.322261270561016,95.61393558349559,1.3301883080619865,85.07884418364466,19.52716436234996,MGS1,356
324.1584733068519,9.365384783109494,155.58154721088098,6.316189737445939,7.1147884398816315,1.4519976407921698,133.29338342472118,1.5245975228317783,0.29039952815843395,7.985987024356934,5.154591624812203,0.07259988203960849,6.461389501525155,102.07543414768953,1.2341979946733443,94.23464688741181,10.817382423901664,MGS1,375
273.42983723400073,3.686031777217589,103.57749293981425,5.971371479092494,5.234165123648976,1.7692952530644428,115.07791208473313,4.275796861572403,0.07372063554435178,6.929739741169067,4.791841310382866,0.4423238132661107,7.88810800324564,73.42575300217437,1.4744127108870355,64.80043864348521,13.859479482338134,MGS1,376
235.6464350707444,9.878627845760464,120.87598794604123,8.643799365040406,5.968337656813613,0.8918205694089307,140.83904838434884,5.007915505142457,0,10.839049997431621,4.802110758355781,0.5488126580978036,7.889181960155926,85.61477466325735,0.9604221516711562,70.72823131235444,16.670184489720782,MGS1,377
194.57385586366146,8.73139163817995,329.14943340625155,10.013063805252237,19.225082506084295,0.4806270626521074,137.69965344982876,2.0827172714924655,0.4005225522100895,3.6047029698908055,4.405748074310984,0.3204180417680716,7.289510450223629,78.2621067018515,0.1602090208840358,102.29345983445685,12.9769306916069,MGS1,379
245.50738674287183,15.775318555018039,129.71527119531027,12.773537291512582,10.410432892582755,4.59847342494453,117.00560159025525,2.746310517675205,2.3631043989298277,7.919593120737801,3.576590441623523,0.702544551033192,9.19694684988906,76.25801763033012,1.0218829833210066,72.29822106996122,13.029008037342834,MGS1,384
263.112903527299,6.170416859629983,274.8999818873614,5.695769408889214,11.470646726235223,1.1866186268519197,133.21771784124218,2.5314530706174287,0,4.667366598950884,4.271827056666911,0.3164316338271786,5.774877317346009,96.43254040883268,0.47464745074076786,129.18321450994566,9.88848855709933,MGS1,386
406.95184867747156,7.11578682772288,79.34102312911013,4.981050779406017,15.939362494099253,1.7077888386534914,80.19491754843686,4.055998491802042,0.07115786827722881,12.808416289901185,2.9886304676436097,0.42694720966337285,4.482945701465415,113.63911563873441,1.138525892435661,82.61428506986265,5.692629462178305,MGS1,389
242.62350230052144,9.145100873339876,67.43517861384535,11.133166280587677,31.252388201935407,0.8747487791890317,86.28203867455449,2.4652011049872713,0,11.68982459461706,2.1471106398276234,0.23856784886973592,7.316080698671902,75.14887239396681,1.1928392443486797,63.85666088079932,10.49698535026838,MGS1,394
358.8208643772233,8.271758167461552,128.9460365943805,8.338465894618501,6.537357261380905,1.4008622702959082,256.29108773699426,1.6676931789237002,0.133415454313896,4.202586810887724,4.936371809614152,0.46695409009863603,9.205666347658825,108.33334890288356,1.1340313616681161,94.52484938139533,7.604680895892073,MGS1,396
320.9761487476917,10.645975082842178,53.096800725675365,5.123375508617799,7.052958492382944,1.197672196819745,155.23162417669252,4.258390033136871,0,6.919883803847416,5.256450197153326,0.3992240656065817,7.585257246525052,88.89389194173219,0.9315228197486907,79.44558905570976,8.716392099077034,MGS1,404
490.9078195347015,14.434088661675066,137.34704984253696,16.88937178453732,4.092138538103756,2.7528931983607086,143.3736538713807,5.505786396721417,0.1488050377492275,9.672327453699786,5.728993953345258,0.9672327453699787,6.621824179840623,115.47270929340053,0.8184277076207511,89.8038402816588,10.11874256694747,MGS1,405
365.6713327811547,19.486836943139867,69.01355433157845,17.19755237388848,2.959319077324966,1.6192500611778113,127.25072032497351,2.7918104503065715,0.16750862701839428,11.055569383214022,4.2435518844659885,0.5583620900613142,8.040414096882925,84.64769285329524,1.8425948972023372,83.08427900112356,10.106353830109787,MGS1,406
425.6065758501316,6.558783057806422,17.72819578991241,5.195075689351621,4.415814335948879,0.12987689223379054,315.40603278976033,4.220998997598192,0,6.753598396157108,3.5716145364292395,0.06493844611689527,7.078290626741584,147.60508802370293,1.1039535839872197,98.51162275933012,1.7533380451561722,MGS1,413
383.05323018399883,22.423022984143635,25.82290372542173,15.299463335751433,7.0426101069332,0.5666467902130161,147.4091149968432,5.909316526507167,0.0809495414590023,10.280591765293291,2.995133033983085,0.5666467902130161,4.695073404622133,119.40057365202838,1.6189908291800459,89.20639468782053,2.428486243770069,MGS1,414
495.3477382394208,11.163707460996392,53.14459539815648,4.679398336944596,7.420188791440716,0.6016369290357337,177.9508338992359,3.5429730265437653,0.2673941906825483,9.492493769230466,3.6766701218850395,0.4679398336944596,6.41746057638116,170.33009946478327,1.0027282150595562,113.97677377843623,1.9386078824484754,MGS1,415
372.76308930331845,4.602013448189117,73.72425543998965,3.589570489587511,4.233852372333987,1.9328456482394292,135.66735645261517,4.878134255080464,0.09204026896378234,9.01994635845067,2.485087262022123,1.1965234965291704,7.731382592957717,108.79159791519072,1.2885637654929527,83.75664475704193,9.756268510160927,MGS1,425
292.9812661669417,5.9117881600451145,188.7715101692837,8.664826763987692,6.520354588285053,3.0428321411996913,157.3578907306126,3.709357276891052,1.4489676862855672,3.361605032182516,4.636696596113815,0.8114219043199177,10.14277380399897,93.63229188777335,0.23183482980569076,107.89013392082333,10.577464109884641,MGS1,447
172.2160531640954,11.87268970888671,242.74893105138403,5.832924212379882,18.491610800948987,3.9713526552373666,150.74592787171838,3.1853557755549713,0.5791555955554493,5.791555955554493,5.874292469205272,1.1583111911108985,11.252165856505872,54.68883552316457,0.9101016501585631,64.74132193173415,18.90529336920288,MGS1,452
552.9580522280289,9.890958633037016,32.30155409437764,6.593972422024677,11.13846692909574,0.26732320629829776,186.23516705448077,2.3613549889682965,0.08910773543276591,9.579081559022336,2.4950165921174454,0.26732320629829776,6.683080157457444,164.27011027030397,1.069292825193191,125.06270667988696,2.5395704598338287,MGS1,466
379.7290432468423,10.040167293290102,47.65980647246968,7.437160957992668,4.524272916112206,0.6817397544826612,162.4399905908232,3.966485844262756,0.061976341316605565,9.482380221440652,3.7805568203129396,0.7437160957992668,5.763799742444317,131.82367798042003,0.8056924371158724,114.03646802255425,6.197634131660557,MGS1,468
372.1593332753397,14.67850383570056,72.84549419083694,9.664108115430183,4.0115165762163025,4.0115165762163025,131.1948262085286,2.0057582881081513,0,8.934741465209036,3.3733207572727997,0.7293666502211459,8.570058140098464,119.52495980499029,2.0057582881081513,95.00000619130425,8.75239980265375,MGS1,480
740.6806474464615,16.61927468497215,83.18620734207681,5.390035032963941,7.456215128933452,0.6288374205124597,228.26798364602288,3.6831906058586927,2.784851433698036,5.030699364099678,3.8628584402908244,0.08983391721606568,4.401861943587218,179.12883092883496,1.2576748410249194,202.12631373614778,1.7966783443213137,MGS1,490
405.3875276700781,16.15639235428744,89.25421629868549,9.45740040250972,16.94450905449658,0.5910875251568575,237.91272887563517,2.462864688153573,0.8866312877352863,5.221273138885575,1.8717771629967155,0,7.093050301882291,117.33087374363622,0.49257293763071464,163.53421529339724,1.5762334004182867,MGS1,491
682.5817666111006,29.179941405839173,84.39296779139761,8.963772850159746,7.247305708639795,2.956137854839916,96.69431563895725,2.193263569719938,2.193263569719938,8.582335707599757,1.8118264271599487,0.1907185712799946,3.5282935686798997,135.21946703751615,0.667514999479981,123.58563418943649,2.4793414266399294,MGS1,495
415.6928091234566,6.595745036401595,45.84847159449889,3.2174366031227293,5.630514055464776,0.8043591507806823,130.6279260867828,1.4478464714052282,0,9.813181639524323,1.045666896014887,0.24130774523420467,5.389206310230572,115.98858954257439,0.8847950658587506,97.64920090477483,4.343539414215685,MGS1,499
379.1408971799568,19.891447368851356,55.214693764071384,6.7248665481881815,14.086825716731033,0.5663045514263731,272.3924892360855,1.982065929992306,0.07078806892829664,12.741852407093395,7.008018823901367,0.3539403446414832,6.512502341403291,102.78427608388672,1.0618210339244496,81.54785540539774,3.6809795842714257,MGS1,501
334.33672154414455,10.264380248953113,81.40985556230751,3.447578098885015,7.208572388577759,0.8618945247212537,110.16579106891662,3.2125159557792187,0,14.652206920261314,2.507329526461829,0.47012428621159297,7.443634531683555,90.34221700032778,0.23506214310579648,72.47749412428725,10.029318105847317,MGS1,503
219.59187394966435,9.614137527141372,156.0225335762382,11.230307197652206,4.1440247961816254,1.3260879347781203,211.3038243573011,3.356660084907117,0.12432074388544878,11.271747445614022,6.42323843408152,0.7459244633126927,12.51495488446851,63.23781838973161,1.2017671908926715,72.10603145356029,19.518356790015456,MGS1,506
347.0495432891615,8.384066565550754,59.78940399271548,4.742502299705476,8.299379024484585,0.5081252463970154,139.64975521811306,3.387501642646769,0,6.775003285293538,2.7100013141174153,0.7621878695955231,7.452503613822892,99.76192337594735,0.5928127874631846,74.10159843289807,8.722816729815431,MGS1,517
435.472771785172,13.935128697125503,180.53733400942596,4.954712425644623,12.92870273566644,0.46450428990418346,175.04069991222647,3.4063647926306784,0,12.61903320906365,5.574051478850201,0.5419216715548807,6.425642677007871,121.70012395489606,1.0838433431097614,113.88096840817563,5.341799333898109,MGS1,518
430.05303155248583,19.069194648588056,89.59675336381373,6.489218477429965,14.57228008966729,1.0815364129049942,116.57824071733832,3.5292240842162967,0.4553837528021028,13.035359923960193,5.350759095424708,0.2276918764010514,8.310753488638376,108.60902504330151,0.7969215674036799,86.18137521779795,5.0661442499233935,MGS1,526
305.90714796310266,17.508199247490772,62.445910649383755,29.666670947137142,3.0153009815122997,0.8754099623745386,332.07217906074163,3.1125687551094705,2.7234976607207866,10.893990642883146,4.377049811872693,0.7781421887773676,12.061203926049199,138.80111292316295,1.1672132831660513,70.22733253715742,13.909291624395447,MGS4,11
515.9283273940603,21.48648105266787,54.51667937676906,10.701110171328704,10.448328041297316,0.6740856800836978,206.354478815622,4.9713818906172715,0,18.031791942238918,2.949124850366178,0.5898249700732356,7.5834639009416005,144.5913783779532,1.3481713601673957,109.87596585364275,8.004767450993912,MGS4,33
354.3804053882777,15.587328535857164,85.05414429383248,18.861379278548625,4.199325952582524,1.4235003229093302,154.0227349387895,3.5587508072733254,1.0676252421819976,6.334576436946519,4.056975920291591,0.6405751453091986,7.188676630692117,129.96557948162183,1.4235003229093302,96.15744681252525,8.96805203432878,MGS4,46
233.96491049270142,13.457380189993728,327.2870044899782,8.795673326793287,20.054135185088693,0.8795673326793286,116.54267158001105,6.2449280620232335,0,23.132620849466342,4.133966463592845,0.35182693307173146,9.587283926204682,88.04469000120079,1.4952644655548588,92.26661319806158,8.355889660453622,MGS4,47
362.3465205201279,16.43395594415878,155.36750781802004,10.65986331513002,7.639568709176514,1.3324829143912524,213.10843410830765,5.152267268979509,2.9314624116607555,6.573582377663512,3.286791188831756,0.35532877717100064,5.951757017614261,150.30407274333328,0.7994897486347514,153.76852832075053,3.819784354588257,MGS4,60
390.1596198712814,36.41095086810896,41.83805736606558,24.17529258180676,9.27541837832586,1.085421299591324,186.19909021171168,9.27541837832586,0.19734932719842255,15.393247521476958,3.650962553170817,0.7893973087936902,6.808551788345578,126.50091873418886,1.1840959631905352,94.82635171884203,3.3549385623731833,MGS4,73
517.0318871816871,22.057674367819416,107.37675882254491,9.79360741931182,4.235073478621328,0.7058455797702213,135.5223513158825,8.381916259771378,1.323460462069165,6.970225100230936,4.852688360920272,0.4411534873563883,5.999687428046881,152.37441453289654,0.7058455797702213,151.3156461632412,2.7351516216096075,MGS4,94
446.9324004338528,21.864171174187103,39.82769209194646,5.44038062080712,23.403901538566476,0.9238382186276242,160.02930920449623,3.4900554925932465,0.1026486909586249,8.006597894772742,3.182109419717372,0.3079460728758747,6.466867530393369,138.0624893393505,1.7450277462966233,81.81100669402404,4.516542402179495,MGS4,95
375.3421068582112,4.943249799357758,300.6185633795474,11.380970468288794,7.1274764548879315,4.483412608719828,192.44186428197415,3.6786975251034484,3.793656822762931,7.702272943185345,4.023575418081896,0.3448778929784483,5.518046287655173,130.1339249505345,0.9196743812758621,185.77422501772415,7.012517157228449,MGS4,106
342.43051438426136,57.43468881961776,74.49270066493868,50.17596037480035,17.69315058424244,3.9923006446495757,204.06100340492947,7.984601289299151,1.9054162167645703,14.789659206315473,5.3533122280528405,1.8146821112043527,8.07533539485937,113.14542963359139,2.994225483487182,87.73988007673044,7.077260233696975,MGS4,107
409.4998810501539,17.131895081703128,87.68199080010558,7.2572611109992415,5.1157742257863505,1.0707434426064455,120.8750375209054,3.450173315065213,0.23794298724587676,8.09006156635981,3.3312018214422747,0.4758859744917535,6.543432149261611,135.98441721101858,1.546629417098199,99.10325418790767,3.68811630231109,MGS4,116
526.209706485415,15.078317087560585,234.42071097066847,4.476375385369549,5.889967612328354,3.416181215150445,97.6556630124041,2.944983806164177,21.32168275662864,6.950161782547457,4.947572794355817,0.5889967612328353,6.0077669645749205,134.29126156108646,1.0601941702191036,150.5475721711127,11.073139111177305,MGS4,124
320.65489969621785,14.868735412516726,106.545109755977,9.515990664010705,11.470167318227189,2.4639618683599145,162.45155490703988,6.287350974435644,0.16992840471447687,9.77088327108242,6.202386772078405,0.9346062259296228,9.091169652224513,102.55179224518679,0.6797136188579075,100.68257979332755,6.372315176792883,MGS4,125
275.04147119649156,68.70214564179932,156.8893066012163,19.019238059029192,8.073472482200147,5.58932710306164,163.95359502314145,5.8222157323558745,9.858951973455948,9.470804257965556,7.297177051219363,0.6210363447846267,9.858951973455948,100.21974013961913,2.095997663648115,99.5987037948345,7.4524361374155195,MGS4,133
468.0489610058729,10.3600580893257,90.16327782690387,10.872932252163606,2.256646316486786,2.872095311892273,170.88967105759025,3.282394642162598,2.4617959816219486,10.462632921893281,2.0514966513516235,0.30772449770274357,6.667364116892776,177.96733450475335,1.2308979908109743,138.373449133667,5.744190623784546,MGS4,148
400.5178838902006,56.64275854347797,55.59027485432551,27.077534911831528,12.916845275962036,1.6265657014174417,254.31833143338588,7.176025153312242,13.586607623604513,11.768681251432078,5.6451397872722975,0.8611230183974691,9.75939420850465,102.37795885392133,3.06177073207989,118.35657486196325,6.12354146415978,MGS4,150
296.70698240739426,13.071446534092964,199.0424813145974,13.294255281833184,7.204149510267145,2.599435390302578,163.31881209358198,7.649767005747586,0.07426958258007366,6.238644936726187,3.936287876743904,0.5941566606405893,9.952124065729869,121.28222835326028,0.8912349909608839,97.73877067537693,10.397741561210312,MGS4,157
443.42095170126066,29.947993334176868,111.37158263797339,19.93884967341749,7.78488951392396,3.5746941645569206,248.56040090885787,6.196136551898662,0.3177505924050596,10.168018956961907,5.163447126582218,0.5560635367088543,7.149388329113841,130.9926817189858,1.1915647215189735,101.28300132911275,8.182077754430285,MGS4,160
392.31350248764477,11.043108334188485,126.8541675311908,3.11472286348906,4.601295139245202,1.2034156518025914,172.30080567573572,3.5394577994193863,0.07078915598838773,8.211542094652977,3.4686686434309983,0.8494698718606527,9.131801122502017,133.2251915701457,0.9910481838374281,96.69798708013764,9.202590278490405,MGS4,178
470.2201399707845,13.552495825498713,110.82167472496417,6.347371462575347,9.778383063967427,2.9163598611832673,159.6278147547665,6.690472622714555,0,12.9520687952551,3.9456633416008913,0.6862023202784159,9.006405453654208,122.14401300955802,0.9435281903828219,105.07473029263244,6.862023202784159,MGS4,198
273.39962985695854,23.822141389784957,160.00965220235486,4.69612106250241,11.356074569324011,4.952273120457088,108.5230885534648,3.7568968500019286,3.586128811365477,10.075314279550627,3.586128811365477,0.9392242125004822,7.769945757958534,95.11779752050337,0.7684561738640308,85.5547873568621,13.576059071597877,MGS4,203
300.89932127236176,11.234735873845056,209.45379671780898,13.324919292234833,4.006184885247074,0.8709097576624074,145.35483855385579,3.657820982182111,0.6967278061299259,7.2285509885979815,3.309457079117148,0.4354548788312037,10.799280995013852,92.49061626374767,0.9580007334286481,105.20589872561881,11.408917825377538,MGS4,209
351.8612487819978,17.727360625657905,228.52179424711736,10.636416375394742,9.562030882930626,2.363648083421054,108.08318054189,3.223156477392346,0.3223156477392346,10.528977826148331,4.727296166842108,0.5371927462320577,7.305821348755985,108.08318054189,1.9338938864354076,91.10788976095698,6.446312954784692,MGS4,223
199.11702170653916,13.490010989076842,164.77881191616174,12.152158659581618,2.898680047239652,3.010167741364254,152.40367786833093,5.685872400354702,0.33446308237380595,8.138601671095946,5.797360094479304,1.11487694124602,9.253478612341965,69.90278421612545,1.3378523294952238,62.21013332152791,9.587941694715772,MGS4,224
258.5157420026099,6.522846180399804,185.0377982645768,9.112799810852668,13.90901023761723,4.604362009693979,130.0732267738549,2.5899536304528636,1.5347873365646598,13.525313403476064,3.9328925499469407,1.9184841707058249,8.537254559640921,75.5882763258095,0.9592420853529124,67.53064280884503,11.414980815699657,MGS4,226
268.85539035550255,19.280466240633647,98.93410959840297,10.029737488814474,3.408163224354433,0.8763848291197113,117.53294319416572,3.8950436849764944,0.09737609212441237,12.853644160422432,3.3107871322300206,0.4868804606220618,8.374343922699463,81.79591738450638,1.2658891976173607,68.06588839496425,8.6664721990727,MGS4,228
322.86001215725423,21.72339428459341,142.06785030322865,17.63058086865552,8.343042732488774,2.20382260858194,175.99097688532922,6.690175776052318,0.31483180122599147,10.70428124168371,3.9353975153248935,0.7870795030649786,6.768883726358816,112.55236893829195,1.6528669564364553,98.85718558496133,9.917201738618731,MGS4,232
298.00234065170054,3.526654918955036,189.2983890321453,6.742134403884627,6.9495846932349234,2.696853761553851,121.98077013797418,4.771356655056813,0.8298011574011849,7.779385850636108,3.526654918955036,0.5186257233757405,10.372514467514812,81.32051342531612,1.037251446751481,71.67407497052734,9.231537876088181,MGS4,234
376.06593957269956,10.28106161055053,145.29434176893724,8.75164748666698,4.333340017670058,2.6339909911327806,145.12440686628352,3.483665504401419,0.08496745132686388,7.137265911456566,4.58824237165065,0.764707061941775,6.967331008802838,127.53614444162268,1.1045768672492304,105.78447690194554,8.156875327378932,MGS4,249
230.5459218790269,19.642926079378974,172.99559459382886,14.215275452182151,26.53518084407335,2.326135983084352,170.41099905706847,3.1015146441124695,0.08615318455867971,9.735309855130806,3.876893305140587,0.43076592279339854,9.04608437866137,77.79632565648778,1.4646041374975551,76.67633425722494,10.855301254393643,MGS4,253
341.998202199412,17.97222031552921,52.952297905266555,8.591598004496891,8.328589902318415,1.052032408713905,204.70797286224737,4.6464764718197475,0,10.257315984960574,3.506774695713017,0.7013549391426034,6.487533187069081,106.86895885185419,1.227371143499556,93.19253753857342,9.818969147996448,MGS4,270
325.5118708167364,19.77293064946007,54.95226976329111,17.54847595139581,4.7784582402861835,1.647744220788339,202.75492636800513,4.696071029246767,0.16477442207883392,12.522856077991378,4.036973340931431,0.6590976883153357,9.47452926953295,100.18284862393102,1.977293064946007,84.36450410436296,10.957499068242456,MGS4,272
484.67542409044506,13.842798637515457,49.514625895728365,9.760947757222437,11.53566553126288,0.7098871096161773,153.42435156579631,6.122776320439529,0,9.672211868520415,2.6620766610606648,0.35494355480808865,7.80875820577795,112.42837098546208,1.5085101079343768,91.22049358567878,7.6312864283739055,MGS4,280
208.971843304736,15.129988654942556,183.16186265806928,14.95198878841382,10.679991991724156,0.8899993326436797,149.7868876839313,3.381997464045983,0.26699979979310395,20.291984784275897,4.983996262804607,0.8899993326436797,12.103990923954045,68.97494827988518,1.1569991324367837,77.87494160632198,20.380984717540265,MGS4,284
165.05434618677248,20.019173342230584,173.19492289855089,15.782750767733654,4.900959448927819,10.383388662982668,179.34188898703664,7.642174055955243,2.1597448419003946,8.389778039689995,8.140576711778412,2.408946169811979,17.85942850033019,40.702883558892054,3.156550153546731,60.30672135460333,14.453677018871874,MGS4,294
301.71027318455646,18.894782681015425,159.74679903040314,4.74895607490762,5.052080930752787,1.212499423380669,144.59055623814476,4.647914456292564,0.8083329489204459,12.529160708266913,5.759372261058178,0.40416647446022297,7.173954921668957,93.46349721892656,1.0104161861505574,98.6166197682944,8.588537582279738,MGS4,300
209.80977488149531,8.202247974043352,212.51278841839598,9.227528970798772,9.879980514188585,4.8467828937528905,158.54572504372436,3.262257716949061,0.5592441800484105,5.499234437142703,4.007916623680275,0.8388662700726157,10.718846784261201,80.1583324736055,1.118488360096821,89.38586144440427,13.235445594479048,MGS4,302
292.39851329252696,26.870963736677204,98.76257724269955,3.5945806753011174,7.424871558818701,6.8945235903316515,146.55282195858817,5.244552132816384,1.7678265616235003,7.6016542149810515,4.419566404058751,1.1196234890282168,9.899828745091602,98.5857945865372,1.0606959369741003,94.22515573453256,8.426639943738685,MGS4,334
289.49027014978856,19.23387432434275,144.37682684315155,10.23078421507593,14.732329269709341,2.046156843015186,114.91216830373286,8.348319919501959,0.3273850948824298,19.56125941922518,3.6830823174273353,0.736616463485467,9.576014025311071,95.51460143194889,1.5550792006915415,73.82533889598791,7.529857182295885,MGS4,364
354.5408825593361,40.03702246495914,107.12608713597176,11.457335522563824,17.313307011874222,1.5276447363418433,129.21328394891424,3.5008525207833907,0.1909555920427304,27.752212710210152,5.092149121139478,0.44556304809970426,5.792319625296156,109.16294678442755,0.954777960213652,102.09758987884652,8.720305369951355,MGS4,383
324.3814908743697,11.202445451822324,104.19361886258045,4.8398914816125576,14.084628019524184,1.9033281107465114,175.70437502348508,4.350464253134883,0.10876160632837208,10.495495010687906,4.024179434149767,0.7069504411344185,8.320262884120464,106.96703982395394,0.8700928506269766,99.3537273809679,8.429024490448835,MGS4,388
542.1177496068852,22.949290349242517,79.20551536464232,16.11189115964519,4.332609387467614,2.030910650375444,161.525093726527,2.6401838454880773,0.6092731951126332,11.711584750498394,4.400306409146796,0.6092731951126332,5.2126706692969735,130.0459786457076,2.166304693733807,106.14892999295655,5.686549821051243,MGS4,397
262.68859278872304,17.525651697131632,253.92576694015722,9.416768076070728,11.574777426836937,6.343239606797644,133.07724329724954,7.847306730058941,0.8501248957563852,9.939921858074658,4.969960929037329,0.7193364502554029,10.070710303575641,71.01812590703341,1.0463075640078587,74.02626015355601,18.571959261139494,MGS4,403
282.9786221133498,19.051615978359443,288.776940019807,10.87184607460729,12.632049724781805,4.762903994589861,148.2712721794061,2.1743692149214584,3.3133245179755555,9.732890771553194,4.762903994589861,2.692076170855139,11.493094421727708,64.29920392696313,1.5531208678010415,83.66144407888278,31.580124311954513,MGS4,411
480.9811871963332,22.05870494785503,54.09031098324605,18.847092733224795,3.634192769186844,1.2677416636698293,205.79673006906896,3.972257212832132,0,7.859998314752942,5.916127763792537,0.5070966654679318,7.099353316551044,115.36449139395447,1.5212899964037951,103.02513920090146,2.8735477709849464,MGS4,416
293.4555084862045,20.327000163732006,187.4232382443698,19.66326138287545,5.641779637280719,1.4104449093201799,311.0445861789032,3.069791861461568,0.41483673803534704,6.471453113351414,8.711571498742288,0.4978040856424164,10.122016408062468,93.91903749120257,1.0785755188919022,122.87464180606979,9.209375584384704,MGS4,417
255.85678447631167,19.93110341988192,174.73146256918847,22.478209288237437,4.648468209748819,3.7569811558243877,181.09922724007725,4.457435269622155,1.2098752874688705,15.091602270006439,8.85119289253542,2.547105868355517,10.506811706966507,74.50284664939888,1.9740070479755256,80.61590073345211,21.395689294186344,MGS4,419
290.15693578464595,11.944561358923227,204.27815521136586,5.928687389830507,19.442607175473572,4.18495580458624,112.90662014456626,3.0515302741774666,0.78467921335992,18.745114541375866,3.4874631704885335,0.6974926340977067,11.072695566301093,68.17990498305083,0.9590523718843467,75.93951053738782,13.077986889332001,MGS4,420
188.0601996623107,103.73992587897908,36.529159704080314,28.948998105407522,10.75661026859282,6.641665400741875,359.3718517923158,7.7245456291237025,2.526720532890931,14.654979090767398,8.66304182705462,1.4438403045091033,15.737859319149226,27.866117877025694,4.836865020105496,72.04763119500426,7.941121674800068,MGS4,428
403.18421591789877,12.917395784313936,23.493513582720972,11.787123653186468,3.9559524589461432,0.5651360655637347,289.59186673958806,3.5522838406863326,0,9.930248009191338,6.943100234068741,0.3229348946078484,9.768780561887414,124.32993442402164,1.614674473039242,87.83829133333477,3.3908163933824085,MGS4,437
284.3583569595107,16.35778291971827,286.92886570403783,7.644759772684661,12.418561726806523,3.572005657979296,138.74070574356966,5.808682098022406,3.939221192911747,9.781286521382558,5.141017489054313,0.8011975307617112,11.283531891560767,66.93337704905129,0.634281378519688,87.59759669661375,24.536674379577406,MGS4,451
414.78108022272716,27.278298231440075,72.13115224044826,10.24283925686485,5.714426111724601,3.450219539154476,204.64114641609984,4.52841314514025,0.5390968029928869,10.781936059857737,3.881496981548785,0.4312774423943095,6.792619717710374,114.71979967688632,1.5094710483800833,111.9164963013233,3.9893163421473625,MGS4,459
340.19695065834867,18.85972485082092,207.72768711286966,12.362594758672087,5.865464666523253,3.248565046074417,215.30767222037662,5.775226748576741,3.248565046074417,5.955702584469764,6.406892174202322,0.7219033435720926,7.670223025453484,101.42741977187902,1.3535687691976737,124.97951635591853,9.11402971259767,MGS4,473
360.0360491706834,12.54003110036666,118.15060552376713,11.266434191735671,12.931907072253118,2.3512558313187486,205.73488524039053,3.330945761034894,0,6.367984543154944,8.033457423672392,0.5878139578296872,9.405023325274994,93.65835728086348,1.2735969086309888,92.09085339331766,10.482682247962755,MGS4,477
312.32208511678107,13.451751871401946,117.18545380279002,6.898334293026639,3.7078546825018184,2.6731045385478227,250.06461812221565,5.77735497040981,0.08622917866283299,8.450459508957632,5.087521541107146,1.2072085012796618,10.261272260877126,89.59211663068348,1.9832711092451587,93.38620049184813,8.881605402271797,MGS4,484
392.98149001545386,15.602492559527496,132.36953365018488,7.750915658603982,5.033062115976612,2.7178535426273704,132.87283986178255,7.247609447006321,0.10066124231953223,8.05289938556258,6.240997023810999,1.4092573924734513,7.1469482046867885,91.90371423773293,2.013224846390645,77.30783410140076,13.08596150153919,MGS4,497
460.9264551226187,16.004390802868702,32.008781605737404,6.789741552732177,8.923660326448005,0.19399261579234792,149.85929569958876,3.5888633921584363,0,16.198383418661052,2.133918773715827,0.09699630789617396,7.080730476420699,123.37930364393327,0.9699630789617396,106.98692760947988,2.7158966210928708,MGS4,509
279.58527279702315,33.56264692472986,280.91536448492525,21.01544866885331,11.527461295151605,3.812929505319377,201.0211904316053,5.187357582818223,1.4187644670955821,33.385301366342915,6.561785660317067,0.5320366751608433,10.064360438459286,59.58810761801445,3.014874492578112,92.26402675080958,12.414189087086344,MGS4,515
199.16538933425403,37.75000528600842,220.45093448347325,25.65181082085391,14.099399564653746,2.728916044771693,208.9440051613526,4.9120488805890465,0.8186748134315078,8.368675870633192,5.184940485066216,1.046084483829149,12.46204993779073,52.80452546633225,2.5015063743740518,73.0439861317223,9.232832618144228,MGS4,516
435.0432603036136,20.12959561135621,44.895098090782334,8.966819863240493,9.576807609039166,2.012959561135621,194.09810071313774,5.306893388448455,0,16.2256740382447,4.269914220590711,0.609987745798673,6.404871330886066,141.09016560323306,2.805943630673896,100.15998786014211,6.953860302104872,MGS4,521
175.0024723602462,79.7923590051728,68.61266035334914,41.94213742579596,12.056537761770615,8.183831692838236,235.13902131744146,11.545048280968226,1.0229789616047795,13.664076130006698,8.183831692838236,2.9227970331565127,14.394775388295825,36.02347343365402,4.530335401392595,49.906759341147456,16.07538368236082,MGS4,523
