sample_id,z0,z1,z2,z3,z4,z5,z6,z7,z8,z9,z10,z11,z12,z13,z14,z15,mgs_level
2,2.1081674,2.900773,3.0993898,3.3346334,0.19899568,0.73689127,2.4589832,0.0,0.98205465,0.0,1.991072,3.945677,4.1864014,3.2644985,1.0044876,1.5678718,MGS1
4,1.5587857,4.2799892,1.5796696,3.6444902,0.017393462,0.8242079,2.8412108,0.0,0.5325756,0.0,0.8426082,2.158353,3.2455618,4.6025696,1.1512613,2.7086408,MGS1
6,2.0265155,2.121398,2.7796078,4.0523734,1.7153586,0.22891018,2.4957626,0.0,0.0,1.1221465,0.0,1.9301478,1.3717108,2.6438248,0.27446002,2.583885,MGS1
9,3.1039824,1.6886272,2.028729,2.75021,2.3545485,0.7218659,1.5443348,0.0,1.7178795,2.0874841,0.40100098,4.373265,4.5974536,3.0085015,1.4521558,2.4525647,MGS1
17,1.8244886,3.0715024,2.2178283,3.0404227,2.6439228,0.5825017,2.5864067,0.0,0.8041395,1.5159519,1.8082117,2.505489,3.3954294,4.132349,1.3772588,3.298772,MGS1
18,3.624563,1.5216525,1.0579832,3.8738177,1.7114158,0.6464088,0.662969,0.0,2.2734492,1.6061486,1.0270065,3.557855,3.1725993,3.1920924,1.0211295,3.429145,MGS1
32,1.7722214,3.0932882,0.0,2.9825473,1.2188762,0.0,0.95912313,0.0,3.5933447,0.46726197,3.4192722,1.3090043,2.5631812,4.2454925,0.5315572,3.8964286,MGS1
35,1.9300464,1.7798293,3.0684278,2.0318012,4.481486,0.26860863,2.8322473,0.0,3.8923416,3.8887346,3.997539,0.8282455,1.5229845,2.2212694,0.3785022,2.46206,MGS1
41,2.274026,0.64379114,4.7235904,3.047329,3.5918841,1.0217464,3.11678,0.0,2.2632494,3.5758917,2.4069443,3.0785668,2.0245242,1.3958943,1.1983742,1.5703613,MGS1
42,1.0624566,3.0769968,1.6360793,0.26654997,2.6536772,0.5275747,1.4856323,0.0,0.39759338,0.6682877,3.1304665,0.0,2.2604194,3.3144245,0.9868965,1.8959017,MGS1
43,3.7187011,1.4033223,3.8091893,1.6300632,3.1613312,0.48928088,1.9868524,0.0,2.475644,2.7800786,1.5124145,2.9577765,2.7247937,2.2628136,0.5194189,2.039635,MGS1
81,3.3349214,3.3020985,2.7964978,0.9584346,2.6467407,0.47026515,2.2054157,0.0,1.3030546,0.7921505,0.69786334,0.0,0.71747154,3.9178014,0.28265283,3.0699484,MGS1
89,3.2464845,2.928379,1.8121214,0.28595886,2.6557055,0.062001094,1.4836774,0.0,2.539452,0.9907385,1.4437169,0.0,1.0020599,3.617016,0.0,3.0201194,MGS1
99,2.479141,4.5054235,0.91516393,2.171762,1.3718971,0.46292573,2.0843315,0.0,0.7104379,0.0,0.8203641,1.127916,2.6946213,5.4666343,1.1771113,3.9182906,MGS1
109,2.804818,0.874282,1.9820468,2.6115708,3.417252,0.54077834,1.5798727,0.0,1.1303067,3.0741692,0.096542865,2.8571703,2.5311406,2.3667667,1.2783701,2.8543942,MGS1
115,2.5342152,1.3424003,2.9942174,3.3123038,3.7837477,0.6325809,2.1255975,0.0,1.6843166,3.2829344,1.9394416,2.8898118,2.7660441,2.7425559,1.3092649,3.0920851,MGS1
117,1.4985937,4.1532173,2.9814827,2.0606513,0.9912035,1.1166534,2.823768,0.0,1.1417172,0.0,3.321094,1.1087481,2.7364311,4.083692,1.1113273,1.817534,MGS1
119,2.8497803,1.7997186,2.307609,2.4099648,2.4302788,0.75830454,1.5532789,0.0,1.1961176,1.8990891,0.48333192,4.31706,4.694019,3.015607,1.4926372,2.378655,MGS1
120,2.832244,2.1682277,4.0856686,1.8935839,4.760037,0.9392585,3.3158112,0.0,2.04949,3.6643264,2.1324322,1.0103496,1.2848284,3.07592,0.99521804,3.0360405,MGS1
126,4.596776,0.81327987,1.5351129,0.89814174,2.5801835,0.87444097,0.059305627,0.0,4.4224367,2.3670805,3.053486,1.1659566,1.0990779,2.17797,0.42448345,2.572116,MGS1
137,3.5314786,2.214275,4.6330357,1.748564,2.5143166,1.3887866,2.6313229,0.0,1.8000634,1.5597771,2.0556042,2.4262218,2.2717783,2.900149,1.0396746,1.8975524,MGS1
139,2.1902385,4.3311415,2.7992995,2.7859006,0.0,0.18987627,3.0282555,0.0,1.2482445,0.0,1.3832238,2.1188915,3.0061765,3.903106,0.0,1.7321427,MGS1
142,2.4620776,1.2275199,3.0503721,3.482102,3.5108404,0.42401835,2.0179522,0.0,2.1254723,3.159742,2.333613,2.7317545,2.4129248,2.420625,0.9779768,3.0340235,MGS1
145,2.5393813,1.4283139,3.348775,3.4032712,3.1788683,0.7419361,2.0959568,0.0,1.394203,2.6883724,1.8456918,3.2238503,2.913298,2.6279957,1.2343454,2.765166,MGS1
149,1.0859473,2.1126738,2.5275643,3.420236,3.0817683,0.0,2.465657,0.0,1.6080701,2.1333122,2.4950447,1.3773108,1.5533743,2.8962555,0.46331662,3.045751,MGS1
153,3.42581,3.3560154,1.6783988,0.01996553,1.5349468,0.6234863,2.0094814,0.0,4.3361955,0.7798111,2.7745504,1.013704,2.772042,3.53048,0.3466874,1.6903067,MGS1
162,2.9643977,1.4864529,1.8273616,1.3850082,1.9177542,0.5641802,0.6905112,0.0,2.1203775,1.0243478,2.4629984,0.0,0.0,2.3485138,0.19562536,2.5236955,MGS1
163,2.3389976,2.4375193,0.67391956,2.6559038,1.975967,0.8723183,1.9718368,0.0,5.1680217,2.120678,3.2652857,3.2412698,4.713799,3.361936,1.6184194,2.6161568,MGS1
172,2.1083593,2.3657942,4.8340507,2.7272482,4.7151546,1.1073935,4.073711,0.0,2.9662375,3.697441,3.748657,0.9314891,1.3290215,2.760325,1.0043697,2.4224446,MGS1
173,1.3937477,4.039034,1.4291716,2.843521,0.98495746,0.62303954,2.349593,0.0,0.9337617,0.0,1.741245,1.9945538,3.5643163,4.519611,1.1985341,2.8074744,MGS1
177,4.154869,1.4524276,3.1124635,1.7287363,3.1085966,1.1569657,2.123674,0.0,3.2758093,2.8827472,1.158804,2.6514175,2.52198,2.7475376,1.2263588,2.5196893,MGS1
189,4.1155233,1.7021561,2.9609878,1.1194888,2.436842,0.98246235,1.86351,0.0,2.2324293,1.6868804,0.0,1.4037913,1.1092334,2.636331,0.6104289,2.2899892,MGS1
217,2.249994,0.49235535,3.3752375,3.384659,4.2078137,0.44394225,2.3721435,0.0,2.386429,4.1919017,1.8330237,3.1395142,2.429568,1.8239667,1.1140054,2.6451106,MGS1
218,2.8499196,1.2945209,4.9955964,3.3916695,3.0740805,1.0299776,3.1481237,0.0,4.0092993,3.2700372,3.5613687,4.189844,3.7547226,1.5299317,0.93670744,0.88018155,MGS1
229,3.140159,3.0833917,2.3765273,0.93049514,2.4175742,0.43846238,2.0715525,0.0,1.5933135,0.790537,0.61181897,0.006399788,0.7382559,3.719937,0.34054804,2.9872158,MGS1
237,1.1683497,1.0542209,3.3162756,3.5523715,3.462242,0.65003175,2.5342908,0.0,2.156009,3.3921895,3.614503,3.6157172,3.623472,1.7384368,1.5388871,1.8005182,MGS1
243,1.9336159,1.1193929,1.9557178,3.63441,3.2306442,0.40203354,2.129698,0.0,4.8519583,3.5830026,4.1357985,2.7993026,3.059841,1.8079455,0.8940711,2.3441453,MGS1
246,3.5024042,4.5662875,2.0372148,1.2251966,1.7739018,0.37931028,2.499104,0.0,2.0537004,0.0,0.63404095,1.1927735,2.7461843,5.1627917,0.5544022,3.2667446,MGS1
251,3.1773264,2.6124046,1.1821237,1.3468028,1.7475448,0.65650594,1.1149012,0.0,1.702508,0.75763035,0.4434244,2.2375226,3.31806,3.816487,1.1268853,2.9051917,MGS1
254,1.2668823,3.18064,3.9251087,2.8397279,2.5334346,0.7466703,3.8226635,0.0,3.4472291,1.574044,4.3073406,0.6563034,1.7351665,2.7207563,0.49375314,1.4033933,MGS1
264,3.4574356,2.9570634,1.8267467,0.83242023,2.523541,1.0570133,2.1637912,0.0,2.0722675,0.99591947,0.4432293,0.0,0.53723526,3.931513,1.0282891,3.1597404,MGS1
265,1.0787752,0.27472478,3.4006565,4.9689965,3.2546132,0.43618298,2.7067404,0.0,2.8387604,3.8404822,3.6964483,3.15489,1.9027579,0.97539335,1.0547478,2.157115,MGS1
266,5.150177,1.0260478,1.6667713,0.6064341,2.8808212,0.8433642,0.042138766,0.0,4.0723124,2.3534849,2.0990458,1.1174378,0.98241293,2.5884361,0.3623696,3.0179675,MGS1
286,1.457315,4.3463182,2.5845704,2.189104,1.5398468,0.52691954,3.456713,0.0,3.407125,0.42799646,3.5035245,1.2374377,3.376942,3.9866743,0.5943546,1.7023985,MGS1
288,2.4721353,3.462441,2.9558933,1.4354527,2.6172574,0.8316477,3.166247,0.0,2.6128316,1.2485217,1.756529,0.18354303,1.4807274,3.6001935,0.543127,2.2189825,MGS1
291,2.3118317,3.3021798,3.2156177,1.6676158,2.584202,0.64030045,3.0033224,0.0,2.026842,1.1222287,1.933097,0.36921635,1.3768015,3.4717052,0.42025137,2.256923,MGS1
292,2.841527,3.5286984,0.0,1.3530391,1.2003217,0.12953764,1.4622871,0.0,5.007886,0.41626868,3.535685,0.69650793,2.4148006,4.534375,0.6302212,3.5187154,MGS1
293,4.4873323,2.670375,3.2612884,1.8198707,1.5518919,1.4550874,2.333719,0.0,3.4707997,1.3181466,0.87848556,4.384656,4.8137927,3.5214396,1.4235871,1.7971528,MGS1
295,4.2159843,1.326417,3.6750991,1.7502431,2.9270847,1.1149244,2.2102737,0.0,3.330658,2.8553627,1.2697086,3.1444035,2.7571023,2.4232736,1.055852,2.1348562,MGS1
307,3.690429,1.5850291,4.319545,2.0162063,2.3721454,1.0123649,2.3160415,0.0,1.9980471,1.988223,1.4870768,3.1168802,2.5190768,2.3218975,0.82524854,1.7663047,MGS1
308,2.0302439,2.8981774,2.298379,1.9777368,1.0952594,0.9580595,2.0906768,0.0,1.1511235,0.41562563,1.7570466,3.5490854,4.61464,3.4849696,1.5911106,1.9200407,MGS1
311,3.2676327,3.3815527,3.021506,0.9394927,2.5058324,0.6533511,2.3668268,0.0,1.182894,0.57113856,0.5696407,0.07931326,0.7923125,3.907566,0.38899148,2.899202,MGS1
313,4.442235,1.6645572,3.2280695,0.72492623,3.3091862,1.1557868,1.6725044,0.0,2.0096138,2.2643542,0.16473663,1.7459865,1.6098287,2.9810905,1.0316076,2.8783634,MGS1
314,3.5354545,0.46735972,2.1707282,5.1432385,1.792516,0.95599955,0.9534811,0.0,0.80904186,2.112053,0.0,3.1789186,1.3001249,2.1049235,0.90562385,3.3421152,MGS1
315,1.9331316,2.08032,0.6795827,4.095565,2.133835,0.32266113,1.0462317,0.0,1.2228796,1.2097828,2.0890443,0.6246832,0.52643424,3.4487824,0.65456486,4.077008,MGS1
316,3.7609398,1.7430469,2.9981158,2.7741382,0.4157946,0.4328055,1.9480207,0.0,2.2417254,0.9119051,0.08008915,4.2861476,3.6040568,2.2606807,0.3381966,1.3587255,MGS1
317,3.41893,0.4095772,3.0787325,3.255806,3.3741765,0.66587216,1.5861586,0.0,1.259201,3.3562737,0.0,4.079379,3.0317206,1.9836422,1.1652436,2.6813705,MGS1
318,2.6073143,4.2473497,2.1090317,1.7603499,0.9122362,0.6218419,2.756048,0.0,2.796964,0.0,1.8426183,1.5666058,3.2113285,4.3536205,0.58555734,2.210723,MGS1
319,2.5095282,1.3754061,2.518129,5.6629066,3.0092158,0.6576638,2.2579432,0.0,0.9022569,2.898918,1.3720665,1.5318553,0.048638314,2.8103118,0.70854104,4.197813,MGS1
320,2.7220066,3.4527016,3.7054238,2.0109413,2.1893687,1.2338603,3.466685,0.0,2.563193,0.94737405,2.1431432,0.24764496,0.9277865,3.5411599,0.6388275,2.0923958,MGS1
321,4.299408,0.32838413,3.5608072,1.9533815,2.779003,0.6984329,1.4763881,0.0,2.4400876,2.9300785,0.024814188,3.9978821,2.8594687,1.5505469,0.7341642,1.7416242,MGS1
322,4.0480385,1.3290664,2.8553157,3.7517228,0.65319985,0.61398625,1.3572732,0.0,2.5732288,1.0362763,1.8064636,2.4245052,0.93450826,2.1445985,0.0,2.3039489,MGS1
324,3.5781589,0.87739885,3.458588,3.0132968,1.7723227,0.4781838,2.0769398,0.0,1.7290885,2.1387658,0.02176261,3.309224,1.9823377,1.6332227,0.3613233,1.8678744,MGS1
335,2.6487753,2.9783173,1.2953436,0.047203332,2.9683528,0.27673614,1.30572,0.0,1.2476745,1.1120462,0.93286264,0.45664218,2.2344375,3.759773,0.665228,2.7197132,MGS1
347,3.9557889,1.3986585,2.8018205,1.6652585,1.4079481,0.6246708,1.3809319,0.0,2.4251516,1.5042409,0.27052855,4.033711,3.8252792,2.289377,0.66822433,1.5737303,MGS1
348,2.0534792,1.1664461,0.32964945,3.7238207,1.8197471,0.1256752,0.33164266,0.0,0.6946589,1.2434541,0.8663167,1.130993,0.5734314,2.5999043,0.4681943,3.5858111,MGS1
349,1.904014,1.9105598,2.6651154,4.393661,0.95022184,0.79295504,2.825872,0.0,2.3630164,1.5513892,1.6295613,4.0395737,3.5533493,2.557325,1.2402437,2.0036383,MGS1
350,1.8372614,3.0929472,2.7775152,4.1027946,1.7556242,0.44525063,3.045905,0.0,0.39950228,0.76429355,0.8362303,1.4038619,1.4061961,3.5304947,0.5642552,3.0574572,MGS1
351,4.7121744,0.08448729,2.8901029,4.4758053,2.4268668,1.7039242,1.0406384,0.0,2.287147,2.7769513,0.31298834,3.9341214,1.8686788,2.4157705,1.6585586,3.314969,MGS1
352,1.6742692,3.6524441,0.9514775,3.7986846,0.13463393,0.0,2.377488,0.0,0.6812356,0.0,0.0,2.492699,3.1347473,3.91175,0.41545963,2.7233639,MGS1
353,4.4907484,1.2353017,2.6036627,1.9867988,1.551286,1.3464968,1.5617539,0.0,3.6184392,2.033294,0.1405662,4.9036245,4.6303763,2.4252844,1.4486432,1.4636315,MGS1
354,3.628277,0.6854385,3.4911978,3.2081258,1.5830989,0.95871395,2.182049,0.0,1.9438045,2.046483,0.0,3.3477316,1.8648987,1.638321,0.7784909,1.6788472,MGS1
355,3.3141613,0.17084709,3.5237424,2.1375053,3.680056,0.55816656,2.1826131,0.0,3.259533,4.1489983,1.1733048,3.266189,2.2852347,1.3240758,0.80929327,1.9033442,MGS1
356,2.0266347,1.1301588,3.1925192,4.876799,3.5688183,0.2998322,3.0881457,0.0,0.2588786,3.4651406,0.0,1.9588413,0.59765023,2.2824705,0.66600996,3.5870926,MGS1
375,3.0917056,1.5828241,2.2621865,2.9148176,2.0720263,1.0790448,1.5359409,0.0,1.4845097,1.9122326,0.4751134,4.688904,4.696445,2.9357028,1.7477474,2.3087604,MGS1
376,2.4432707,1.921673,3.1726665,3.5297768,4.5190077,0.93922806,3.1080549,0.0,1.434727,3.7320628,1.7522868,1.5704803,1.5074339,3.4188206,1.5178146,3.9468744,MGS1
377,1.4999633,4.24159,1.3181775,3.5484278,0.0020079017,0.4579311,2.881401,0.015245669,0.7736703,0.0,0.61883366,1.959374,3.05482,4.442406,0.7773427,2.6781156,MGS1
379,3.9966583,1.4530684,3.7995205,2.1143703,3.2947872,1.0315707,2.3199642,0.0,3.215406,3.0543296,1.8379141,2.9528613,2.641802,2.563328,1.0625094,2.4412735,MGS1
384,1.3767725,2.8028276,0.00392963,2.7652295,0.76883674,0.74986404,0.63631856,0.0,0.22031327,0.0,1.6814492,1.4077694,2.3059814,3.986272,1.3881807,3.326221,MGS1
386,2.392301,3.3299556,3.524545,2.0192432,2.5596693,0.59709346,3.1204581,0.0,2.1476011,1.1117175,2.146356,0.5778222,1.3811014,3.4281409,0.2963431,2.2796786,MGS1
389,3.610945,1.0153966,3.359362,1.6866468,3.45915,1.070559,2.0794563,0.0,3.0747318,3.3147385,1.4300809,2.845978,2.61634,2.2097757,1.2348119,2.157313,MGS1
394,3.6790752,0.40488023,1.7788203,0.87907386,3.2411358,0.75994164,1.0244578,0.0,2.5813012,3.2039163,0.0,3.501167,3.739854,1.8121673,1.3523549,1.713922,MGS1
396,2.8229525,1.1808201,0.604279,2.5477736,3.039372,0.38996878,0.3416024,0.0,1.8183839,2.6564884,1.8515404,2.4142876,2.6960087,2.8886917,1.1674181,3.6171348,MGS1
404,3.1879363,2.454377,2.827254,1.3937804,2.7333727,0.35085896,2.2679446,0.0,2.082034,1.4733564,0.6086398,0.080735765,0.052118853,3.225962,0.13434942,3.0367508,MGS1
405,3.8465457,0.6821748,1.5056896,1.5449096,2.397116,0.8106062,0.5102701,0.0,5.8182373,2.6421623,4.205077,1.5647956,1.7075136,1.574558,0.3988497,1.9700809,MGS1
406,1.4112371,3.3539064,2.4093192,1.5548756,1.8315853,0.8653153,3.527712,0.0,6.2048206,1.2205738,5.988941,0.0,1.7383654,2.5959847,0.5634639,0.9525746,MGS1
413,3.5391665,1.934747,3.2701626,1.0250024,4.480795,0.5111117,2.1091669,0.0,1.2676072,3.173888,0.9246808,0.63131523,0.8253285,3.1800115,0.67151093,3.5462587,MGS1
414,0.66730934,2.112136,4.406431,2.76431,4.2549396,0.8531044,4.1515536,0.0,3.656861,3.746197,5.490432,0.8408391,1.777607,1.7311805,0.85830444,1.064835,MGS1
415,3.0252442,0.6301122,3.0816522,0.9354745,3.5615373,0.6110916,1.8054237,0.0,4.693808,3.7824726,3.5041163,2.1896098,2.296887,0.8878372,0.36446837,1.1352825,MGS1
425,3.7010195,3.3536632,2.4993746,0.94607246,2.6346388,0.6387867,2.3599195,0.0,2.0884829,0.9415599,0.34751904,0.0082943365,0.7741744,4.0722036,0.43055013,3.1917732,MGS1
447,3.5523436,0.47976294,2.853822,3.8181767,1.9812044,0.8134335,1.2328645,0.0,4.441545,2.5650067,3.8058832,3.2410085,2.0668657,1.495556,0.64481986,2.0453548,MGS1
452,5.526511,1.3218378,2.4814966,2.632691,1.9693987,1.9094143,0.7645689,0.0,2.7219775,1.3403627,0.5023929,1.2725586,0.0,3.3532047,1.228048,3.88359,MGS1
466,2.0188715,4.214381,1.9752988,1.3433894,1.1539079,0.2621428,2.5150027,0.0,2.0827415,0.0,2.1389482,1.4644061,3.4968705,4.1667366,0.41431552,1.8847282,MGS1
468,2.798049,1.6585722,4.222333,2.8256269,3.3241065,0.8390091,3.1211922,0.0,4.526354,3.351771,3.858702,2.960829,3.0970044,1.8835404,0.74607545,1.3600681,MGS1
480,3.7284806,2.2062016,3.9278915,1.6411905,3.935805,1.1525745,2.7926211,0.0,1.2165844,2.5404608,0.7463901,0.51499456,0.2615813,3.3729036,0.9761609,3.3331451,MGS1
490,1.3504758,4.4722877,4.0189924,1.2366266,1.5238031,0.9232364,3.2157161,0.0,0.63340276,0.0,3.1721036,1.5834277,3.6897168,3.9331417,0.7903463,0.98257756,MGS1
491,0.0,3.8070116,3.9395587,3.2995298,0.9311655,0.3323051,3.725757,0.0,2.6521895,0.22659439,5.063903,1.9063092,3.6013293,2.4375355,0.14442888,0.0,MGS1
495,2.7203763,3.241787,3.2446694,0.98697996,1.8769724,0.3976788,2.4711914,0.0,1.0194408,0.25804842,0.8367429,0.0,0.48350656,3.1484718,0.0,2.0323522,MGS1
499,4.8575583,1.7578946,3.2096677,0.80208766,3.364729,0.91053206,1.6619315,0.0,2.221073,2.3265088,0.0,1.6045314,1.4577374,3.124324,0.783114,3.1777585,MGS1
501,1.0541468,1.7784566,1.5137011,2.642501,2.150685,0.44353345,1.9335251,0.0,5.168443,1.9904449,5.877493,0.32510054,1.3034542,1.698403,0.3852956,1.5660354,MGS1
503,4.9328384,1.6653421,3.239397,1.2335883,3.148507,1.0351858,1.7246337,0.0,2.289388,2.3290377,0.0,1.9329599,1.5628543,3.0519981,0.86363703,3.0556607,MGS1
506,4.4979687,2.8194177,2.7576644,0.0,2.9813085,1.3027256,2.2764373,0.0,3.17571,1.3913116,0.768234,0.0,0.052587107,3.6243496,0.6854017,2.9666388,MGS1
517,3.359357,2.1396213,1.0763253,2.7736487,1.1279006,0.56823677,1.2583243,0.0,6.3077607,1.6194695,4.7830696,2.7987006,3.555736,2.773633,0.47535598,2.1312804,MGS1
518,5.058507,1.0204657,1.7534136,1.9640975,2.5499637,0.8907007,0.26475003,0.0,2.530752,2.028443,0.4999527,1.3986638,0.59012246,2.7839262,0.57677615,3.5139394,MGS1
526,4.5974426,3.001692,2.460616,1.2829989,1.6012613,1.4570324,1.6600989,0.0,2.1327205,0.50352263,0.16169542,2.6884186,3.2360094,4.154356,1.406594,2.8392916,MGS1
11,2.876238,2.437816,0.89834,2.2889051,0.4835906,0.63227654,1.109933,0.0,2.8562136,0.14809701,2.1155257,1.0488693,1.2577655,3.3786683,0.63849586,2.856939,MGS4
33,0.39790812,3.2637787,2.0492153,0.79716223,2.9530761,0.2877347,2.2552476,0.0,1.2172687,1.2591068,3.507523,0.20559809,2.7711105,3.0400894,0.6254658,1.4103084,MGS4
46,3.846286,1.027931,0.8169455,0.0,2.9756937,0.742186,0.078704864,0.0,2.6491704,2.2803652,0.88419694,1.2848703,2.3695352,2.2750502,0.8811482,1.9676104,MGS4
47,2.123291,3.2055368,3.0814273,2.0732424,1.886258,1.030993,3.4423494,0.0,5.099552,1.2193514,4.5612593,0.09343196,1.2480464,2.8766637,0.5018935,1.584854,MGS4
60,2.2382717,1.7105396,3.137741,0.0,3.6513424,0.7432236,1.4209825,0.0,0.79317796,2.2306206,2.038868,2.3700294,3.8926182,2.3267157,1.1990075,1.1723793,MGS4
73,2.08546,2.8687153,2.9936934,1.9620965,1.1388865,1.3892207,2.5275004,0.0,3.1621208,0.7923246,4.393751,3.0048912,4.314488,3.015505,1.562112,0.9539124,MGS4
94,0.69292116,3.4582233,4.2708216,2.3709855,2.605364,0.6410094,3.7543988,0.0,2.2368262,1.0895189,4.262841,0.53780085,2.004172,2.6648703,0.3738509,0.9305848,MGS4
95,2.2878385,2.347114,0.0,2.1338792,2.6366625,0.091358975,0.29166543,0.0,0.17377834,0.98770356,1.147907,0.34169874,1.0802301,4.0148783,0.84286404,4.3078566,MGS4
106,3.625978,1.6385895,2.83456,2.574469,0.29359263,0.7337154,1.7244451,0.0,1.970334,0.6599941,0.14296836,4.07344,3.4865923,2.2164288,0.6068973,1.2547808,MGS4
107,2.6126125,4.1073675,2.5185564,0.06819633,2.854051,2.3576255,2.6258996,0.0,1.4581659,0.7896662,4.8612814,0.6329362,2.7929325,5.21811,3.0472102,3.0413048,MGS4
116,2.4229338,3.5569336,3.8675163,1.989268,2.5975342,0.98364717,3.3884358,0.0,1.650007,0.88151246,2.0558834,0.12935941,0.94621164,3.7118738,0.5591867,2.3668303,MGS4
124,2.9164083,2.7229044,4.421329,3.7298577,1.6196946,1.816129,2.8968523,0.0,1.8634143,1.0664907,2.8084464,4.6163936,4.6039376,3.6772652,2.0418622,2.1770697,MGS4
125,3.8720949,1.7834556,2.7110856,0.005870372,4.268074,1.5725262,2.1679058,0.0,4.239678,3.4416213,3.3596833,0.0,0.24223126,2.8334746,1.1524252,2.919482,MGS4
133,4.9638653,3.3127925,5.337464,1.5581889,0.8653819,3.0056272,3.243137,0.0,3.5143082,0.3734637,3.0664322,3.1742926,2.9246068,3.5704105,1.7744269,1.2777729,MGS4
148,1.8746485,2.0816193,3.9271672,3.0154314,4.189418,0.8787448,3.082036,0.0,0.22797096,2.9227574,2.309833,1.4929281,1.4625812,3.260944,1.3967788,3.2708304,MGS4
150,0.81120837,2.7130527,1.6859003,1.062217,4.045541,1.6991355,1.8959341,0.0,0.0,2.2664394,4.9272118,0.7474126,2.9805307,4.022571,3.1194289,3.25414,MGS4
157,3.3621128,2.2372906,4.0906477,2.618504,3.5338235,1.1022978,3.447072,0.0,4.613716,3.0190523,3.818697,2.1329453,2.287424,2.9611108,1.1657293,2.3786697,MGS4
160,1.3732054,3.9596016,2.7505796,1.5722591,0.8164519,1.3361695,2.7818027,0.0,1.2459693,0.0,3.0547113,1.1035913,2.766683,3.7950554,1.2634023,1.4245081,MGS4
178,0.6091033,4.077252,0.5828664,2.4832184,1.4000102,0.042955995,2.420294,0.0,3.499908,0.34984514,3.9423904,1.4636058,4.0094476,4.129324,0.7240336,2.4898856,MGS4
198,3.8831499,1.7906314,1.6435887,0.0,3.3772557,0.5577234,0.62817144,0.0,1.5532801,2.0585988,0.13923278,1.8454292,3.0406678,3.1480513,0.99036455,2.7090545,MGS4
203,3.9650793,1.9110963,5.138893,0.6522189,2.9692523,2.0436535,3.1851556,0.0,5.0346236,2.719185,3.2492335,2.8242366,2.9660265,1.9413581,1.1589177,0.70650333,MGS4
209,2.8760376,2.2563872,4.0332246,1.8923227,4.519637,1.1415918,3.462319,0.0,2.546472,3.5165029,2.5092607,0.89900076,1.2204986,3.1742928,1.2017627,2.9663706,MGS4
223,1.137127,3.2182715,3.5570822,2.5193594,2.537939,0.42919526,3.7259302,0.0,3.6438923,1.7380714,3.9671605,0.8692981,2.1714718,2.623308,0.22188276,1.2093381,MGS4
224,2.4751263,1.1911738,3.4762359,2.302246,2.8561099,1.2850704,2.719101,0.0,4.071918,3.1448982,3.3113663,2.7784727,2.9020443,1.6537519,1.3422871,1.1243012,MGS4
226,3.0234942,2.170503,3.0369859,2.617949,1.409413,1.3089962,2.6808848,0.0,4.9471064,2.019716,3.0486944,4.493757,5.217434,2.5175893,1.425185,0.75741637,MGS4
228,3.2784452,3.1061454,0.0,3.1741936,1.016725,0.7564626,0.8900255,0.0,2.590306,0.0,0.73675704,1.3017032,1.8166068,4.8566995,1.1626654,4.3942533,MGS4
232,4.4689236,1.6386641,3.0687535,1.1440408,2.7607598,1.58518,1.5205247,0.0,2.2291734,1.8187642,0.9155604,1.5483645,1.2502635,3.115543,1.3830765,2.845909,MGS4
234,3.5792685,1.3746226,2.5938404,2.2994878,3.4077604,0.618006,1.379212,0.0,1.40975,2.5278065,0.3796867,1.9900333,1.7278831,2.9854026,0.9804604,3.5948172,MGS4
249,1.6289899,4.0637264,1.3164314,1.6464207,1.6383088,0.41021442,2.7440405,0.0,4.5153427,0.7042805,4.0738235,1.1547362,3.6570323,3.9921823,0.68765175,2.0151637,MGS4
253,3.5162244,1.8660425,1.6740266,3.2243607,0.67220765,1.3446083,1.4162146,0.0,4.9331865,1.3060715,3.75063,3.284304,3.3954272,2.7939157,1.2615811,2.0407112,MGS4
270,3.235968,2.319163,2.0491583,1.9196627,1.2573105,0.90741664,1.7364649,0.0,3.166578,1.1127924,1.7387488,3.1614263,3.8782036,3.120662,1.1793714,1.9315733,MGS4
272,3.8626819,1.7349993,0.5066451,0.6840471,1.9341563,0.9981591,0.3813187,0.0,4.2590733,1.6404032,3.344789,1.2221775,2.1080248,3.1064713,1.0322782,2.681358,MGS4
280,3.602167,2.0190773,0.6997072,0.29410058,2.150155,0.44981238,0.7603377,0.0,4.3772626,1.1372255,3.7121816,0.0,0.0,3.0769074,0.3115215,3.0214067,MGS4
284,3.2824,1.2505959,4.104815,1.1920639,5.0600495,1.3848066,3.2030838,0.0,3.312177,4.4475346,2.8061848,0.54178613,0.17348321,2.4320085,1.2494148,3.048049,MGS4
294,3.91601,1.0556386,1.3622093,2.723398,2.3743443,2.957301,1.7596227,0.0,4.8328776,3.3305743,1.7530357,6.5347953,6.907104,3.3352642,4.237573,2.1733024,MGS4
300,3.960335,2.703578,2.812585,1.3466653,1.5487899,1.3183188,2.0848782,0.0,3.1425376,1.0871989,1.5593506,3.5522242,4.3783813,3.577158,1.4343011,1.9322693,MGS4
302,3.6335466,1.1100492,2.6350486,3.2187133,3.0381386,1.0976155,1.6770096,0.0,2.6134114,2.6804032,2.3299587,0.9885393,0.0,2.7925828,0.9065349,3.662475,MGS4
334,2.8028462,0.6572058,3.1850913,5.9734635,1.6642818,1.5285666,1.7238371,0.0,3.7005062,2.221764,4.0300236,3.2306488,1.4556496,1.957072,1.3601911,2.8144293,MGS4
364,3.4304109,1.5612106,1.8853709,2.7165935,1.7849412,1.3431556,1.5600046,0.0,2.2280567,1.7845138,0.0,4.5519376,4.5557914,2.9663692,1.8776803,2.1934462,MGS4
383,2.7186658,0.0,3.4973426,3.4857547,3.3131535,0.7065776,2.0374694,0.0,1.5832794,3.8286922,0.8613882,3.4857454,1.8474212,1.1469796,1.0764667,2.1928475,MGS4
388,2.8376071,1.3415282,3.0686262,3.3817706,3.7227511,0.74071085,2.1951337,0.0,1.9867148,3.329082,1.684655,3.1433878,2.9055734,2.8027577,1.3508732,3.1021092,MGS4
397,1.6287302,2.000605,0.9363222,0.6262799,4.0168824,0.47111237,1.3565835,0.0,2.0124257,3.0409238,3.4346106,1.0788846,3.025149,3.04983,1.46405,2.8377376,MGS4
403,5.2725153,1.605102,3.1520143,1.1482095,3.0748417,1.6242542,1.6888239,0.0,3.0007255,2.3354661,0.05055785,2.2495637,1.8665962,3.20543,1.4122342,2.9044688,MGS4
411,2.4651334,1.8516544,2.6299968,1.8719218,1.1321415,1.9675851,2.4592407,0.0,6.107237,1.8826685,5.129298,3.51045,4.5326195,1.861202,1.7649028,0.004221812,MGS4
416,0.6319043,2.3373456,2.7469544,0.9083036,4.0854344,0.812369,2.6437452,0.0,1.9258785,3.0096529,4.4235377,1.0902922,3.2801795,2.2547703,1.3678114,1.0769241,MGS4
417,0.0,3.0251756,1.5074693,2.0114284,2.8245478,0.60179275,2.2384539,0.0,1.5401323,1.5038785,5.043954,1.0150349,3.504727,2.8940332,1.5088357,1.6732652,MGS4
419,1.912319,0.9776615,2.574031,1.3666366,3.2794385,1.4280629,1.8665102,0.0,3.2577984,3.2458897,3.4158316,3.1618423,4.162993,1.5848954,1.9475954,0.79796696,MGS4
420,4.1804786,1.4618207,1.403531,1.3486605,0.88101745,1.4090459,0.7726227,0.0,6.107799,1.472348,3.9964652,2.5485275,3.0809238,2.3073144,0.9486158,1.5362633,MGS4
428,0.64569294,2.195074,0.074943766,0.0,1.4270915,3.7221036,2.0477257,0.0,1.9128878,1.4638801,6.1538715,0.2831316,2.0847967,3.4063745,4.8657007,2.2436604,MGS4
437,1.5356066,2.4223757,2.0660357,1.6752747,1.8213813,0.79607373,2.5770457,0.0,5.515553,2.1277056,5.4194365,2.2360928,4.1271772,1.9450616,0.81348467,0.3058703,MGS4
451,2.6131854,1.4185903,5.165689,3.0674925,2.7148697,1.4847507,3.8771284,0.0,5.6013894,3.2389493,4.076862,3.5979226,3.3080752,1.1886446,0.94492316,0.05668339,MGS4
459,3.626758,2.7987256,2.2199845,0.0840006,2.1504266,1.5773926,1.2784916,0.0,1.233444,0.6114393,1.1019218,2.2282417,3.4888432,3.8891637,1.8325319,2.3694582,MGS4
473,0.948412,3.3478503,4.4482718,1.9468132,2.2314196,1.0002191,3.692914,0.0,1.9523709,0.844821,4.0173597,0.70759994,2.0050998,2.5942283,0.6579226,0.70719516,MGS4
477,0.07177988,1.5855117,4.564478,3.9276032,3.9154952,0.76701367,4.2627373,0.0,3.7036514,3.8348715,5.5450735,1.0247302,1.2072783,1.0531399,0.70456815,0.943128,MGS4
484,2.442029,2.7454603,2.8634753,1.5257896,1.676804,1.3509128,2.7621956,0.0,4.4232965,1.6780353,3.780572,3.327182,4.9462647,2.8098195,1.49667,0.68070495,MGS4
497,2.0663865,1.9872608,3.7958364,2.9534981,1.6665456,1.5021048,3.4313872,0.0,5.3738365,2.3215988,4.3659077,3.8446317,4.432046,1.8018454,1.363242,0.0,MGS4
509,4.370201,2.7846286,2.1039197,0.5934553,1.7318488,0.94662064,1.413047,0.0,2.465236,0.7937012,0.23748201,2.5566082,3.482728,3.80013,1.0371896,2.5185952,MGS4
515,3.0856538,1.9242731,2.2916138,1.8177494,0.7755497,1.9411955,1.763428,0.0,3.2413037,1.2113788,2.9513783,4.0008793,4.4717875,2.792644,2.2415307,1.215896,MGS4
516,3.0105622,1.9564712,4.5934467,2.0619996,2.88328,2.5637324,3.307077,0.0,4.0854845,2.6537635,4.8901577,2.518613,2.7111347,2.4450927,2.3245757,1.1241012,MGS4
521,2.1574886,2.440646,2.6598644,1.7802566,1.6790068,1.1880882,2.5125968,0.0,3.8038003,1.7131482,3.4879727,3.3091908,4.7026525,2.606648,1.4419315,0.78174007,MGS4
523,2.2624552,1.6283594,5.6163797,3.5642958,5.2753444,3.9801974,5.694463,0.0,3.9606042,5.250205,4.849227,1.478777,0.6770994,3.0277083,3.9602478,2.5751715,MGS4
