sample_id,mgs_class,mgs_grade,z0,z1,z2,z3,z4,z5,z6,z7,z8,z9,z10,z11,z12,z13,z14,z15
2,0,MGS1,-0.21259294,-0.17970218,-0.15069059,0.21677546,0.2708041,1.788973,1.0356244,1.0973493,0.6487927,0.37653628,-1.529195,-1.2909825,0.0009825405,0.8624946,-1.1578737,-0.9009213
4,0,MGS1,1.0730342,1.5756332,1.130058,0.030023439,-0.83312994,0.273982,0.5640341,-0.60818636,0.9213037,0.72661495,-1.1504937,0.75142205,0.660431,0.3868017,-0.49941084,-0.31496602
6,0,MGS1,1.4290495,-1.3106806,1.0307249,0.13774368,-0.38465092,0.57351184,0.19859035,-0.0105772205,1.2166644,0.49865514,-2.0737834,-1.0683713,-1.1100026,0.4341047,-1.0170494,0.5110959
7,2,MGS3,1.4750773,1.0396587,0.6770345,-1.0802963,-0.9219381,-0.37997827,0.07259865,-1.5842528,-0.079211295,1.6382045,0.10917094,0.44942388,0.18378687,-0.41912657,-0.982873,0.960951
8,1,MGS2,1.178296,-1.2734076,-0.27046975,-0.78631854,-1.3591985,0.41164276,0.16993435,0.71367854,-0.6990851,-0.4207829,-0.47418225,-0.9378612,-0.40206772,-0.40870652,-1.880477,-0.39696372
9,0,MGS1,0.5234132,-1.82584,0.76271546,0.4227703,-0.6279218,-0.22469889,1.1667591,1.1274962,-0.30442953,-0.54342496,-1.2068883,-0.52131516,0.20803359,0.6264091,-1.3410327,-2.1808279
11,3,MGS4,-0.25628525,1.0991937,0.19775891,0.31353837,-0.09187879,-1.0536151,0.7822931,-1.129124,0.82222927,0.23118041,0.49108094,0.90134996,2.5364633,-0.38730684,-0.1969173,1.1080045
15,1,MGS2,1.1653166,0.9083747,0.055234127,-0.38261473,-0.2800921,0.026560588,-0.561747,-1.1054946,0.13337335,0.90484667,-0.10668281,0.29508644,-0.38160565,0.08854137,-0.7491727,0.79763305
17,0,MGS1,-0.61085767,-1.1538051,0.5966368,-0.48710096,-0.14194836,0.16127083,-0.13022098,0.9845629,0.36701453,-0.74548626,-1.3967668,-0.55444586,0.8008612,1.32881,0.25091988,-0.47686327
18,0,MGS1,-0.20105383,1.2726146,0.9311587,-0.35361123,-0.9000958,0.9190376,1.2394731,-0.6830196,0.5199355,0.265117,-0.075171605,-1.2927687,1.8341308,-0.42031345,-1.4801832,1.0536017
19,1,MGS2,1.3804687,1.0275581,-0.78767437,0.8228268,1.5853243,-0.29735416,-0.33084723,0.64628315,-0.8611272,0.8935235,0.31555104,-0.5526473,0.097845644,0.61463976,-1.5346997,-0.23518802
20,1,MGS2,-0.45635176,-2.1319385,0.12098139,0.2277193,0.90093935,-1.3813629,-0.33698592,-0.59672034,0.015572697,-0.11250702,-0.44130075,-0.2863286,-0.23165154,0.13598569,0.14530578,0.18242271
21,1,MGS2,1.0247022,-1.2049576,0.94263893,0.96326745,0.20406537,0.18629612,-1.2743484,-0.23719071,0.43916252,-0.41307828,-0.5742144,-1.40753,0.8563855,0.032713078,-1.3661454,1.4149209
22,1,MGS2,0.11947118,-2.8290997,0.3218913,-0.33450437,0.10607232,-0.9317879,-0.79383236,0.12269611,-0.6179214,0.105375655,-0.22514905,-0.8508559,0.3958936,0.45440617,-0.4772127,-0.18095422
23,1,MGS2,-1.3875011,-1.9322834,-0.27201673,1.104923,-0.4949369,0.979244,0.40103742,-0.5054479,0.792406,-1.778409,-0.75989246,-1.2845793,0.55854553,-0.62257624,-1.2111903,-0.21288525
24,1,MGS2,0.88639134,0.28605914,-0.37240234,0.89944685,2.406631,-1.1634732,0.19683444,-0.17576055,0.18449184,0.7501363,0.6228025,-1.3162286,1.1582435,1.0139712,0.010214009,0.45539972
25,2,MGS3,-0.49741703,1.0040749,-0.27446213,-0.869715,0.02064488,-0.16508205,0.1768434,-0.97820127,-0.8356572,1.184238,2.0202503,-0.7408677,1.0196327,-0.548903,-0.55297166,0.7115969
26,2,MGS3,0.45063844,2.9441168,-0.36817005,-0.047774795,-0.059465546,0.5636098,1.085427,-0.55486125,0.3839659,1.4349076,1.9516467,-0.0234542,1.5857507,-0.025987996,-1.5046403,-0.6808508
27,1,MGS2,1.0775299,2.0798273,0.1666559,-0.67102706,0.5091306,-0.5874396,0.0585711,-0.62038517,0.2716356,1.5084589,1.3872887,1.2428467,-0.09966885,0.51824296,-0.74652505,-0.07682077
28,1,MGS2,-1.0023282,-1.7744142,-0.32621866,0.08707102,-0.33615556,-0.44862914,0.65748495,0.6780533,0.20465353,-0.7570443,0.0314419,-0.38258168,1.1856049,-0.13421705,-0.6801941,-1.3956087
29,2,MGS3,-0.66887915,1.5775388,-0.4084114,-0.5626965,-0.42882982,0.23495544,1.1781224,-1.8003888,-0.4493251,0.17299388,1.8433384,-0.8162108,1.9220926,-0.71862674,-0.9288709,1.1623844
30,1,MGS2,-0.6047481,-0.7055429,-0.8075344,-0.33449954,0.45455605,0.07338413,-0.47516057,0.0939783,-0.58579826,0.07105178,0.86030966,-1.0539752,0.46153343,-0.69136155,-0.5269946,0.38446662
32,0,MGS1,-0.5496832,-1.7640193,0.95198727,0.5392337,0.098918185,-1.2945768,2.2981167,0.072965786,1.0704703,-1.6840599,-0.08352444,-1.1109442,1.7246224,0.6784525,0.4279005,-0.84080184
33,3,MGS4,-1.5093604,0.63998157,-0.46938223,0.24397327,2.076293,-0.47637337,0.68939877,-0.9301904,0.52565694,0.9686787,0.2160362,0.66855824,1.1023555,0.6759058,0.7163486,-0.42494434
34,1,MGS2,1.8599733,1.2628688,0.16732389,-1.3384134,-0.32163832,-0.8908906,0.6595623,-0.7993452,-0.48273277,1.0298029,1.462565,0.09165167,0.7746526,0.6182685,-0.21898374,-0.31683296
35,0,MGS1,1.4871582,-0.49959746,0.41411218,-1.848064,0.31945089,0.30831173,0.22948684,1.266429,-0.10406062,-0.05638654,0.698082,-0.51405257,-0.83722043,1.7232263,-0.7423671,-1.6850723
37,1,MGS2,0.25728175,-1.823384,-0.25653192,-0.69077593,0.9595598,-1.6935847,0.2508802,-0.27361983,-0.3690954,-1.5685824,0.33016145,-1.0217373,0.091176696,0.20417553,0.7734093,-0.21209353
38,1,MGS2,1.0094495,-0.28111032,1.1431868,0.1648857,0.44718188,-1.269587,2.236227,0.89686865,0.8224562,-0.062348984,0.014852699,0.023643414,0.58912027,1.5871818,-0.5314816,-2.4712062
39,1,MGS2,0.9812665,-1.1952901,0.7280041,-1.9542893,-1.1720756,-0.68526316,0.14992805,0.6630705,-1.443864,0.37458202,0.12904423,0.6652748,-0.7679618,1.3639202,-0.3627392,-1.0233703
40,1,MGS2,-0.28988156,-3.4019346,-0.434621,0.70038116,-0.07115573,-2.7435257,-0.49023965,0.88988733,-0.5590617,-1.482175,-0.2503009,0.56787866,0.23121521,0.56807315,0.4587282,-1.5641423
41,0,MGS1,1.804901,1.6957166,-1.0886952,-0.47027647,0.7182041,0.9529126,-0.29644185,0.46786308,0.27766562,1.386977,1.3690909,-0.80403316,0.28294915,0.23779242,-1.8363526,0.10451208
42,0,MGS1,-1.0593089,0.19877608,-1.4810157,0.94578046,2.1370664,-0.29679063,-0.050197143,-1.0165508,0.3001184,0.6276591,-0.34180847,0.3250969,1.4868212,0.7425616,0.7420691,-0.46227592
43,0,MGS1,0.037342682,-2.0313683,-0.65477943,-1.6673911,-1.0191606,0.093503244,1.3890482,1.1272902,-0.6888873,-0.29363644,0.3885746,-0.6847942,-1.0674664,0.4218799,-0.84996146,-1.253001
45,2,MGS3,0.52671534,1.358608,1.2720342,-1.1435822,0.6777235,-0.34402055,0.5407232,-0.1888969,0.8730243,2.1529398,0.50810856,-0.16672198,1.0421295,0.023321547,-0.26335463,1.2021838
46,3,MGS4,0.46840206,0.4948374,-0.7228439,-0.99993604,0.5787802,-0.3513844,1.3476001,-0.7546111,-2.2065706,-0.81751513,1.2607057,-1.451504,2.0524254,0.09034771,0.46253052,-0.41884953
47,3,MGS4,2.7820094,0.6989808,-0.06498989,-0.73535186,0.788167,-0.8134426,0.45241705,0.29473776,0.5719846,0.018049644,1.2636131,0.38264722,-0.014454756,0.10562284,-0.5907713,-1.1243317
48,1,MGS2,-0.009780716,-1.1737516,0.25061017,-0.5390196,-0.19426899,-0.59787077,0.40235654,0.9274365,-0.99815893,0.016403409,0.18400542,-1.0447085,0.77853715,-0.5538051,-0.68971115,0.16535024
49,1,MGS2,0.61766124,-0.22715962,0.08318453,-0.94234717,0.27330852,-1.1287199,0.4081993,0.29118088,0.12783997,0.38726753,0.37927812,1.2106729,-0.73257416,0.6543033,-0.6339725,-0.83408916
50,1,MGS2,1.3139327,1.1304376,-1.3186691,0.9778203,2.0382044,0.7309427,0.7917139,0.814195,-0.7641539,0.28851303,-0.4025521,-1.3704829,0.8001341,1.549438,-0.92318565,-1.5580829
51,1,MGS2,2.0780933,1.7431285,1.3118976,-0.9074031,-0.20520118,-0.86260474,1.8272117,0.3226698,0.8906944,0.6781416,0.24031161,0.5050059,1.421154,0.63411754,-0.8432859,-1.1915766
53,1,MGS2,1.8555037,0.7891437,0.4192923,-0.7009372,-0.8816871,-0.8403601,0.0066083046,0.35454777,-0.21438433,0.409222,-0.27373523,0.62954813,0.070614986,0.4510701,-0.56244403,0.17974769
55,2,MGS3,2.8716033,1.6939673,0.8971906,-2.0245633,-0.5815418,-0.6009993,1.4773991,0.3618611,0.1683371,1.6006198,0.13641396,-0.68503904,1.1066431,0.8679794,-0.452408,0.5114578
56,1,MGS2,1.1282054,-0.2023634,-0.29022914,1.3613125,1.840165,0.6805664,-1.1223071,2.1538703,0.26750466,-0.48467854,-1.2808841,0.7677834,0.097522706,1.760896,-0.7481247,-1.7127538
57,1,MGS2,1.1649582,-0.40523145,-0.8490291,1.628594,1.8924828,-1.8751911,0.5993384,0.7808703,-0.6174112,0.4466702,-1.0511194,0.42477882,1.2256243,2.1296978,-0.053854726,-1.5128952
58,1,MGS2,1.4833524,0.38048193,0.6533133,-1.6139861,-1.3306425,-0.095199466,0.47895655,1.1917421,-1.2934564,0.3077784,0.11830555,0.09491225,0.06716836,0.21470067,-1.47506,-0.5922606
59,2,MGS3,-0.52695745,1.7208186,-0.47275415,0.31409717,0.7593242,0.6462917,0.9932041,-1.1828688,2.1660554,-0.19845739,1.0275486,-0.7713706,1.8021913,-0.2451847,0.25560656,0.7664172
60,3,MGS4,-1.3726002,0.8159336,-1.3954221,0.46583775,1.5211025,0.6983727,0.28544772,-0.7072752,-0.6634117,0.78204423,0.80343896,-0.7064062,1.2941166,0.56343013,-0.0026821098,-0.57869977
62,1,MGS2,1.1932831,-0.8504847,0.20026617,-0.46268725,0.682452,-0.71739346,0.064065345,1.116067,-0.22050217,0.2232029,-1.6856567,0.21945585,-0.68536365,1.0080689,0.10604428,-0.42641485
63,1,MGS2,1.3599446,1.6605982,-0.23979451,-1.3902259,-1.0745139,-0.39853176,0.80668575,-1.2026412,0.015928509,0.6625555,0.745492,0.45015264,0.5916096,0.07775585,-0.5626239,1.5511274
65,1,MGS2,-0.89026046,0.2770926,-0.6041954,-0.91743726,1.0660387,1.0193629,-0.27258962,0.21011926,0.47514847,0.11767027,-0.25319123,0.010009462,0.6378529,0.9475223,0.2873294,-0.30755526
66,2,MGS3,1.2678788,1.3577826,0.2944549,-2.29075,-0.6056653,-0.073283695,-0.36396086,-0.53833944,-1.2402012,0.48432592,0.8651095,0.36792117,-0.3453337,1.3327723,-0.6384455,0.30522972
67,2,MGS3,-0.6820622,-2.2426016,-0.6766283,-0.7336228,0.32403165,-0.77231616,0.8840804,0.24695984,-1.0091683,-1.0687943,0.8256097,-1.60172,0.14159533,-0.2580402,-0.6118735,-0.053179063
68,1,MGS2,1.0612475,2.1000116,-0.06333477,-1.4548016,-1.0221106,0.44361487,2.3287776,-0.49981248,0.10721592,-1.2089978,1.7019215,-0.67656523,1.0090588,-0.252133,-1.7448678,-0.29743642
70,2,MGS3,-0.93912387,2.3222144,-0.32467774,-0.07970694,-0.63237363,1.4026285,0.6730086,-0.73213947,1.2526997,-0.13875604,1.4807719,-0.40075332,1.7170058,-0.8556807,-1.2939204,0.8672397
71,1,MGS2,0.7386609,0.1894578,-0.13298705,0.6262094,2.2595437,0.50293434,-1.153778,0.9542665,1.1426963,1.243852,-0.5113247,-0.02305006,0.77076626,0.30270782,-0.057931937,1.2918773
72,1,MGS2,2.7928174,1.8948605,1.0956204,-1.7855939,-0.37078494,0.27802423,1.3884526,0.6993182,-0.5095291,1.4254202,1.3952625,-0.70555055,1.044698,-0.12093346,-2.0216975,-0.42348507
73,3,MGS4,1.0406668,2.2020907,-0.59726363,0.7884375,0.96054184,-0.1924379,0.62325746,-0.15626249,0.43591806,0.82620573,2.0628889,0.499115,1.2925476,-0.2507785,-1.6919132,-1.6065967
75,1,MGS2,-0.094733804,0.062772825,-1.4155066,0.1763165,1.2485178,0.46682078,-0.9938515,0.17589484,-0.45149904,-0.07540808,0.25157002,-0.8625971,0.23713914,-0.3346441,-0.4644506,0.31590247
76,2,MGS3,-0.5228281,2.1975684,-0.040472135,-0.79551005,-1.1366296,0.43565363,0.7449922,-0.9320675,1.2774717,0.41776693,-0.023215188,0.7819784,0.36957705,0.88371223,-0.017433794,-0.4443684
77,1,MGS2,-0.25756747,0.44151732,0.36609778,0.704346,1.1628973,-0.87548053,0.2501265,-0.17822899,0.94558567,0.5903234,-0.82162803,-0.03437116,2.400157,0.18098517,0.48961994,0.23517233
78,2,MGS3,-0.55505985,0.77068245,-0.9747856,-1.435352,0.34926242,1.2282825,0.75152236,-0.20173004,-0.18982098,0.34108803,1.2348536,-2.5124843,0.71939844,-0.18815984,-0.05163133,0.7860944
79,2,MGS3,-1.7176279,0.18915018,-0.9515815,0.6386137,0.08261511,0.4373892,0.25014976,-0.024660237,0.8309577,-0.75915307,1.0989269,-0.9620758,1.2096721,-0.46186268,-0.7336709,-0.4702357
80,1,MGS2,1.5649788,0.92554235,1.1410536,-1.3203381,1.5478469,-0.43874004,0.7859073,-0.0585732,0.8293625,1.3399007,1.3520727,-0.33313084,1.4996969,-0.51910836,0.18353374,0.19152454
81,0,MGS1,-0.5938436,-2.2114773,0.06866971,-0.5921501,0.015123667,-1.2679387,0.7351357,-0.021948785,-0.4469528,-0.38287812,0.35451382,-0.2592961,0.23698568,0.062170308,1.1747959,0.07369813
82,1,MGS2,1.0479231,0.85267764,0.15207876,-0.6339096,0.88080823,0.94600606,0.2558137,1.6340587,-0.0637322,0.9925783,-0.13772528,-0.61003935,-0.68428195,0.36238402,-1.6218537,-0.37502414
84,1,MGS2,1.007732,0.8083659,0.0453226,-1.1746302,-0.30991927,0.34603593,0.6281075,0.43235487,-0.14188014,0.79088616,1.424001,-0.13966914,-0.37781775,0.01661275,-1.893868,-0.48372722
85,1,MGS2,0.15675986,0.03712839,-0.39697066,0.21490008,-0.6483707,-1.0996276,1.1410339,0.26257926,-1.0252358,-0.35932034,0.95079136,0.4616499,1.0164056,0.48068595,-1.2872206,-2.2882512
86,1,MGS2,-0.72818464,0.34174418,-0.34651533,0.51353806,1.1009604,-0.8321517,-0.019758597,-1.32804,-0.25264207,-0.23963489,0.39922994,0.76351935,1.4099126,0.108640164,0.8031278,0.33718783
87,1,MGS2,-0.5249933,-2.3484554,-0.84375435,1.2860411,-0.4530997,-1.2422516,0.52076244,0.8863153,-1.2392601,-1.8032801,0.31658143,-0.46553016,1.4818563,-0.5758785,-0.0018654144,-1.7385861
89,0,MGS1,-0.5661068,-2.9598417,-0.19225939,-0.064442255,0.6467876,-1.2658522,1.2169226,0.33977622,-0.26883113,-1.0727825,0.99491876,-1.7603437,0.13493961,0.80507654,1.4370388,-0.86376184
90,1,MGS2,0.7833594,-2.6932638,-0.16088295,-0.35963327,-0.029534485,0.601963,1.415407,2.0122468,-0.53072864,-1.6211054,-0.029750222,-2.832928,0.3283938,-0.16940024,0.09186549,-0.61872995
91,1,MGS2,2.5326653,-0.0419165,-1.8693037,0.8185654,1.9923372,-0.18591651,0.65212876,1.1056833,-0.11661395,-2.360456,0.8074583,-0.73279256,0.9492808,-0.05540768,-1.8381373,-1.8662968
92,2,MGS3,1.0519706,0.037044764,-0.15518378,0.16486317,1.6568897,0.72211736,1.3035898,2.2610593,1.0712503,-0.90020865,0.5963493,-1.1428298,0.03488139,1.1067629,-1.5216817,-3.2738557
93,1,MGS2,0.01683116,-0.7736963,0.15207598,0.087699786,0.5933508,1.1192592,0.42133287,1.948291,1.3911729,-1.1118776,-0.7175935,-0.53066427,0.8906277,-0.7476614,-0.86169374,-1.5480124
94,3,MGS4,1.1921927,2.1594548,-0.569672,-0.7617066,1.5023195,0.17313519,-0.06237645,-0.49119076,0.89683044,1.6868237,1.4544951,0.85488707,0.12078678,0.48627704,-0.15131676,-0.12929927
95,3,MGS4,1.20168,0.96637183,0.20647758,-0.24057351,-0.9434886,-0.10788849,2.0883942,-0.20645802,-0.32273808,-0.2688739,-0.48836207,0.3474512,1.1383733,1.0891207,-0.060882084,-0.0065310565
96,2,MGS3,0.024243196,0.15988415,-0.14175172,0.64491016,-1.046784,-0.33612132,0.035809375,0.19959907,-1.5787791,-1.024579,0.8395344,0.52071005,1.947445,-0.65773094,0.07046449,-0.7953062
97,1,MGS2,-0.041230146,0.17263915,-0.05165172,-0.37577394,0.28752935,-0.5488624,-0.5931675,-0.86364394,-0.6550457,-0.85721487,0.9882405,-0.04942312,-0.14822888,-0.8942914,0.8136374,1.3033652
98,2,MGS3,1.6971046,1.5326345,0.088617064,0.6374869,2.1665354,1.0171291,0.56801087,1.0786223,1.2589186,1.0365577,-0.5799302,1.3789617,0.69833905,0.69311154,-0.12175946,-0.70185083
99,0,MGS1,-1.1535398,-2.2778447,0.6612051,0.8920969,-0.48299843,-1.0035124,0.86301136,0.76456875,0.62960875,-1.3646215,-0.9413484,-0.30559036,0.6065236,0.13031632,1.0649356,-1.0620666
100,1,MGS2,2.3893332,-1.3614973,-0.3349881,-0.9820745,-1.3020824,-0.27235165,1.1127478,1.405733,-1.592098,-1.5425507,1.0621989,-1.41228,0.15326655,-0.007696172,-0.91706765,-1.5268888
101,2,MGS3,1.3586459,1.3975377,0.15164383,-0.87142414,-0.18024775,-1.1544222,0.68617445,-2.1167004,-1.0077761,-0.50549823,2.2187042,-0.7435404,1.5224396,-0.90831476,0.5560005,2.0637724
102,1,MGS2,2.120251,-1.7044152,0.053366676,0.6036743,-0.9794071,-0.49496374,1.8746758,2.2123978,-1.0283962,-2.2297125,0.092710696,-1.7367913,0.8155097,0.4514134,-0.756444,-2.8608165
103,2,MGS3,0.8321338,1.980828,-0.25217834,-0.62151206,0.8393367,0.91290903,0.39515883,-0.21472506,0.95485306,1.7239498,0.68116933,0.2871419,-0.064998925,0.5141117,-0.2306507,0.68691283
104,1,MGS2,1.1859653,0.5324467,-0.21553247,-1.7236428,-1.5660195,0.24826254,2.4299371,-0.6857592,-0.80390614,-1.5354998,1.0751143,-0.88893735,1.1049836,-0.08982226,-1.2507083,-0.55698895
105,1,MGS2,0.13508596,-0.45272833,1.1136644,1.4308981,0.14197567,0.25048557,-0.4135273,-0.7617826,1.545496,0.15914215,-1.8259817,-0.39789885,0.9959342,-0.8467601,-0.40830612,0.4707255
106,3,MGS4,0.3101624,1.5593338,0.05065302,0.08040782,-0.96714157,1.5489794,0.6848248,-1.3798965,0.4371679,0.8677003,0.113995455,-0.7256555,1.155608,-0.61639696,-1.6223961,-0.2729831
107,3,MGS4,0.34624195,3.5800698,-1.2256913,1.9823761,1.5938845,-0.27008107,-1.4009663,-1.0111045,-0.15959516,1.187708,1.4158198,0.8120708,1.7331941,1.1601816,-0.86154455,-0.3607722
109,0,MGS1,0.9469574,0.17253035,1.4083762,-0.11456217,-0.8693237,-0.5718201,0.42708918,0.2976748,-0.9698399,0.92608994,1.0512803,-0.872219,-0.13746433,0.24890296,-2.106511,-0.6733979
110,2,MGS3,-0.31892496,-3.5190575,0.09699984,0.1201667,0.34042284,-1.3121018,0.79095626,1.8706183,-0.7390785,-0.7031986,0.32188582,-1.5337082,0.5125972,-0.09127511,-0.4226758,-1.0435842
111,1,MGS2,2.129958,0.69722325,0.9519489,-0.5618104,-1.4142364,0.0069672195,0.09767295,-0.6043238,0.25737727,-0.013752956,-0.6362496,0.8277018,-0.03740271,-0.4991893,-1.2863644,1.3130214
112,1,MGS2,-0.05242223,-0.6627245,0.218959,0.6197965,1.400667,-1.2635381,-0.16192223,0.24095711,0.06916013,0.5586981,-0.21440238,-0.6044057,0.9565877,-0.06629291,0.1098449,0.7470455
113,1,MGS2,1.019591,-0.2926368,0.8498716,-0.34864998,-0.8873121,-0.017199,0.27212223,0.8435272,-0.81181943,0.43104735,0.20778984,-0.8460115,-0.61841595,0.3777301,-2.1814313,-0.5950998
114,2,MGS3,2.1199813,0.46241617,1.0048141,-0.005386066,-0.60790986,-0.72576994,-0.16373238,0.47507676,-1.3915063,0.6685896,0.2026173,0.04481651,0.37799788,0.09359111,-2.0102448,-0.8431169
115,0,MGS1,-0.07025536,0.07179695,0.439911,-0.46675757,0.45813227,-0.30111495,0.19223928,0.17379087,-0.9048107,1.0343758,1.2674634,-1.1195915,0.9266438,-0.20080636,-0.68551546,0.34283572
116,3,MGS4,1.1013348,2.596969,-0.12350908,-1.3201929,-0.9468376,-0.032183275,0.11907741,-1.3547546,0.056761116,1.6083776,1.0069027,0.75615263,0.4597213,0.36679786,-0.23859757,0.8786796
117,0,MGS1,-1.6644216,-3.2403407,-1.8536987,1.9078711,1.0773848,-1.222433,0.25324988,0.6604127,0.87301916,-1.8205976,-1.2119102,-0.55429536,0.8834353,0.60385984,1.0030563,-1.3030702
119,0,MGS1,0.113057,-1.1716518,0.36786786,0.69026494,-0.8782782,0.50687826,0.7402794,1.0674632,0.1756092,-0.74999934,-0.9332999,-1.0204449,0.15915585,0.6751116,-1.4895259,-1.7414007
120,0,MGS1,0.71127766,-1.0634947,0.104212135,-1.3432544,-1.2970208,-0.40541273,-0.53509283,1.0007321,-0.9616858,-0.4909299,-0.3285133,0.44765696,-0.7460488,1.8114908,-0.47948667,-0.87245566
121,2,MGS3,1.107367,0.1778949,-0.57536983,-0.8461955,-0.53112525,0.30772394,-1.0823851,0.65460694,-0.41152677,0.10537975,0.20273514,-0.20801407,0.040894255,1.3543602,-0.6886924,-0.06643163
122,1,MGS2,1.0858816,-0.5481554,-0.22484599,-1.3084363,-1.1043917,-0.30565274,0.35866395,0.8046823,-1.2838601,-0.1703072,0.5867581,0.12675147,-0.27207822,-0.24835059,-1.4922644,-0.8306187
123,2,MGS3,0.016973823,1.935005,-0.35160512,-1.2402471,-1.3247821,0.48711398,1.6394795,-1.1814691,-0.58561516,0.20990475,1.5203967,-0.3196964,0.9789833,-0.11847922,-1.006163,-0.07894252
124,3,MGS4,0.6782418,-0.37656826,-0.9313154,0.9860899,-0.76877844,1.0505055,0.46135354,1.6131746,0.45223442,-1.423216,-1.3688797,-1.1894014,0.11891285,0.6998306,-1.3466797,-1.2109517
125,3,MGS4,2.2795901,0.62920403,0.06810562,-1.1997123,-0.15442444,-1.2583699,-0.090627365,-0.16826513,-1.4600112,-0.73880845,1.5361296,-0.47968143,0.30548277,1.0218961,-0.8299069,-0.62822884
126,0,MGS1,0.40631127,-3.0321012,-0.8875264,-0.36918482,0.40069714,-1.0411818,1.1877453,0.5935212,-1.1876774,-2.3936677,1.2033976,-2.285173,0.3536483,0.09099707,-0.93236697,-0.5507101
127,1,MGS2,-0.11368832,0.65641224,-1.5739017,0.23057717,0.59904695,-0.21994048,0.7459263,0.24085733,-1.0002412,-0.080952644,0.2678079,0.13315567,0.4603596,1.4207416,-0.5339411,-2.2194345
128,2,MGS3,-0.6996905,1.3720587,-0.021958144,-1.5046923,-0.5559997,-0.020335857,0.657344,-1.2925442,-0.55223364,1.7859902,2.332993,-0.97446895,1.4836864,-0.6925027,-0.6931496,1.2459571
129,1,MGS2,0.937876,-0.35741645,0.16300648,-1.0444516,-0.09912317,-1.0194554,0.4021561,-0.88704723,-0.28648874,-0.5729511,0.6310533,-0.30289376,1.1065056,-0.397629,0.31806195,0.87785244
130,2,MGS3,1.7071081,2.0023592,0.0094147865,-0.31623235,0.9514625,0.35807982,0.90112644,0.22931446,-0.7819648,1.7037691,1.5819167,-1.7969114,0.45457932,1.2238338,-1.1830839,-0.11525363
131,2,MGS3,1.3796479,2.0725405,0.09440651,-1.8720642,-1.2832067,-0.049576744,2.4156826,-1.9376432,0.41327617,-0.19533716,0.82275546,-0.4464758,1.6935873,0.37789586,-0.15464742,0.644652
132,2,MGS3,1.3233153,1.9850515,-0.7512061,-0.50894207,-0.4167651,1.0462312,-1.4601573,-0.12654391,-0.13459297,0.7046571,0.5961308,0.033986934,-0.24438906,1.1369783,-0.6382638,0.39572555
133,3,MGS4,0.5460607,2.000242,-1.8839442,0.61975205,0.46250787,0.035689056,-0.2533749,-0.50089836,-0.37963557,-0.92056847,0.25782853,-0.096427426,0.13232161,0.40617105,-0.7801894,-0.45730612
134,1,MGS2,-0.1725101,0.43428802,0.021576347,-0.47308296,-1.309128,-0.27016482,1.5283644,0.10434471,-0.5663235,0.23411782,0.79489946,0.22369602,0.908144,0.32999864,-0.95762146,-1.8360925
136,1,MGS2,1.7111583,0.7716521,-0.407898,0.40663692,-1.3583902,-1.2912065,0.45956594,-0.9489105,-0.20222165,-0.5218261,-0.23250969,1.6614043,1.565094,-0.15680341,-0.78892094,-0.67061335
137,0,MGS1,-0.12481981,0.022489991,-1.0026997,-0.21639402,0.1787345,0.35090658,-0.64709264,-0.0058035245,-0.6265252,0.08036858,1.3822271,-1.0116677,0.7976473,-0.30782086,-0.64610314,0.3924086
138,1,MGS2,1.4087521,-1.6850952,1.3130583,-0.2656129,-1.9168099,-0.57388526,2.1132092,0.5436365,0.93491495,-1.0928229,-2.292168,0.2081337,-0.043060824,1.0564667,-0.8278489,-0.7178911
139,0,MGS1,-0.9634292,-1.7399063,-0.06220367,-0.5375675,-0.9265166,0.3330431,1.6871469,-0.11094071,1.543729,-0.5008196,-1.581893,0.4947996,-0.71882266,1.0495688,0.07784027,-1.3935995
141,1,MGS2,0.7161368,-0.21855652,0.52013075,0.54152894,-0.01688744,-0.8491045,1.6660262,-0.43647572,-0.19198278,-0.052306715,-1.0820575,0.33186728,0.63373184,1.6244833,-0.7352991,-0.8313377
142,0,MGS1,0.6317425,-2.438272,0.17256601,-0.5740375,-1.2084528,-0.30296773,1.4255188,2.3605597,-0.8225502,-0.65000635,0.17131163,-0.47359315,-0.93927366,0.7050861,-1.2921134,-1.6604142
144,2,MGS3,-0.055770796,1.3435787,0.708642,0.4559561,1.1202402,-1.1667421,-0.118030444,-1.1937758,-0.12411318,2.1138303,1.1852177,-0.10224605,1.7035719,-0.22283378,0.23860171,1.3744478
145,0,MGS1,0.12682007,0.27206817,0.035267614,-0.75899476,0.15020713,0.47999126,0.36812922,0.37788484,-0.102136545,0.9046661,0.59315133,-1.5750929,0.81050634,-0.43098333,-0.7781259,1.0547241
146,1,MGS2,1.4602461,-1.5879289,0.29299104,0.76778215,2.171128,-0.8902657,-0.24779387,1.5970508,-0.67303973,-0.37466407,0.4112921,-1.655441,0.98097473,1.350048,-0.021384431,-0.87260157
147,1,MGS2,-0.5187111,-2.3197074,-0.47688392,-0.38411525,0.030153714,0.67174333,-0.3857553,1.8274903,0.03236514,-0.6298608,-0.46422875,-1.9803803,-0.54390186,-0.34359658,-0.5264716,0.012425309
148,3,MGS4,2.2101674,2.716179,0.40204757,-0.8745748,0.12678635,0.947732,-0.5126234,-0.02398859,-0.18854727,2.3753672,0.9365121,-0.17117137,0.68496543,0.7697153,-0.8322519,1.1236957
149,0,MGS1,0.16583164,0.78806216,1.3005396,-1.3287039,0.72917855,-1.1231854,0.96491295,-0.66884273,0.33851513,2.809361,0.9707254,-0.4729788,1.9501292,0.45767096,0.28215316,1.3885287
150,3,MGS4,0.6949304,0.982467,-1.1601309,2.36648,2.5453997,-0.59496653,-0.874656,0.5661083,-1.0349472,0.45358598,-0.10636318,0.3028165,1.0825375,2.391586,-0.39292234,-1.7603095
152,1,MGS2,-0.58121365,-0.14481765,-0.4313082,1.2752179,0.71621245,-0.19204037,0.5650239,0.8850088,0.4531043,-0.6531699,-0.8001872,-1.475367,1.601391,0.022892285,-0.5149007,-0.47725052
153,0,MGS1,0.5872863,-0.7540645,0.20776024,-1.3276166,-0.7197209,-1.0166092,1.9650418,-0.30309024,-0.030770538,-1.5965366,-0.28416604,0.05258092,-0.02051357,1.1586188,0.36599597,-1.693849
154,1,MGS2,0.7297293,2.4231179,0.8172374,0.23999214,-0.18162012,0.052511327,0.8319948,-0.09610129,1.4112066,1.1678255,0.102115355,0.81985116,0.80756897,0.12983495,-0.68686813,-0.12747368
155,2,MGS3,0.14031965,2.208162,-1.6286781,0.0484683,0.20348537,1.4761182,-0.07498412,-0.03599596,0.7471731,-0.592938,0.38612902,-0.48030245,-0.046636842,-0.4989799,-0.993518,0.13668144
156,1,MGS2,0.603295,-2.9104803,-0.86520594,-0.08674015,0.026964808,-1.544798,-0.22844794,1.2946817,-0.6553412,-1.4694747,-1.813465,0.8606521,-1.2846408,1.2627252,0.30114913,-1.681769
157,3,MGS4,0.7691072,1.5069423,0.19327211,-1.5986152,-0.91936135,0.13535927,0.5864794,0.275131,-0.057133265,0.9657195,1.9543854,0.06239701,-0.433045,-0.46805555,-2.1244898,-0.12359084
158,2,MGS3,0.76159346,-0.17077623,1.105141,-0.96733916,-0.22858194,-0.7113763,0.4056403,0.34853828,-0.16413505,0.7307408,-0.5717581,0.3693843,-0.5092187,1.1388814,-0.21302356,-0.07988261
159,2,MGS3,0.7492268,0.684744,-0.1464639,0.9305779,0.95134556,0.14302145,0.92351043,0.5216014,-0.17854877,-0.29422924,0.815685,-1.6572466,2.1791525,0.3931052,-0.349926,-0.95222044
160,3,MGS4,-0.9584513,0.35503456,-1.1237952,1.5518724,1.3695707,-1.0552576,-0.34954712,-0.9256304,0.7403979,-0.2331378,0.02548637,0.27087757,1.6137085,0.400362,0.9213879,-0.49316067
161,1,MGS2,-1.3060378,1.2479849,-0.03254014,-1.5089924,-1.176093,0.636727,1.1726215,-0.7677018,-0.022727184,0.98537874,0.7085443,-0.24291033,1.9008682,-0.780926,-0.57705796,0.5274094
162,0,MGS1,0.71732885,-0.19299003,-0.2583803,-1.0937724,-0.5352682,-1.0355469,1.3999686,-1.1964966,-0.6268034,-0.47504985,0.8157872,-0.013893694,0.0076000467,0.51178676,-0.36963195,0.70391196
163,0,MGS1,0.78586894,0.015168711,0.99334556,-0.03214967,-0.04172736,-0.048185647,1.2830412,1.1742667,0.7036622,-0.8277327,0.3418579,-1.1734537,1.6214298,-0.82091725,-1.0976436,-1.2489598
165,1,MGS2,-0.3655674,-2.7425528,-0.93981797,-0.06581912,0.07067564,-0.546699,-0.30388942,1.2392343,-0.72394484,-1.3733969,0.3014485,-0.78858167,0.06444214,-0.4166458,-0.34816128,-0.80222523
166,1,MGS2,3.2325442,-1.7986096,0.8907161,-1.6659471,-1.0019916,-0.82361937,1.7800379,2.0164819,-0.77167207,-1.7321212,0.77347296,-1.113962,-0.46924302,-0.10813202,-2.7204485,-0.7132374
167,1,MGS2,1.1356704,1.3016119,0.23040384,-1.1023432,0.10231839,-0.18563227,-0.06006768,-0.2710738,0.31571794,1.3246449,0.50069284,1.2352712,-0.4761671,0.014418755,-0.601722,0.09119904
168,1,MGS2,-0.5818759,-3.3449838,-0.502451,0.50110656,0.13361871,-1.898936,-0.16279814,0.4993235,-0.18169263,-1.1025143,-0.25406513,0.24473612,-0.2762815,-0.22249107,0.5031048,-0.5472976
171,1,MGS2,0.5212369,0.54547113,-0.71756643,-0.1355801,1.0103556,0.07480923,-0.33854598,0.017380554,0.5809107,0.714316,0.16282892,0.7204226,-0.9268691,0.5474024,-0.13281386,0.01277278
172,0,MGS1,0.96658236,-0.92596316,-0.040362112,-0.7819019,0.27034354,0.08218499,-0.90046424,1.4498974,-0.015641805,-0.7032603,-0.13516377,0.59280866,-1.4655463,1.2159517,-1.0712302,-0.9906834
173,0,MGS1,-1.005888,-1.893527,0.07709447,0.88551575,0.15842627,-0.25728285,0.32151818,0.7891233,1.3156791,-1.1623755,-1.9667209,-0.21558245,0.5893875,0.27354163,0.67196244,-0.54505086
174,1,MGS2,2.0271986,0.9350507,0.06884313,0.7368279,1.1606218,-1.0700465,0.08014444,0.3577502,0.24976365,0.33657154,0.18181275,0.8134798,0.33432013,0.13760267,-1.5221971,0.38640362
176,1,MGS2,-0.89393455,-0.26622245,-0.30227798,0.24221767,-0.5021817,-0.2972668,0.05636525,-0.15542199,-0.47569165,-0.70991427,0.17469172,0.19240409,1.3844507,-0.9689978,-0.4620863,-0.7846501
177,0,MGS1,-0.22600408,-1.2696985,-0.023403013,-0.76345384,-0.35326323,-0.8751635,-0.18755364,0.18016791,-1.3719163,0.014071379,0.9948468,-0.1826847,0.8436838,-0.8128264,-0.5804675,-0.19287878
178,3,MGS4,1.1687353,1.8691611,0.924239,-0.5082788,0.06526702,0.5569177,1.5185537,0.35452133,1.6125512,0.27229008,-0.37355742,0.12149451,0.48118293,0.81306416,-0.57855606,-0.8270124
179,1,MGS2,1.6021111,-0.17351474,0.096974276,-0.31784305,-0.3928494,-0.19074796,0.07803958,1.3841078,-1.129638,-0.37027892,-0.23708147,-0.21497741,-0.0123283975,0.1792941,-1.4580005,-0.9357768
180,1,MGS2,0.085446216,-0.4124096,0.036463354,-0.5630346,-1.343845,0.8788041,1.2055601,1.4260842,0.11676992,-0.92783374,-1.2764001,-0.26573077,0.17748262,0.6863699,-0.7159446,-1.6089978
181,1,MGS2,0.04748588,0.37305605,0.26003593,-0.54718447,-1.5754336,-0.94561994,0.7490049,-0.60083264,0.22892503,-0.40323186,-0.1795012,1.6186849,0.5039973,0.8632084,-0.004727743,-1.4402841
182,1,MGS2,2.180261,0.25898916,0.615875,-1.9095751,-0.42474407,0.2371345,1.487938,1.124334,-0.9408274,0.4106613,0.5449941,-1.386206,0.49202573,0.6289579,-1.0670724,-0.8754828
183,1,MGS2,-0.7868425,-1.504889,-0.1975269,1.0456713,1.1346855,-0.045645013,0.32445428,1.034906,2.0525203,-1.8336929,-1.665542,-0.031541932,0.9624276,-0.12133606,-0.03675861,-0.031195967
184,2,MGS3,0.95734227,1.1247762,-0.10996703,0.5874235,1.2723832,-0.052096754,-0.35665625,1.2959036,0.053617716,0.8824256,0.67442805,0.05648686,-0.5173234,-0.16053146,-2.135408,-0.44585487
185,1,MGS2,0.8254751,-1.1789973,-0.24921255,0.08338735,1.1325775,-0.4396488,1.4341279,0.5755462,-1.8245747,-1.8409102,0.34702647,-1.5767562,1.9304396,0.4728296,-0.39873064,-0.7393858
186,1,MGS2,0.91017526,0.30008286,-0.418624,-0.8011638,0.72025484,0.5527446,-0.06873707,1.121547,0.002403824,0.03801796,1.0084805,0.23462278,-0.89775854,-0.15168588,-1.4810908,-1.3242735
187,1,MGS2,1.5491971,-1.5075942,-1.9600511,2.1500397,3.0064433,-0.5768024,-0.81767017,1.7395881,0.37545934,-2.3246062,1.0580652,-1.6131595,0.5947824,-0.39818767,-1.2247434,-1.4709312
188,1,MGS2,-0.47918406,-3.5066307,-1.6124701,0.48673737,0.3339022,-0.3238317,-0.48372337,0.91790044,-0.20369963,-1.499389,-1.1931796,-0.59874916,-0.34158194,-0.038366474,1.5009786,0.44219702
189,0,MGS1,0.70846784,-1.0192254,-0.15697365,-0.11902137,-0.5872702,-0.17114249,-0.56640905,0.59027064,-2.2473605,-0.66991156,1.1746788,-0.22574407,0.27469775,-0.81565267,0.19545071,0.095737375
190,1,MGS2,2.3072395,-0.060880456,0.7058062,-1.4400411,-0.4887571,0.1308171,0.19330765,1.2481161,-0.57257605,-0.11887536,-0.27509022,-0.9492463,-0.008551076,1.5958962,-0.5336481,-0.64958847
191,2,MGS3,0.6942151,1.251838,0.24698351,0.26507658,0.7457578,-0.5707934,0.28102717,-0.14374293,0.83439016,0.07269378,0.25200224,2.2163923,0.016593095,0.2665327,-0.35187295,-1.9882298
192,1,MGS2,1.4836059,0.10215671,-0.285175,0.22447446,-0.058686625,0.1967675,0.32213178,1.2495204,-1.4651951,-0.1158825,0.10743255,-0.9063865,-0.19141024,0.6718148,-0.9022681,-0.5497068
193,1,MGS2,1.9233776,-0.7006951,-0.7769849,0.3273553,0.86894655,-0.94460666,-1.2662771,0.94561315,-1.0445467,-0.5925433,1.0408503,0.72430027,-0.11167844,0.9172798,-0.6097573,-1.7880682
196,2,MGS3,0.21325344,-1.3303566,-1.2178444,-0.7892565,-1.00771,0.7048492,0.42946038,1.2457416,-0.5626878,-0.58025646,-0.035938643,-0.6898641,-1.1002545,0.45536837,-0.7927079,-0.5371961
197,1,MGS2,0.45776623,-0.15678097,0.10571138,-1.1045828,-0.60682,0.025592314,0.77144897,-0.15723501,-1.3897709,-0.097087584,2.3256063,-1.7354516,1.0617414,-1.2021813,0.4467512,0.08589027
198,3,MGS4,0.2732882,0.59291065,-0.3816335,-0.32261062,-0.55532926,0.8093803,0.833885,0.14034462,-1.8605689,0.2331071,1.1006153,0.14198133,1.9474382,-0.22220726,0.4225245,-0.34213835
199,1,MGS2,-0.55399656,-1.3768479,1.1988993,0.18639839,-0.762718,-1.2114153,1.6167043,0.30638048,0.23793215,-0.8038263,-0.44975692,-0.31657016,1.5407548,0.0011188015,1.1768633,-0.36522466
200,1,MGS2,0.5114517,2.1028965,-0.23666587,-0.48941946,-1.3839443,0.33005112,0.870547,-1.1201831,0.29356524,0.25763792,0.004855849,0.9252663,1.1684802,-0.0685158,0.46652246,0.2033325
201,1,MGS2,1.6676029,0.7694444,0.010010703,-0.29431668,-0.41566074,-0.16905972,-0.2030395,0.43720302,0.23495428,0.1337963,-1.3462486,0.24847668,-0.15716116,0.55605245,-0.3477266,0.5141976
202,2,MGS3,-0.5098593,-2.5248423,-0.8104576,-0.30752,-0.10964451,0.16307867,-0.39686158,0.82075965,0.15395264,-1.3679183,-1.0422635,-0.7716141,-0.06853199,-0.08542353,1.4269919,0.112575464
203,3,MGS4,1.4517881,0.6317552,-1.1849546,-0.2704477,0.87845236,0.89316744,-0.5251369,1.0369731,0.08520429,-1.0517857,0.6902256,-0.41886646,-1.372644,-0.13210748,-1.3330812,-0.6030036
204,2,MGS3,1.3128821,-0.4829092,1.2528218,-1.039802,-1.8406409,-0.107687645,2.7565193,1.3605226,-1.023193,-0.9514675,0.59520304,-1.0259597,1.09846,0.7077077,-0.51191664,-2.5029953
205,1,MGS2,1.3417776,-2.090286,-0.62878174,1.4837844,0.7533183,-1.8615994,-0.38577643,1.3967814,-0.41846082,-1.0371885,-1.2253997,0.4522541,-1.0268734,0.9563024,-0.24006014,-1.177913
206,2,MGS3,0.90541,1.2466382,0.6695419,0.3141574,0.8600923,-0.43052268,1.7317877,-0.6111498,-0.67591536,1.6734279,1.6303623,-1.2041023,2.8494854,-0.81676036,-0.33217806,-0.20909837
207,1,MGS2,-0.64690185,-1.4358683,-0.46451893,0.0826059,0.4455522,-0.6779835,-0.26738435,0.25648946,-1.0891504,0.04757536,1.3098663,-0.8593906,0.86972123,-0.5766899,-0.45093518,-0.44934276
208,2,MGS3,0.6748345,1.1753988,0.9353735,-0.4414461,1.176897,-0.18546459,1.1992593,0.184605,0.92765325,1.9854358,-0.28839588,0.5738431,2.1004968,0.1939498,0.30710804,0.35783926
209,3,MGS4,-0.21764843,-0.6247953,0.06755428,-0.38841605,0.42202833,-0.44210583,-1.4373409,-0.09954894,-0.7664342,-0.013088614,0.47116944,-0.10389974,0.32014713,0.25660935,0.038854726,0.39819965
212,2,MGS3,1.3136233,-0.27859685,-1.7276974,2.1327946,2.2206686,-0.5270631,-1.1453569,1.3730483,-0.50681794,-0.4415795,0.85578567,-0.031581953,-1.0344918,0.5961527,-1.9858578,-1.8972057
215,1,MGS2,1.836492,0.4639014,0.25132468,-0.019562477,0.7282084,0.30993903,-0.53448063,1.7036966,0.38418323,0.4777947,0.25532204,-0.4188736,-0.13306065,0.8334914,-1.3033502,-0.18944362
216,1,MGS2,-0.3058577,-1.6149162,0.18406697,-1.9082185,-0.7087653,-0.049930893,0.6534804,-0.7555775,0.36783275,-1.2409382,-0.47106928,-0.09604142,-0.88843125,-0.2705677,0.5590289,1.3967375
217,0,MGS1,0.5956569,-0.8944697,0.73841757,-0.66521114,0.4279936,-0.47571242,0.8346624,1.0948999,-0.35876316,0.914536,0.43953106,-1.7277751,1.2387909,0.11772485,-0.9718095,0.1799996
218,0,MGS1,0.8195276,-1.1128975,-1.3234268,-1.0620285,0.51418096,2.079403,-0.52860725,2.192181,1.018095,-0.9089613,-0.4089791,-0.37519863,-1.3123974,-0.4690868,-1.2738011,-1.2483464
219,1,MGS2,-0.8585064,-2.4786632,-0.43261862,0.70706606,1.484498,-1.088181,0.6799975,0.81533337,1.6208923,-1.9360236,-0.8881719,0.93471247,0.8684699,0.04241612,0.23496073,-1.8369533
220,1,MGS2,1.2262572,0.5580857,-0.17367865,0.7480428,-0.5766786,0.15936197,0.5448388,0.6677145,0.34201208,-0.7740668,-1.3801721,0.2785875,0.6448554,0.41551316,0.50205624,-0.3847299
221,2,MGS3,1.2820446,0.32067975,-2.1325731,1.3870385,3.3544004,0.19926094,-0.8668496,1.3718641,0.87912244,-0.61536777,1.0744259,-0.65009516,2.0026262,-0.8127199,-0.75339884,-1.5330592
223,3,MGS4,1.179113,-0.33302763,0.6414961,-1.9527538,0.4081007,-0.33829066,0.44050097,0.5968851,0.27942675,0.79816955,-0.12378526,1.7248076,-1.0611522,0.55375,-0.30178243,-1.4049417
224,3,MGS4,1.6152,0.7008957,-0.6675403,-0.13281834,1.099089,-0.23530832,-0.33071887,1.0002785,-0.35495627,0.39736888,1.4688869,0.62915516,-0.015994962,-0.28042418,-1.6272793,-1.5459493
225,1,MGS2,1.5919856,1.7130846,-0.44381145,-0.9437994,-0.98615897,1.0242292,-1.2325658,0.2326426,-0.8713988,-0.19057257,0.24927576,0.07484233,-0.43464062,0.77555656,-0.28102505,0.7095527
226,3,MGS4,1.0597744,3.168521,-0.48240557,-0.66100156,0.056210276,1.253415,0.21259099,-0.13198036,0.62754565,1.2466228,1.1923482,0.9996881,1.3949722,-1.0802602,-1.3023362,-0.8910792
227,1,MGS2,-0.09192068,0.6570401,0.013434421,0.19059145,0.91648215,-0.37993267,0.36559218,-0.26311815,-0.78591555,0.51126003,-0.7808685,0.5574938,1.8425068,0.16624267,1.1570939,0.1828977
228,3,MGS4,1.4015108,1.9894394,1.0099621,0.102588706,-1.7822863,-0.20788878,1.463277,-0.05089683,0.05585867,-0.64164245,-0.4660269,0.8940414,1.4969836,0.22834967,-0.06666186,0.421109
229,0,MGS1,1.0724146,-1.234613,0.3856948,-1.2177731,-1.6522394,-1.3330847,1.2411327,0.110366575,-0.850626,-0.38464385,0.4536482,0.82500184,-0.5929407,0.51731473,0.4231433,-0.62584805
232,3,MGS4,0.43301472,2.3373108,-0.70250285,0.3892957,0.6837042,-0.086354375,-0.43125033,-1.2428687,-1.3210217,1.5332384,2.4585855,-0.80595523,2.0216393,-1.3423004,-0.33558357,1.7243128
233,1,MGS2,1.0397983,-1.5616437,-0.06522797,-1.5284358,-2.2439582,-0.14706728,0.8542085,1.5049968,-1.6511009,-0.8914836,0.49166432,-0.2064617,-0.4192001,-0.19663906,-0.7261442,-1.172501
234,3,MGS4,0.61406124,1.3609201,0.6152386,-0.6484746,-0.38553047,1.4043925,0.008301559,0.31191495,-0.7187992,0.77482826,0.9155168,-1.3019012,1.4858929,-1.442684,-0.18576802,1.6804665
235,2,MGS3,1.4805508,1.1612381,0.6653255,-0.4125104,-1.3732744,0.25366324,-0.003203114,0.20851026,-0.7293376,-1.1740698,0.6702715,-0.052030254,0.7570517,0.7153923,0.24035668,-1.3295782
236,2,MGS3,0.8544254,0.2121287,-1.494423,0.5398276,2.0625741,0.15328206,0.5917653,0.14767854,0.4420237,-2.0798397,1.2929333,-1.3698437,1.4888113,-0.99434644,-0.9071015,-0.579324
237,0,MGS1,0.4126006,-0.24690597,-0.32646695,0.34835744,2.7798,0.88305324,-0.6464912,1.5116827,0.72344685,0.8618252,0.82175374,-0.9132828,0.72714067,-0.6406069,-0.92583245,-0.35576898
240,1,MGS2,1.8700705,-0.39015484,-0.099693716,-0.32581764,0.10733186,-0.5192564,1.5414577,1.2134081,-0.8262043,0.16535874,-1.6980015,0.11642955,1.105256,1.6909003,0.43468648,-1.0011704
241,2,MGS3,1.7705508,0.6348852,-0.041567814,-0.42417225,-1.561433,0.11713663,-0.03876662,0.32045394,-0.86046046,-0.89400995,-0.055198766,0.7503038,1.0615282,0.74842024,-0.3521221,-1.2056946
242,2,MGS3,0.02524459,0.6828423,-0.8470103,0.5989761,1.4647595,1.6189098,-0.57603955,0.9877908,-0.4150875,0.35224375,-0.6078826,-1.6133349,0.053402197,-1.1696209,0.96524584,1.8530482
243,0,MGS1,1.6511658,-0.76775986,0.66006786,-0.8552389,1.535049,-0.062172554,0.6833515,2.1045382,0.29114264,-0.37009057,1.2764035,-1.6617131,0.6814804,-0.20332044,-0.93102264,-1.569339
244,2,MGS3,1.2864913,1.477953,-0.17760698,-0.6133446,0.76110613,0.42781797,-0.27224317,0.8548144,-0.2511332,0.7154576,1.8705629,1.0689272,-0.18847494,-0.48711345,-1.3545426,-1.3181984
245,2,MGS3,0.7939936,0.36116913,-0.44590357,-0.72467244,1.1199927,0.021967446,0.2690274,-0.19421883,-1.6753097,0.7723038,1.7727739,-1.7230512,1.1506662,-0.34249553,0.12537938,0.30082837
246,0,MGS1,-1.477664,0.08980372,0.46158606,-0.801688,-1.2158167,-0.3129096,1.2008355,-0.9416229,0.45396012,-0.33237794,-0.0011549946,0.5398945,1.1147647,-0.029668385,1.1956327,0.351737
247,2,MGS3,3.0022092,1.4792961,0.5136771,-0.9590541,-1.0445923,1.3646365,1.9182119,1.0654138,0.37044394,0.56207514,-0.93095344,-0.18802013,1.4101928,0.9759353,0.65525234,0.21070474
248,2,MGS3,1.5771362,0.074350305,-0.58554775,1.4470705,1.7128597,0.4642203,-0.42972368,1.5994415,0.8070854,-0.30077764,1.0071027,1.2288946,-0.8435237,0.5499827,-0.08898464,-1.4037544
249,3,MGS4,1.0932949,2.3173008,0.38708377,-0.86919546,-0.1955188,-0.35066628,1.4829515,-0.7578927,1.0507934,0.7841199,1.0441186,0.65812796,1.4659733,0.20647846,-0.6661806,-0.90360004
250,2,MGS3,0.20242201,0.6661069,-0.6925769,-0.06825581,1.1147535,-0.61313057,1.3221706,-1.6148405,0.58382165,-0.9119817,0.11177639,-1.1880052,1.9511764,0.27204895,0.47025815,1.0904483
251,0,MGS1,0.5079237,-0.3146825,0.8355919,0.6824681,0.51789874,0.73211336,1.0329233,1.5124667,-1.3692057,0.21989796,-0.3961029,-0.26119238,1.7060025,0.08770983,0.6520787,-0.62126243
252,1,MGS2,-0.5727912,1.8617952,-0.50527793,-0.76267415,1.1930252,1.3064138,0.72244334,-0.108246565,1.5415533,0.95686173,1.1186482,-0.75123656,2.3827736,-1.1784257,-0.35308823,-0.19283055
253,3,MGS4,1.3331498,0.33405858,-0.5737183,0.11132509,-0.29023293,-0.32862428,1.0903276,0.7753375,0.10571192,-1.2789176,1.0799683,0.94937944,0.749963,-0.42249587,-1.8863442,-1.9908942
254,0,MGS1,1.1621855,-0.24693398,-0.26402906,-0.5867424,0.72618234,-0.86912984,0.39855406,0.4330712,0.77512616,0.27087513,0.5821331,0.97818434,-0.6303426,0.26080516,-0.56572205,-1.0362996
263,2,MGS3,2.2898118,-0.12525062,1.3777087,-1.3219174,-1.541945,0.1003015,-0.13640377,1.3801267,-0.9732936,0.2862788,-0.0072409734,-0.16932812,0.4851736,0.6492353,-0.4067332,0.21201812
264,0,MGS1,1.3105936,-0.9413856,0.09986541,-0.011745583,-0.95948446,-1.7950177,0.41950268,0.23750083,-1.2669989,-0.5623396,0.3415547,0.85621524,-0.2189533,0.29661343,0.01672686,-0.8652295
265,0,MGS1,1.6210185,0.55765045,0.5413431,-0.003395022,2.072514,-0.2785452,0.6660432,1.772972,0.32163718,1.48011,2.0071487,-0.72754806,2.306691,-1.0871159,-1.0028023,0.11886805
266,0,MGS1,1.0667742,0.21110095,-0.08503568,-1.4028183,-0.27368277,-0.29032457,1.4414048,-0.65058506,-1.7667474,-0.9416982,2.6239321,-2.1671166,1.7040554,-0.8728576,-0.25523877,1.1406913
267,1,MGS2,2.5501933,0.44824204,0.4193428,-0.45404148,2.6885846,0.5811942,-0.2776505,1.8612771,0.8282351,1.1839206,0.92394716,-1.5787281,1.7815752,0.454383,-0.36227348,0.12205929
268,2,MGS3,-0.82631373,0.60481966,0.9027693,-0.12400886,0.34108904,-0.11730883,0.7321963,0.66612995,0.7729755,0.38929045,0.88061833,-0.24025358,1.4199827,-0.80591196,-1.2386968,-0.5769837
269,2,MGS3,1.2202175,-1.0533395,0.38420746,0.38452616,-2.3191314,-0.31350872,1.5221357,1.5967594,-0.82358503,-1.3929555,-0.38575962,-0.475133,0.8242979,-0.010676948,-0.82240236,-1.5429726
270,3,MGS4,-1.9017811,-0.54119635,-0.34217393,0.64777786,0.10266121,-0.025872922,0.29431412,0.3181773,-0.11575754,-1.0005742,0.56137174,-0.30403027,1.0445689,-0.29142886,-0.2608842,-0.91749233
271,1,MGS2,-0.42112595,-1.1446365,-0.031061867,-0.7932367,-1.5515091,0.03479691,1.5153842,0.6156295,-0.46064767,-0.7834782,-0.21978204,0.18377115,-0.12936276,0.48711044,-0.7097819,-2.0775354
272,3,MGS4,1.8261541,1.5678327,0.12644024,-1.0362858,-0.39666516,-0.40066043,0.7423883,-0.93420964,-0.9980221,-1.0993657,0.9734412,0.033071484,1.3725928,1.3030692,-0.59228545,-0.63264143
273,1,MGS2,0.16044474,-2.8285391,0.010267872,0.1446161,-0.2287255,-2.470268,0.5334232,0.25775224,-1.3656923,-0.7376876,0.48269773,0.53879863,0.65361303,-0.29308835,0.79678,-0.61727387
276,1,MGS2,-1.1135876,-2.7372167,-0.6490021,-0.52043134,-0.89492524,0.10730244,0.028355243,0.99163234,-0.48794836,-1.2338563,0.2409218,-0.84481376,-0.38592288,-0.7978234,-0.31581336,-0.21272139
277,1,MGS2,0.882874,0.0068653747,0.35787168,-0.09131155,0.38796946,0.48332164,0.3574953,1.712855,-0.06780611,0.40574428,0.29476172,-0.39048114,-0.7231502,0.4411951,-1.7108861,-1.0165204
278,2,MGS3,-1.0519558,0.24728222,0.60193574,-0.3338362,0.6113873,-0.399962,0.77474093,-0.553471,1.2605722,0.5499779,0.032244913,0.8014931,1.0801255,-0.21857847,0.19642828,-0.3681839
279,1,MGS2,-0.665524,-1.8838258,-1.0429536,-0.681656,0.78067154,0.65325475,0.07070355,0.7744154,-0.09087726,-0.10437097,-0.09520595,-1.8717909,0.41286948,-0.48224518,-0.14664322,0.25544265
280,3,MGS4,0.73869205,-0.24083649,0.42306748,-1.1649356,0.075360574,-1.4665049,0.7953271,-1.4278877,-0.2697434,-0.8814034,1.690386,-0.94194376,0.7378086,-0.3026911,-0.24976058,1.228502
281,1,MGS2,-0.43730572,-1.4168603,-1.4919232,0.876525,1.1355217,-0.13748254,-0.5605302,0.6376451,-0.5135232,-0.50245726,0.74174875,-1.4331229,0.2208516,-0.2145374,-0.54553235,-0.24045411
283,2,MGS3,0.53408176,0.006775843,-0.34415486,-1.0581584,0.35359704,1.9013797,-0.81619585,1.175782,0.9055387,0.021674322,-0.14920232,-0.1555429,-1.5334718,1.2583561,-0.8215843,-0.24967057
284,3,MGS4,2.53982,0.41803712,0.09230396,-1.6715646,-0.7356,-0.5524155,-0.846816,0.11715489,-1.2055702,-0.18948942,0.3752062,0.15302104,0.080507986,0.76205945,-1.3216783,0.35382545
285,2,MGS3,-0.0071871923,0.8619259,-0.39748013,-1.5530779,-2.1251113,1.4325507,1.1205053,0.24693158,0.24297732,-0.22484985,-0.17716555,-0.06263161,0.2471359,-0.17618354,-1.0520005,-0.6451957
286,0,MGS1,-0.232348,-1.0413715,0.23126362,-0.18775228,-0.10315038,-0.7613414,0.84934235,0.5749642,1.2394371,-0.81967366,-0.7158406,1.6197549,-0.5778407,0.47779027,-0.20827791,-1.9394761
287,1,MGS2,-1.8757002,-2.3339195,-0.3693012,0.2629696,-1.4317307,0.21806686,0.81553984,0.57668394,0.1725482,-1.6806833,-0.055029668,-0.24071568,0.57311827,-0.27884933,-0.3338132,-1.2984023
288,0,MGS1,0.7478692,-1.4971538,0.69348407,-1.7241764,-1.5957353,-1.5076131,0.81801766,0.31324986,-1.0110241,-0.08209868,-0.4015562,1.4068055,-1.5469152,1.2023002,-0.08355167,-1.0300525
289,1,MGS2,1.676543,-0.55409425,1.5605652,-1.7699326,-0.37581283,-0.9974913,1.6797664,0.5010201,-0.15318912,0.72715974,0.062318243,-0.23576476,-0.09219254,1.1680787,0.048156314,-0.79977286
291,0,MGS1,-0.62613946,-0.9103665,-0.1838917,-0.4632505,0.37854415,-0.6676603,-0.12720692,-0.5462664,-0.0062576956,0.24319029,-0.078670695,0.074629694,0.07565854,-0.12117398,0.57222486,0.5910175
292,0,MGS1,-0.7977129,-0.8342682,1.0653657,-0.38915014,-0.6422827,-1.4144652,1.417814,-0.569032,0.38779074,-1.5128953,0.3898124,0.28884462,1.3200116,0.119244054,0.342086,-0.85143286
293,0,MGS1,-0.65582544,-0.8919072,-0.8942017,-0.563646,-1.4320798,0.86734474,0.43521002,1.1911162,0.1406968,-1.8683852,-1.5202602,0.27755412,-0.7377507,0.40780884,-0.6269184,-1.9677917
294,3,MGS4,0.50101435,-0.410372,-0.9504089,2.94507,1.0638145,-0.54113394,-0.66597325,1.6740168,-0.531207,-1.1786457,-1.2590927,0.05083118,0.64119476,0.5991015,-1.21321,-2.3744087
295,0,MGS1,0.7611042,-2.6612575,-0.7977778,-0.87712747,-1.6752794,-0.38342446,0.3968436,1.7178049,-1.1284112,-1.3196565,-0.23634425,-0.052085493,-1.151791,-0.013070056,-1.0385929,-1.5410641
296,2,MGS3,0.36511254,1.9109782,0.3630942,-0.7734217,-1.6680645,0.25825268,0.7462381,-0.9099593,0.9904897,0.51050234,-0.50692505,0.88414323,0.96562517,0.4108854,0.03946369,0.07624764
298,2,MGS3,1.1972717,2.4664261,0.60993755,-2.0788493,-1.2312453,0.5619797,1.5939969,-0.5043951,-0.800556,1.9447137,1.5738791,-0.42604923,1.0835418,-0.14701815,-1.688779,1.4569521
299,2,MGS3,-0.19617519,0.6097231,0.80898726,1.4691031,0.29794484,0.44440725,-0.40018883,-1.1589854,1.8882463,0.36036998,-1.4099374,-0.50622463,1.3605096,-0.66240036,-0.037131973,0.70352477
300,3,MGS4,-0.08136913,2.0344577,-0.3192991,-0.61489207,-1.7665498,0.78706217,0.72615373,-0.41688335,0.048883453,-0.066464566,0.6837753,0.07291057,0.8386928,0.12456863,-1.1463584,-0.5894812
301,1,MGS2,0.55222994,-0.37588254,1.8060747,-0.9949328,-1.7669237,-0.6063807,1.5732329,0.6952317,0.53806746,-0.05810858,-1.5629547,1.1768702,0.3030294,0.681577,0.008258821,-1.2632459
302,3,MGS4,0.035952125,0.18385918,-0.5763728,-0.16552022,0.5265815,0.21531743,-1.6946299,-0.40459317,-0.33587888,-0.34791288,0.32470688,-0.42936304,0.6084391,-0.012058108,-0.31087297,1.827577
303,1,MGS2,-0.23610616,-3.6316493,0.19445911,-0.14342631,-0.32098708,-1.5374483,-0.095983855,0.26471385,0.052492857,-0.59369946,-0.6381085,0.35881752,-0.33350503,-0.4478272,0.5952676,-0.056154717
305,1,MGS2,1.0395144,-1.3723811,1.894846,0.60382825,0.35234466,-0.10824881,-0.17828874,-0.4118346,0.87364095,0.9506633,-1.3010117,-0.62716603,0.23357047,-1.2921559,-0.5465993,1.2097738
307,0,MGS1,0.38986674,-2.097763,-1.6059768,-0.4364402,-0.82489187,0.27831748,0.19496502,1.4649631,-0.57068384,-0.8991098,0.11702024,-0.8370786,-1.2286459,0.5989888,-1.0101398,-0.96033746
308,0,MGS1,-0.43697467,-1.3362334,-0.52676356,1.0376198,-0.084964,0.45934787,0.4710593,1.7336938,-0.3855455,-0.68303794,-0.79481596,-0.78140044,-0.08692302,1.5005345,-0.76507634,-1.861621
309,1,MGS2,0.878291,0.49417007,0.47634634,-1.3551925,-1.089405,-1.2011065,0.5385146,-0.6280277,-0.4510747,0.81038517,0.32295045,0.9800347,-0.21097492,0.5107535,-0.12455274,0.022258934
310,1,MGS2,1.5582478,-1.2443234,1.2439121,-0.5615915,0.016145801,-1.7394428,1.6944242,0.6121512,-0.46302953,0.07505196,0.48389116,-0.39188525,-0.1588585,1.4283233,-0.22405213,-1.5462327
311,0,MGS1,-0.6396483,-0.4806582,-0.38468757,-0.4114259,-0.27727458,-0.22596373,0.05777719,-0.39315817,0.15551026,-0.1754589,0.42084894,-0.44976914,0.31680793,-0.20347893,1.0601224,1.1440729
312,1,MGS2,1.066229,-1.7512537,0.7308348,0.16097431,-0.6997515,-1.0649227,1.163008,1.4892681,-1.4423634,-0.3248951,1.2104867,-1.2493501,1.2766225,-0.46411768,-0.18066049,-0.43571925
313,0,MGS1,1.0429802,0.112847604,-0.46938947,-0.8519233,-1.245561,-0.22268675,0.27815825,0.8000147,-1.5677345,-0.5652633,1.5286688,-0.35048163,-0.084066786,0.08483882,-0.5964537,-0.70533246
314,0,MGS1,0.54719496,-2.7773504,0.15778789,1.36985,-0.36745965,-0.18957503,0.1748094,0.62866753,0.22231202,-1.4986552,-0.52335083,-2.1584437,0.7301951,-1.1788646,-1.75352,0.51091534
315,0,MGS1,1.767484,-2.72804,0.34084052,-0.14528438,-1.0019429,-1.8125093,1.5982822,1.1395577,-0.35270083,-0.79819834,-0.9648441,0.052890424,-0.31483462,0.928358,-0.37465787,-0.4920423
316,0,MGS1,-0.7530126,-2.913379,0.105051376,0.6944338,-0.29513156,0.8215694,1.3027054,0.13297819,0.9240003,-0.71425384,-0.73796076,-1.2305093,0.6436821,-1.2172753,-0.89421344,-0.99599326
317,0,MGS1,-0.3536601,-3.8084753,-0.120305546,0.88866574,0.18243632,0.15942861,-0.32599732,1.596323,0.038837414,-1.2463354,-1.2250214,-2.2081337,-0.54801816,-0.26119497,-0.67273474,-0.35575113
318,0,MGS1,-1.6925614,-1.5541443,0.058988787,0.040029056,-0.317971,-0.6393502,0.542366,-0.08926618,1.1109244,-1.2666376,-1.1781831,0.2912548,0.57532346,0.11916496,0.76699626,-0.48567036
319,0,MGS1,0.93015003,-0.42663452,0.6533677,-0.34434503,0.3092689,0.69385284,-0.9550129,0.05948977,0.08545101,-0.096680574,-0.6727899,-0.90104294,0.58866715,-0.10939391,-0.7932806,1.6421835
320,0,MGS1,1.0379939,1.3467356,-0.24984857,-1.0274967,-0.28522426,-0.3169594,-0.015485235,-0.66934097,-0.2600289,0.87897164,-0.07670953,0.9525364,-0.1729718,0.333125,-0.29254907,0.5930791
321,0,MGS1,0.0764798,-2.9254518,-0.72569346,-0.2830772,-0.33926442,0.6463262,-0.2376185,1.3761542,-0.2580099,-1.2773817,-1.340299,-1.0043901,-1.6963311,0.37805384,-0.9946804,-1.0442448
322,0,MGS1,-0.37666863,-1.0474627,-0.69089323,-0.60194206,0.028551728,1.2481749,0.14688562,-0.41318545,0.077168256,-0.18453906,0.14919442,-1.5638247,-0.19152546,-0.8148233,-1.0089241,1.3057516
324,0,MGS1,-0.18458886,-1.3251382,0.23966394,-0.073079735,-0.0035308204,0.44103214,-0.5099632,-0.76258284,-0.22912776,0.4827814,0.4643696,-1.2348017,0.27417007,-1.1429589,-1.250164,0.33106473
326,1,MGS2,0.8645105,1.8995318,-1.0223049,-1.5192974,0.033707846,0.93026215,0.30348694,-0.1274352,-0.6179033,1.7951702,1.025412,-0.906147,0.83833027,0.48702395,-1.1457611,0.834068
327,1,MGS2,1.5151507,-1.8214105,-0.2656638,1.0472353,-0.6635345,-1.499172,-0.34842145,-0.11274773,-0.2987944,-1.4842935,-0.75441337,0.37651032,-0.50436175,0.3184004,-0.9458495,-0.47394246
328,1,MGS2,-0.6408127,0.6687953,-0.781414,0.85369784,0.4094214,-0.056937307,-0.48972124,-1.1340848,1.0167742,-0.78796494,-0.8877808,0.616954,1.4271759,-0.30324543,0.4320805,0.98211694
329,1,MGS2,0.5301641,0.23143022,0.8046994,1.7063036,-0.0023723464,0.12238757,-0.13418621,-1.4916266,1.477783,-0.12492465,-1.6155798,-0.5847511,1.7260312,-1.0358605,-0.71627873,1.5513303
330,1,MGS2,1.484142,2.3833,0.745337,-0.9155003,-1.2295558,0.14088191,1.1163172,-0.17563902,1.0621787,1.101296,-0.5348362,0.43251467,1.4656636,0.76295483,-0.3084764,0.33901626
331,1,MGS2,-0.6764449,-2.0768118,0.48990312,-0.53917724,0.44135356,-0.53975797,0.42389798,0.8828747,0.530793,-0.32398543,-1.3714558,-0.4247966,-0.33398855,0.70943856,1.0275022,0.34607977
332,1,MGS2,0.53903157,-2.207153,0.40994933,0.35662693,0.6262231,-0.5649815,0.2889628,0.76663977,-0.78430194,0.4819534,0.02905459,-1.248938,0.5374966,-0.84846014,-1.2247158,0.08305271
333,2,MGS3,1.3364687,1.7184922,0.16041037,-1.0828635,0.6800127,-0.02927881,-0.121870235,-0.32989284,0.7042559,1.4593824,1.5495276,1.2093261,0.21292913,-0.20830512,-0.36667448,-0.22351164
334,3,MGS4,2.2046568,1.2589297,-0.6070611,0.45715505,0.8194493,0.7170298,-0.03543476,1.866366,0.60275584,-0.780176,0.7371211,-0.32677606,-0.09773885,-0.4952836,-1.9206206,-0.095697396
335,0,MGS1,0.4896989,-0.32629284,0.060381927,-1.0841331,-1.5403616,-0.53918743,1.6792684,-0.07294937,-0.9956773,-0.2722251,-0.5107106,1.1851022,0.31496483,0.64654785,0.8212799,-1.1808155
336,2,MGS3,2.483963,0.44140956,-0.49099028,-0.7055984,1.0431912,-0.51438755,0.5046555,-0.11327563,0.43517175,-1.6328257,0.9174125,0.01889755,-0.6209066,0.29167038,-1.008283,-0.28243014
337,1,MGS2,1.8039905,1.3789934,0.70108515,0.29775974,0.7389743,0.5300465,1.584738,1.3444135,1.5835196,-0.12089358,-0.96683514,1.2429403,0.8553304,0.22073966,-0.661854,-0.66612077
339,1,MGS2,-0.33983165,-2.3924513,-0.5830222,1.2551425,2.3920383,-0.20755842,-0.063028716,1.7478312,1.0014317,-2.1062703,-0.91104376,1.3807601,0.15007184,-0.40318614,0.92510855,-1.5145005
340,1,MGS2,0.42010835,0.11377556,1.0277258,-0.122151844,0.7006542,0.22128433,-0.83694106,-0.30199865,-0.13320652,0.62194175,0.06683648,-0.8806971,0.7475901,0.26709643,-0.6545254,1.724395
341,1,MGS2,1.1698015,-0.5396747,0.5776711,1.3446794,0.8759519,-0.14334306,-1.275668,-0.62340957,0.86686313,0.53884387,-1.2324128,-0.60292965,0.39194235,-0.7665357,-0.8438076,1.0657647
342,1,MGS2,0.86768585,-0.117574364,-0.101724595,1.0758679,0.9810991,-0.087232955,-0.9287462,0.25098154,-0.2713684,0.39453238,-0.27358815,-1.542487,0.7935949,-0.86256605,-1.4217308,0.7830304
343,1,MGS2,-0.66294473,0.8047855,0.41285202,0.01187303,-0.46301836,0.4261515,0.20420313,-1.2124914,-0.22715402,0.68905616,0.55247396,-0.40117353,1.9368253,-1.1035237,-0.7077348,-0.14258248
345,2,MGS3,1.2656095,0.108408764,-0.20424728,-0.70986134,-0.6946475,-1.1435918,-0.112536825,-0.38722336,-0.5413752,0.116735674,0.14771192,1.2251763,-0.23957308,0.44457993,-0.12854668,-0.5071454
347,0,MGS1,-1.5837032,-0.9681013,-0.40909266,0.3755899,-0.6331285,1.5360637,0.32446104,0.15220183,1.0403112,-0.9814761,-0.5126254,-0.6965095,0.61365455,-0.7771432,-0.7262566,-0.6518478
348,0,MGS1,0.5691081,-0.1922562,0.62695783,-0.09628884,0.5157528,-0.56358016,0.041418716,-0.92685384,0.38779652,0.5645935,-0.5796813,-0.7628183,1.0342889,-0.443107,-0.3034532,1.9284674
349,0,MGS1,0.3409101,0.1660973,0.5492447,0.66488063,-0.19916514,0.47000745,0.21402039,0.21678492,0.5427177,0.40983275,-0.36664036,-1.0528058,2.329923,-1.0365063,-1.029845,0.16571636
350,0,MGS1,1.2452937,0.4949029,0.835554,-0.44287524,-0.43673745,0.55958414,0.13782237,-0.24009694,0.5464378,1.0225244,-0.962122,0.12499095,-0.59765625,0.049656373,-0.6410844,0.8464927
351,0,MGS1,1.3038676,0.47456867,-0.052454676,1.2692388,0.49473318,0.42785326,-1.0028191,-0.49676302,-0.34259835,0.2755633,0.16313215,-1.5134032,0.861975,-1.2277933,-1.6114624,1.7058979
352,0,MGS1,-1.3216317,-2.8221889,2.289127,0.85072374,-0.22734803,-0.4575198,0.30756024,-0.17424104,1.5172117,-0.46576744,-2.0210755,0.05875479,-0.16970101,-0.15301767,-0.23416407,-0.76251435
353,0,MGS1,0.10950619,0.6114573,-0.044426415,0.07013907,-0.9504752,0.69897234,0.16887929,-0.2625714,0.042184908,-0.22249827,-0.74954313,0.05862872,0.2600582,-0.2384619,-1.4698179,-1.040599
354,0,MGS1,1.5273337,-0.43229815,0.009148059,0.5330313,-0.42910942,0.30783293,-0.50286674,-0.6082717,-0.6352694,0.45632356,0.21527404,-0.70461935,-0.39496225,-0.75142384,-2.1405053,-0.15721565
355,0,MGS1,1.2221727,-1.3154399,-0.20863453,-1.4865137,-1.0560627,-0.36162293,0.78455776,1.2925717,-1.0442824,0.29861897,0.168071,-0.22106005,-0.20479205,0.24584721,-1.254979,-0.93352616
356,0,MGS1,1.8546965,0.919307,2.018512,-0.6761907,-0.8709344,0.8966271,-1.3078793,-0.3003261,0.025980838,1.175207,-0.6499667,0.08739762,-0.3980443,0.31227198,-1.5373455,0.66995853
357,1,MGS2,2.1669347,-0.04422629,0.81009996,-0.07501829,-0.6343802,-0.44506228,-0.30026045,-0.015216693,0.02344691,0.8150322,-1.22967,0.23967776,-0.112695366,-0.13494198,-1.0199612,0.309459
358,1,MGS2,0.84475386,0.6209461,0.28557563,-1.2951742,-0.10562071,1.2268071,-1.6976495,-0.8700904,0.16358387,1.252968,-0.2433204,-0.9816068,0.60458255,-0.5909015,-0.66238797,2.0842905
359,1,MGS2,0.5898541,-1.3728368,0.67713404,0.3770349,0.38587055,0.48637155,-0.2757195,0.0023184922,-0.05052882,0.4651818,-0.8592364,-1.8331208,0.29386213,-1.3989849,-1.46134,0.77996475
360,1,MGS2,0.68679684,-0.23588967,-0.585028,-0.6695595,-0.5362508,0.109983,-0.73298335,-0.015031646,-0.15745598,0.0015917206,-0.8682533,0.8675297,-1.0712123,0.2910331,0.19778755,0.24419813
361,1,MGS2,-0.15181501,-2.0340931,-0.8248681,1.2909808,1.2870005,0.1736025,-1.4862326,0.4418036,-0.48435307,-0.7607219,-0.74600935,-1.300973,-0.010852279,-1.2230421,-0.9321414,0.09164477
362,1,MGS2,0.059147857,0.94484466,-0.19097625,-1.038541,0.054047853,1.1239011,-0.7471851,-0.9913509,-0.1724353,1.3276327,0.5766347,-0.45336378,0.71860033,-1.596809,-0.85902494,1.4058065
363,1,MGS2,1.7273299,1.5855677,0.43318638,-0.048868213,0.8916044,-0.85939175,-0.43326432,-0.11094007,-0.44035628,1.6532736,-0.32738125,1.0906627,0.60401905,0.13639067,-0.5269229,0.3835794
364,3,MGS4,1.1372849,0.98891824,0.5059295,0.686329,-0.36089697,0.49154022,0.14567058,0.28504914,-0.26017997,0.19851907,-0.8643869,-0.28062624,0.81109947,0.1309645,-1.5502259,-1.0132399
365,2,MGS3,1.7922901,2.3664913,0.9578081,-0.7465538,-1.9455643,-0.65918225,1.310063,-0.75051165,0.2862391,0.58875215,-0.29001343,1.3652816,1.8000883,-0.15651615,-0.6737774,0.5480056
367,2,MGS3,-0.11160109,-1.0728838,0.81113726,-1.4516698,-0.6827307,-0.5926161,-1.2581295,0.32198006,-0.69343483,-0.36108008,0.08324255,0.5565545,-0.1401671,-0.0021630842,-0.34560007,0.27787235
368,2,MGS3,1.2842884,-1.5592262,1.5072303,0.45897195,-0.089056276,0.09385595,-1.3384852,-0.23231801,0.016667608,-0.26383457,-0.94728327,-0.7346947,0.46739706,-0.30978957,-1.2997574,1.1965098
369,1,MGS2,-0.002049442,0.45078176,0.18564126,0.4575525,0.76494646,-0.5097259,-0.6424253,-1.2362612,0.6303913,1.0061325,-0.8971658,0.26443744,1.9117962,-0.16050005,0.061923124,0.34672198
370,2,MGS3,0.8591881,1.9011916,0.37580666,-0.18788248,-1.0371934,-0.08770357,0.10220037,-1.7612576,0.56634414,1.043413,-0.45673072,1.2463224,1.2888314,-0.1981903,-0.60880315,0.0056996597
371,2,MGS3,-0.1708641,-0.244794,-0.1443595,-0.36930242,0.3183181,0.16153108,-0.37463382,-0.59978193,-0.59233856,1.0118946,0.67302537,-1.2388284,0.77252924,-0.5994107,-1.0899456,0.67961866
372,2,MGS3,1.9267076,1.797472,0.27830896,0.97809285,0.45035717,-0.36215025,-0.4319612,-0.8733058,0.19840015,1.4225365,-0.10125406,0.43027812,0.002769201,0.21872413,-0.811385,0.54353344
374,2,MGS3,1.4623473,-0.24337372,-0.20535967,-0.9477632,-0.83736295,-0.18408425,-1.1223074,0.69927275,-0.84350115,-0.4557925,-0.2701816,0.8826297,-0.78541934,1.1491642,-0.63492954,-0.4651518
375,0,MGS1,1.0299327,-0.71502686,0.1386346,0.49724665,-0.65632415,0.6392484,0.5963378,1.0531793,0.065942645,-0.41675878,-1.4297901,-0.75098443,0.718272,0.07955116,-1.5968456,-1.5777718
376,0,MGS1,1.7114854,-0.3438907,0.9610655,-1.1589149,-1.1074632,-0.18131205,-0.66469985,1.1779788,-0.85094154,-0.39749995,-0.5331673,0.38841665,-0.56356895,1.366652,-0.75549453,-0.55347836
377,0,MGS1,1.165631,0.89052147,1.4856471,-0.5295342,-1.1359246,0.04816065,0.8104638,-0.4325151,0.716236,0.74995863,-1.5737886,1.0448662,0.25533295,0.5134706,-0.45459992,-0.50530523
378,1,MGS2,0.48175037,-0.7151645,-0.5312021,-0.39676896,-0.48669606,-0.31587574,0.23774397,0.8322822,-1.0803369,-0.45740882,0.4086799,-0.26680177,-0.6497455,0.38242328,-1.361703,-1.2193617
379,0,MGS1,-0.1611847,-3.4455392,-0.8919893,-0.39682811,-0.6348418,-0.8149148,0.3022186,1.2947235,-1.0964134,-1.1303595,0.532548,-0.8917417,0.084672585,-0.5353541,-0.6845422,-0.99359894
380,1,MGS2,-0.33059514,-2.490668,-1.0723851,2.0999415,1.5888165,-0.45373505,-1.6249669,0.6468758,-0.7362226,-0.5999822,-0.23721662,-1.0116357,-0.5131079,-0.588425,-0.91805595,-0.95225435
382,2,MGS3,2.4287326,1.9030975,0.8396106,-0.20612712,0.13132189,0.15380721,-0.8021907,-0.3570069,-0.6487324,1.6877768,0.4983719,0.23504163,0.65202343,0.63634187,-1.5214939,0.65962225
383,3,MGS4,1.0362749,-0.16739036,0.08940847,-0.00549469,0.99801767,0.007839428,-0.15364015,0.5316233,-0.25791916,1.1989847,0.041780166,-1.9030061,1.3324971,-0.4964345,-1.2554499,1.035908
384,0,MGS1,-0.8606658,0.13416412,-0.67389274,1.4194987,1.6849532,-0.06272681,0.08720115,-0.112789184,1.098045,-0.56352264,-1.6824032,-0.11073811,1.6769733,0.43991926,0.43150067,0.68534845
385,2,MGS3,0.68782413,-1.0218185,2.1338172,-0.5181523,-0.4867427,0.37716964,-0.6069635,-0.48477966,0.14084694,0.4415954,-0.6091447,-0.9499441,0.3350628,-0.4460787,-1.1498262,1.8709466
386,0,MGS1,-0.29883826,-0.790263,-0.032525588,-1.2619176,-0.051486768,-0.24342133,-0.40205914,-0.29982644,0.32251033,0.13658822,-0.17313278,0.30800697,-0.0024254583,-0.18546936,0.4782409,0.66541064
387,1,MGS2,-0.51013285,-1.6015908,-0.36351243,-0.14738409,-0.027217872,-0.92399704,-0.025084427,0.47103667,-1.1375178,-0.5187896,0.8188686,-0.41691905,0.3232677,-0.29423097,-0.57584894,-0.5273032
388,3,MGS4,0.8922101,1.2212397,0.6312458,-1.2989285,-0.78706557,0.3632271,0.62619597,0.45755398,-0.7873419,1.2850285,0.57039875,-0.52199036,0.006798458,0.16569436,-1.411118,0.25173372
389,0,MGS1,0.67262924,1.0431949,-0.25067842,-1.0135657,-0.819665,-0.053532846,-0.0070791994,0.09220638,-0.9200812,0.6114162,1.1670561,0.0040511866,0.25976405,-0.15057246,-1.1440468,-0.24626708
390,1,MGS2,1.3306345,1.4152421,0.15109025,-1.4905949,-1.0241274,0.14493446,-0.46838686,-0.52253085,0.030225212,0.99093145,0.29468495,0.94005114,-0.08341891,0.35562077,0.07511342,-0.078556456
391,1,MGS2,-0.8348505,-1.97874,-0.29223433,-0.18524164,0.89648056,-1.3617187,-0.18017182,0.019919068,-0.14697999,-0.12921035,-0.31188646,0.27829266,-0.04913116,0.5490095,0.5648692,-0.08630278
392,2,MGS3,1.2686876,-0.054508336,0.79556435,-1.5211908,-0.28220192,-0.91714025,-0.21024668,-0.5679105,-1.3066441,-0.3093722,1.8130515,-0.24292524,1.185658,0.497518,-0.137937,0.2360168
394,0,MGS1,0.7691672,-0.52083725,-0.40376487,-0.019162718,-1.0249084,0.09183574,0.37414262,0.037222393,-1.4822971,-0.3087174,-0.44553295,0.44602242,0.28741273,0.47747365,-1.199151,-1.8738213
396,0,MGS1,-0.3221578,-2.804425,-0.7095572,0.036449537,-0.2030429,-0.24675071,1.4773864,1.2780387,-0.81174314,-1.720874,-0.7489802,-0.892758,1.4336816,0.40588918,-0.6804655,-1.2131941
397,3,MGS4,0.64883816,-1.4495459,-0.010233032,0.8936801,2.2953591,-0.5907862,0.3095685,1.5931082,-0.7862583,-0.6440915,-0.14845347,-1.2472473,1.6587766,2.2428312,0.743731,-2.1960618
398,2,MGS3,0.45432928,-0.06549428,0.3882923,-1.0881544,-0.9548757,-0.04980626,1.6846044,0.91325784,-1.2913033,0.19266337,-0.5341507,0.37148106,0.45136535,1.50607,-0.8766585,-2.0131915
399,2,MGS3,-0.17975259,-0.24109232,-1.7337922,1.2476698,0.95241916,-0.6293299,0.24334517,0.41994685,-1.3125843,-0.5747435,0.32333338,0.107614204,0.24617249,1.5275093,-0.86966145,-2.4139273
401,1,MGS2,-0.23943543,-0.74824214,-0.49266487,-0.7783087,-0.45291182,-0.6077361,1.0918233,-0.038103733,-0.40022945,-0.24659476,-1.2643347,1.2606157,-0.3115246,1.5071598,0.794952,-1.5584718
402,2,MGS3,-1.7183268,-0.13254651,-0.02968462,0.14099896,0.33096597,-0.014158256,0.1479462,-0.8610254,-0.625681,0.3913408,0.614816,-0.39617324,1.0901394,-0.15426402,-0.59358495,-0.73206615
403,3,MGS4,1.4696488,-0.084645644,-0.6237304,-0.2984772,-0.9471464,-0.08552956,0.023725238,0.69853294,-1.7101018,-0.5405058,0.54665846,-0.16085811,-0.42768008,-0.38680395,-0.9685001,-0.40093878
404,0,MGS1,1.956863,0.5706632,0.62401026,-2.4061172,-1.774291,-0.748533,1.1757339,-0.19202338,-0.76532006,1.1486689,0.40380663,0.6829154,0.4274063,0.13447037,0.13911292,0.6885934
405,0,MGS1,1.3890452,1.133071,-0.035722777,-1.4830178,1.4706123,-0.10738809,0.90605175,-0.45237204,-0.48186916,-0.08463816,2.8286486,-1.3262837,1.4903494,-0.99450374,-1.0418668,0.5198207
406,0,MGS1,0.97339267,-0.49088067,0.16077238,0.27652425,2.333666,-1.1674027,-1.1050667,0.36326498,0.51713765,-0.4351208,1.2066422,0.43088472,-0.088912,-0.573445,0.24501678,-1.3255917
407,1,MGS2,-0.30509472,0.3540082,-0.53966796,-0.5162305,-1.6419181,0.5838026,0.30473346,-0.12303896,-0.2452051,-1.2512817,0.36017728,-0.16169904,1.4689091,-0.95626944,0.09386768,-0.035189442
409,2,MGS3,0.4350999,-1.310449,0.23991589,-0.4768384,-0.53102326,-0.42032954,-1.5634216,0.53707796,-1.3418645,-1.03761,0.43749264,-0.17250013,0.17466167,0.31811568,0.23768403,0.2117515
410,1,MGS2,-0.0058157924,-0.08664816,0.04383414,-0.71679795,1.1561303,-0.3056136,0.81564146,0.71849006,0.3720311,-1.7884084,1.448311,-0.65382004,0.70811,-0.7279016,-0.92206323,-1.9778997
411,3,MGS4,2.0520911,1.8135122,-1.163883,1.0082589,1.862756,0.78808963,-0.39649022,0.96128684,0.5400773,-0.4687104,0.917608,0.058505725,0.6848738,-0.3277617,-1.1976948,-2.3075473
412,2,MGS3,1.4406133,1.5040482,-0.41443056,-0.75811064,0.60288626,-0.050132625,1.974438,-0.24884763,-0.11240294,-1.0958614,2.3797138,-0.27995175,1.4465985,0.5226349,-1.4686972,-2.0047278
413,0,MGS1,0.64105844,-2.9377584,0.42761874,-1.039125,-1.3488457,-1.2468879,0.91513693,1.1977758,-1.3861369,-0.95087874,0.98482186,0.04724123,-0.88140804,1.6027899,-0.042932633,-1.6325529
414,0,MGS1,1.9591817,0.62572867,0.41705027,-0.21166843,1.419244,-0.32875818,-1.542536,0.9018067,-1.1375898,0.8620203,2.1329808,1.7804432,-0.14831485,0.9923465,-0.5227391,-1.8822848
415,0,MGS1,2.3105474,-0.27791545,-0.2820539,-1.7494334,0.94574213,-0.39970297,1.4572871,1.1103162,-0.22470008,-0.3968029,2.4530916,-1.3782071,0.19177528,0.38300115,-1.4026502,-1.6817714
416,3,MGS4,1.2105924,2.2545512,-0.91130507,-0.33344588,2.1381266,0.38659897,-0.16477442,-0.01670528,-0.32531786,1.2340258,1.1394598,1.453387,1.298762,1.4578388,-0.5966934,-1.8567188
417,3,MGS4,0.18059373,0.6046914,-0.77060944,1.1214273,3.3340034,-0.62177557,-0.15234895,0.24437174,0.86829156,0.73409134,-0.2839877,0.6881084,1.7376837,0.57054013,0.49049112,-1.109464
418,2,MGS3,0.95893383,-0.2574303,-0.794673,-0.72830266,1.5051877,-0.05845622,0.63262683,0.45224687,-0.48338497,-1.5497898,1.1095312,-0.68106365,1.107113,-0.72509986,-0.44639343,-1.6903652
419,3,MGS4,0.9410109,-0.12995088,-1.7534355,1.1337727,2.1035128,0.22012436,-0.65459883,1.5087188,-0.16815348,-0.9729655,-0.5573596,0.8915641,0.14564867,0.49777234,-1.184645,-2.8446689
420,3,MGS4,1.977449,1.7678034,-0.7165649,-0.46825638,0.13955478,0.6811278,1.1070379,-0.16681352,0.11372575,-1.3839175,1.8196809,-0.53185797,1.1338477,-0.81606907,-1.5759552,-0.88170004
421,2,MGS3,2.3439915,2.377005,0.29294878,-0.6162032,0.3269315,0.5911997,-0.02609497,0.68341357,-0.0591172,1.7219158,1.5414438,0.053327348,0.5114461,-0.4012486,-1.7857646,-0.4774611
422,2,MGS3,-0.060514737,1.1484648,-0.034996655,-0.20262888,0.21958722,0.70813507,0.1254132,1.1082765,0.98478425,-0.46693522,0.7883994,1.4229478,-0.018474104,-0.79341257,-1.7842997,-1.9073502
423,1,MGS2,-0.2883173,1.1070611,-0.3110015,0.06357405,1.712611,-0.2431723,-0.4841479,-0.9396439,1.5058525,-0.452773,0.26337108,0.99721664,1.2447213,-1.3445086,0.29021144,0.10259676
424,1,MGS2,3.2635348,1.4276109,-0.43787476,-0.08436527,1.2260311,-0.7950132,-0.4270376,0.28835258,0.29510495,-0.07852105,1.3909417,0.7129456,-0.20969716,0.010147069,-0.5591204,-1.2896818
425,0,MGS1,1.2847091,-2.9587255,0.45045283,-1.011925,-1.9137384,-1.3561522,0.8189336,0.9344632,-1.099872,-0.80258536,-0.62142944,1.0707076,-1.3754858,0.5083421,0.39335102,-0.9657235
426,2,MGS3,0.99143416,-0.30194533,-0.5774662,-0.6952667,0.014999637,-0.34090954,0.07601007,0.591826,-0.86809444,-0.89665675,0.76589924,0.033907063,-1.0653896,-0.56593037,-1.7301266,-0.5466611
427,1,MGS2,1.3977517,1.1584164,-0.15037306,-0.63103926,0.2127917,-0.5562678,-0.23746951,-0.23686503,0.23658435,0.81453365,0.5592041,1.2362363,0.004266414,-0.1656042,-0.66119546,0.060424447
428,3,MGS4,1.8073828,2.9835455,-0.9276154,2.8805444,2.565201,-1.2537711,-1.3008429,0.4063653,0.13575628,0.14189494,1.2033597,1.0880662,1.0669862,0.9997332,-1.6736028,-1.3083553
429,2,MGS3,-0.77686673,0.12708978,0.6047554,-0.6711342,0.8702482,-0.041941762,-0.5659538,-0.16881192,0.40813282,1.1309017,2.0013623,-0.30664665,0.32538646,0.52617574,-0.26236036,0.41897675
430,2,MGS3,-0.9143084,1.5925027,0.34475505,-0.2861749,-0.04630452,-1.0465702,1.2052726,-2.0694413,0.48014516,0.81105745,1.2146305,0.71960074,2.4872725,0.25531578,0.38691366,0.52004504
431,2,MGS3,-0.60493624,0.030152526,0.27647078,-0.592144,1.8970858,0.11668979,-1.0923678,0.10888866,0.20838736,1.0429798,1.1005056,-0.20881541,0.20897786,0.6936744,-0.25341284,0.33731583
432,2,MGS3,0.504283,-0.37851045,0.47388104,0.15574093,2.1446757,-1.1494019,-0.2850779,0.19560045,-0.47005287,0.64708406,2.5874724,-0.8988019,1.00788,0.7916104,-0.463108,-0.7663428
433,1,MGS2,-0.56516176,0.9725099,0.38140965,-0.7014996,0.9517836,-0.43115315,0.37770167,-0.3990714,0.8515466,1.2397594,1.6091794,0.7095174,0.55986506,-0.10651535,0.061438844,0.5220087
434,1,MGS2,1.8445998,1.1415507,-0.4085331,0.09725306,0.84147334,0.56000745,-0.73708826,1.1504861,-0.82406485,1.2091808,1.7409807,0.75072306,0.29289657,-0.39367145,-1.5444824,-0.7900217
435,1,MGS2,1.2602369,-3.778067,-1.4322447,0.44845128,0.26597852,0.052727416,0.717048,2.841906,-0.5879369,-2.6191275,-0.772799,-3.2942815,0.052576773,0.017021175,0.15592846,-0.7542366
436,1,MGS2,1.9450667,-0.2856045,0.42940843,-1.0081644,-0.3988274,-1.763178,-0.007253153,0.19607739,-0.829693,0.2484262,1.0807275,1.6551063,0.10523347,0.3899244,-0.012106907,-1.7935934
437,3,MGS4,0.6418723,0.2668715,-0.13030356,0.08156727,1.5986637,-0.6449536,0.775957,0.4965486,0.15281051,-0.441328,2.3719199,-0.29219106,1.9555107,-0.06735328,-0.39042902,-3.1187592
438,1,MGS2,0.6472973,-1.6038648,0.061946675,-0.5739247,-0.2469119,-1.3387527,1.5687108,-0.38229895,-0.66420275,-1.137223,1.0540166,-0.95434207,1.0014454,-0.020985335,0.8193717,0.40298057
440,1,MGS2,1.0722545,-0.51203316,0.41566882,-0.592795,1.9896102,-1.2127082,0.03520227,0.073746376,0.36211157,0.34485695,2.0782428,0.03242711,0.6037109,-0.06981012,0.5652598,-1.4513478
441,1,MGS2,0.20590995,-0.26844254,-0.51522183,-0.15881477,1.5631998,0.12616749,0.34764332,1.1084077,-0.2259888,-0.08253767,1.0920112,0.4166065,1.1251464,-0.5142783,0.17791364,-2.257577
442,1,MGS2,1.0378247,2.0680366,0.35135958,-0.5884505,1.3597269,-0.09078177,0.02698214,-0.11258987,0.4277927,1.707123,1.8913398,1.7048641,-0.17261472,0.10090293,-0.08034429,-0.82243675
443,1,MGS2,0.47888437,1.9645387,0.0759335,-0.1858965,0.5741334,-0.043202728,0.57048005,-0.1584523,1.4399871,0.41620508,0.87108296,2.0062988,0.2534811,-0.08142522,0.24460045,-1.4795454
445,1,MGS2,-0.24134701,-1.531726,-0.4384815,0.05590962,2.5876682,-0.33864978,-1.023489,0.8045147,1.175972,-0.42758128,-0.008265158,0.5832352,-0.7371571,-0.36842233,0.5901631,-0.858882
446,2,MGS3,0.25388488,1.1310506,-0.47999665,1.1278698,2.335562,0.5823937,-2.2364962,0.29235741,0.5640615,-0.19581696,0.26479182,1.3745444,1.2915444,0.09604706,0.24618238,-0.7908246
447,0,MGS1,0.45309702,-0.5926999,-1.3375474,0.2837714,1.8001912,1.1681232,-0.8945616,0.9358363,0.10572585,-0.46338522,1.0348848,-0.54006577,0.4654331,-1.0664936,-0.83720005,0.4852404
448,2,MGS3,1.972911,1.0765167,0.28824612,-1.4492269,-0.02759771,0.41187152,-0.013838286,0.92856747,-0.28870338,0.6601438,1.5971866,0.43037504,-0.06562292,-0.6141887,-1.5669744,-1.2206973
449,2,MGS3,2.3336756,-0.21142468,-0.9127942,-0.8265621,0.93488264,0.7431058,0.031896565,1.8174616,0.106606804,-0.81763124,1.0755397,-0.6665906,-0.7960103,-0.27658042,-0.9780435,-2.324684
450,2,MGS3,2.29986,1.9980235,-0.206047,-0.31667674,0.7727143,0.048738614,0.49751273,-0.23242454,1.0872929,-0.52496314,0.7990675,1.0516502,0.92915887,-0.02681425,-0.34056473,-1.3056343
451,3,MGS4,0.7705587,1.8849123,-0.59047985,-0.2727581,1.3171543,1.0301884,-1.3728665,0.13320337,0.39876702,0.8122623,1.714238,-0.037377927,0.53031296,-1.6364958,-0.6947537,0.4239621
452,0,MGS1,1.749474,1.218225,-0.9581348,0.4434255,-1.4790016,0.29331577,-0.057049807,0.39842087,-1.1567826,-1.4541007,1.3433523,-0.075687945,0.050939262,-0.55559224,-1.4330169,0.69576514
453,1,MGS2,2.500416,1.5313594,0.33074918,-0.9144052,1.0476106,1.5197988,-0.92897856,2.1391816,1.0465394,0.78137666,-0.16393682,0.12553501,0.18901804,0.6023975,-0.9070335,0.15216793
454,2,MGS3,0.5576632,0.1809896,-1.1116492,1.2772285,1.2262398,0.38619792,-0.98510957,0.81702054,1.7223722,-1.1123182,-1.1747832,1.4504,-1.0319928,-0.042984538,0.012322936,-1.934759
456,2,MGS3,0.90402853,0.2616338,0.6839822,-1.3360533,-0.45377916,0.38138324,0.011249759,0.10744369,-0.5275145,-0.028638454,0.46529582,-0.9418349,1.3951532,0.0041666515,0.1891614,1.9727293
457,2,MGS3,0.63923514,1.5146805,-0.50691897,-0.22026321,1.4827868,-0.06911243,1.4053053,-0.7070426,0.220381,-0.6060646,2.7552202,-1.2379543,2.3514373,-0.438326,-1.0031289,-0.48405895
458,2,MGS3,1.3770925,1.4498545,1.3918533,-0.8883345,0.018857876,0.36404616,2.090088,1.4172885,0.51867735,1.0819755,0.99220836,0.3772895,1.0656782,0.29916397,-1.3848517,-2.0001624
459,3,MGS4,0.49545407,2.227879,-1.2065673,1.019165,-0.0909206,0.6729926,0.31246033,-0.3122606,-0.7723741,0.25638047,1.2152475,-0.33443663,1.5896795,0.46968952,-0.5652496,-0.930446
461,2,MGS3,1.2201275,0.21843174,-0.56931055,-0.3679331,2.061324,0.102440625,0.7048835,0.17280732,0.040453143,0.15942986,2.6116316,-1.607851,1.2088215,-0.44896382,-1.2259303,-0.22849423
462,2,MGS3,0.7779497,0.65101075,-1.1538057,1.5289261,-0.3418621,-0.5308563,-0.91368186,0.72070575,-0.7440946,-1.2823069,-0.016984528,1.03046,0.47711542,-0.058482777,-0.9714995,-2.351915
463,2,MGS3,1.0088525,-0.40403756,-0.55372596,-0.19459839,2.2439208,-0.3505914,-0.29299915,0.9262582,-0.08679543,-0.40151432,1.7367694,-0.8696303,0.5998456,-0.50095433,-0.65931994,-1.4483407
464,2,MGS3,2.33177,2.0672553,-0.9044978,-1.7090298,1.5697619,0.40124825,1.1528368,-0.18855706,-0.26824024,0.9033428,2.6889796,-1.1983986,0.46481186,0.17879978,-1.4255683,-0.66072446
465,1,MGS2,2.347359,0.13286884,-0.9006648,-0.36180213,1.1409336,2.0124476,-0.7286261,2.2180452,0.0458855,0.08426683,0.16834018,0.2929863,-0.7160657,-0.24454497,-1.0604402,-1.088362
466,0,MGS1,-0.37284884,-3.2253828,-0.09769568,0.2853058,-1.0301129,-1.4289721,1.600733,0.62875664,-0.36547154,-0.5197307,-0.8340301,1.5632664,-0.27958974,1.3553692,0.9477975,-2.1765628
467,2,MGS3,1.5962347,2.0255516,-0.13532315,0.7258487,1.6439825,-0.6837502,0.30470034,-0.33126295,0.7427783,0.2849713,1.5735753,1.238021,1.0888633,0.21263877,-0.033887457,-2.2700715
468,0,MGS1,0.11700396,1.1687801,0.094484806,-0.99251324,0.9763492,0.2920471,-0.09028079,-0.11005796,0.22528453,1.4080819,2.414837,-0.072285436,0.9913182,-1.0329137,-0.9308854,0.21388339
470,1,MGS2,0.3380678,-2.3505037,-0.4665301,-0.25632355,-1.3287715,-0.05723217,0.18435912,0.85679704,-1.4785869,-1.8950384,1.1587561,-0.69633895,0.45032644,-1.2418698,-0.074281126,-0.18069598
471,1,MGS2,1.563058,0.100957155,0.26691577,-0.02613498,2.050558,-1.3802589,-0.17263608,-0.21120638,0.049878206,0.51341903,1.9215298,0.27303484,0.88104683,-0.80871993,0.47858724,-0.8374804
473,3,MGS4,1.3630344,2.496148,-1.0705584,0.022927577,1.963785,0.58649963,-0.5666503,-0.59733456,1.0989226,1.8464184,1.1416188,0.81399715,0.3225879,0.23224522,-0.4507277,0.32272628
474,2,MGS3,3.0460715,1.9909531,0.89212346,-1.558543,0.38035795,0.065604195,-0.3615917,-0.008727053,-0.271911,1.0915743,1.887043,1.5678484,0.36133626,-0.1882255,0.1325756,-0.85437757
475,2,MGS3,2.8768852,0.75338906,-0.6446316,-0.06159181,1.1893086,0.28055656,-0.12250435,1.0887983,-0.23386163,-0.23690489,2.3207364,-0.68395835,0.004613214,-0.4854551,-1.4068724,-1.8240349
476,2,MGS3,1.812624,-1.5610733,-0.40802684,0.033174716,0.26882762,-1.3558546,0.0824204,0.22307014,-1.0734379,-1.155394,0.9500077,-0.47747865,0.7458464,-0.49282625,1.1860924,-0.5868
477,3,MGS4,0.4679925,-0.6472056,-0.2941858,0.39815465,1.7442119,0.013081583,-2.304632,1.4805591,0.26316372,-0.7279596,0.9616626,0.6990614,-0.010075022,-0.17429553,0.1302217,-1.0052732
478,2,MGS3,0.85714644,1.5175444,-1.1448674,0.49139592,1.4546607,0.84512144,0.7059454,-0.019806106,1.6107397,0.19226812,-0.19007157,-0.31455535,0.622634,0.8922631,-0.2000387,-1.1203185
479,1,MGS2,2.5583565,-0.3423335,-0.6089381,-1.2611554,-0.87969553,0.9072638,0.42965338,1.13683,-1.5924615,-0.84292775,0.8850113,-1.0959079,-0.18795787,-0.069392085,-0.38796535,-1.4066665
480,0,MGS1,-0.08909984,-3.1607761,-1.0025105,0.3153051,0.2948422,-0.290234,-1.4701614,1.4129088,-1.1687149,-1.884776,-0.6884463,-0.47242242,-0.29719278,0.6055659,0.92842424,-0.4417443
482,2,MGS3,2.2048948,1.6487558,0.62216747,-1.716978,-1.2734714,-0.48308584,1.2887602,-0.87299585,-0.9354301,0.9610009,1.8182032,0.100426205,0.784816,0.011475772,0.2894048,0.14384978
483,2,MGS3,-0.0017091173,-2.555955,-0.51130617,1.1902499,1.8645151,-1.4127927,-0.043421168,1.3031144,1.423318,-2.4393826,-0.47068447,0.2192237,0.35928681,0.086608425,0.4467555,-2.957584
484,3,MGS4,0.2631124,3.1535807,-0.45536047,0.32719105,1.1600002,0.5312477,-0.39550787,-0.90888816,0.5599207,1.5515397,2.2980797,0.5932789,2.488597,-1.0800192,-0.6497064,-0.42694914
485,1,MGS2,2.7291775,-0.63078994,-0.44026756,0.7599862,1.7080604,-0.8626698,-0.1362391,1.2928137,-0.19871393,0.5376883,-0.008263797,-0.9459512,2.0346959,-0.40083632,0.44774383,0.7068778
486,1,MGS2,1.1410203,2.3043308,-1.8520463,1.8340019,2.3009589,0.24967413,-0.8968432,0.4414803,0.64412767,-0.1358434,0.65868133,0.967595,0.42420825,0.2642633,-1.2411288,-1.9929758
487,1,MGS2,3.3382137,0.65161073,0.5911466,-0.7969725,0.29956588,-0.62555003,0.5927415,0.2713731,0.16540018,-0.37659246,1.5844206,0.87484103,-0.01127555,-0.27782017,-0.6948123,-0.650081
488,1,MGS2,0.26577815,0.3648454,-0.059943035,-0.28537655,-1.4965332,0.45800343,0.34324715,0.33757925,-0.41694045,-0.7957676,0.06846807,0.23229499,0.14269122,-0.08683941,-0.9410977,-1.5816168
489,2,MGS3,0.60704017,0.7905828,-0.22145243,-1.718268,0.33705336,1.6834583,0.71446234,0.7382707,0.44671014,0.97568935,1.8154718,-0.21467909,-0.89196396,-0.11653614,-0.8832299,-1.1468365
490,0,MGS1,-0.97857153,-1.3840239,-1.0426606,1.0342675,0.089213654,-0.20276926,0.7682192,0.23840417,1.165055,-1.2502803,-0.37970397,0.30977625,-0.61405605,1.9739008,0.2330774,-2.316849
491,0,MGS1,-0.11348358,1.9326993,-0.29595563,0.5316311,1.208709,0.7242909,0.609864,-0.21969517,1.7673624,0.81496197,1.5031538,1.3944858,0.060865432,0.34355894,0.25923437,-1.3388605
492,2,MGS3,0.3397139,-2.9401445,-1.4753542,0.59315085,0.6177391,-0.8348032,0.6100948,1.4369496,-1.1432219,-1.8728707,1.5697745,-2.7077394,0.447594,0.24457742,0.15030137,-1.5023509
494,1,MGS2,-0.61937284,-0.3186528,-0.721779,-0.24647745,-0.05359963,0.35543585,-0.7612595,-0.044852354,-0.5420629,0.17400916,1.0245959,-0.8804095,0.73425245,-0.99766815,-0.5029157,0.6095309
495,0,MGS1,0.5331485,-3.7176845,-0.70379406,-0.1391915,-0.936911,-0.846016,0.6853238,1.2487253,-0.8653085,-1.087679,-0.86761343,0.30135342,-1.8245312,0.90092194,1.2239296,-1.1405718
496,2,MGS3,3.018998,1.0461167,-1.4264454,0.9038292,2.280388,-0.25497195,0.00460053,0.6794472,-0.4359622,-0.24070027,2.2391834,-0.68190694,0.6793222,-0.030684348,-1.8934351,-1.2599428
497,3,MGS4,0.24661872,1.941988,-0.48541093,0.8563542,1.7889117,0.5817442,-1.0123241,-0.090328984,0.8313968,0.3179677,1.2641735,0.45905277,1.6898143,-1.4346486,-0.2694763,-1.2184217
499,0,MGS1,0.6918674,-3.855858,-0.8297174,0.0023061144,-2.1227763,-0.68738973,1.2180479,1.9037658,-1.5544791,-1.862709,0.5277449,-0.989956,-0.8744178,0.012765482,-0.71062875,-1.4153055
500,2,MGS3,-1.1076264,-1.7653621,-0.5468173,0.16366978,-0.7022428,-0.30179983,1.4368893,0.43912807,-0.39468524,-1.165731,0.68305516,-1.052653,1.3711598,-0.17392243,0.17216726,-1.2774049
501,0,MGS1,1.8385042,0.7676102,0.055514093,-0.3022047,1.7303048,-1.2312524,0.38964152,-0.6337922,0.59905756,0.20819266,2.3501318,-0.18082754,1.8183016,-0.33575898,-0.08140504,-0.10186188
502,1,MGS2,-0.92189896,-1.0343647,0.4796703,-0.31035253,-0.7407825,-0.18222229,2.0217855,0.36142874,-0.589449,-1.3985844,1.7875268,-1.2450185,1.2704263,-0.10592988,0.4859786,-2.0781825
503,0,MGS1,0.027159933,-2.1475954,-0.5582572,-0.21008626,-0.8215198,-0.3816077,0.37409225,0.95807153,-1.3191398,-1.1061795,1.2982153,-1.1022645,0.36266246,-1.18997,-0.11708408,-0.18690048
504,1,MGS2,-0.36413962,0.54034287,0.18084206,-0.8043702,2.1832573,-0.68564504,0.1711719,-0.672492,0.66363895,1.8799847,1.6241552,0.55778915,0.65457207,-0.18441367,0.51683617,0.07958485
505,1,MGS2,0.5147822,-0.46410862,-0.19724065,-0.46769744,0.8677906,0.018501038,0.81632346,0.65719754,-0.17808731,-0.47658333,2.6852286,-1.210896,0.6469925,-0.25221232,-1.5119904,-0.10434628
506,0,MGS1,0.5911127,-2.6644952,0.049169,-0.39827144,-0.86231744,-2.068748,0.044685334,-0.11563642,-1.5516292,-1.906415,0.023181036,0.5054464,-0.05612305,-0.3316303,0.8183919,-0.0059878747
507,1,MGS2,-0.067813404,-0.80570555,-0.26573443,-0.6065436,1.090893,-0.15561558,0.13717687,0.81097525,0.052975357,0.25520018,1.9594141,-0.34244785,0.38407704,-0.61747116,-0.9688078,-0.95341
508,1,MGS2,0.16385533,-0.6391447,0.7212814,-1.5409656,-0.66727376,-0.15931682,-0.46519896,0.11040248,-1.2038202,0.12844463,0.8372372,-0.21077916,0.58635837,0.26508832,0.2964662,0.62900305
509,3,MGS4,-1.3218634,-0.69853824,-0.39095533,0.388205,-1.0793425,-0.2419844,1.1959577,0.13716708,-0.38145453,-1.2346327,1.1806663,-0.68397206,1.4626886,-0.5198146,0.09501909,-0.96360016
510,1,MGS2,1.2294792,2.2910628,-1.0869735,0.21588635,0.0798887,-0.10815922,0.2660464,-1.0686371,-1.0308503,1.0840958,2.4838147,-0.23387888,1.0401316,-0.09919295,-1.5782105,0.5980023
511,2,MGS3,0.56243706,1.9239658,-0.96429574,0.7630132,1.8688177,0.583852,-0.50128436,0.675956,0.4536674,0.35978743,1.510318,0.75336796,0.6348832,0.30467293,-0.78742844,-2.5702634
512,1,MGS2,1.3626912,2.1015,-2.7429237,1.7133007,0.9047787,0.22977842,-1.6605928,0.029452559,-1.0676968,-0.036173575,1.1181678,-0.62920654,0.2102482,-0.5781021,-0.23970765,1.2528685
514,2,MGS3,2.0158887,1.7955835,0.4150705,-0.5940347,-2.441805,-0.4584328,0.37253422,0.027072135,-1.9619545,-0.49633732,2.7221842,0.73529243,0.46314272,-0.99273586,-1.3812985,0.032166213
515,3,MGS4,1.2434946,2.7760184,-1.4825586,1.0058683,1.0851579,-0.10937604,-0.48581895,-0.69032204,-0.22753862,0.8513448,1.223725,0.754605,1.9299372,-0.37895307,-0.88875616,-1.1696712
516,3,MGS4,1.9234859,1.4660704,-1.6209817,1.5164927,2.517592,-0.453248,-1.1918459,0.5837056,-0.28773412,0.70410246,1.8948895,0.5624646,0.008134365,-0.42604318,-1.7550052,-1.2634846
517,0,MGS1,0.6695961,1.4680668,0.010076579,-0.77809376,0.43282273,0.68308544,1.6341888,-0.280462,0.8364379,-0.075118706,2.061026,-0.6390353,2.225118,-0.99471533,-1.2950653,-0.44454166
518,0,MGS1,1.4558395,-0.23639165,-0.18658824,-1.4943745,-2.604024,0.080928124,1.1676029,0.5571199,-1.5870286,-1.1670251,1.0177234,-0.20213549,0.07625957,-0.16462953,-1.2223783,-0.016712252
519,2,MGS3,0.51849294,1.1905382,0.3187555,-0.54343927,1.0093155,0.4967498,-0.6787622,0.5353335,-0.51166147,1.1512827,2.4235826,0.74743026,0.74144244,-1.3536962,-0.31261384,0.05697489
520,2,MGS3,1.0631576,-0.57448715,-0.36172667,-0.4535327,-0.7635153,-0.21739507,0.87656826,1.1754429,-0.89695126,-1.1844788,1.4891216,-0.039563645,-0.10866202,0.17711169,-1.4224331,-1.3175553
521,3,MGS4,0.6833034,2.48638,-0.4700575,0.09706662,0.7273831,0.31359294,0.4117268,-0.062036768,0.38054445,0.7407515,1.5762503,0.97827476,1.2857661,-0.1356454,-1.249055,-1.9042984
522,1,MGS2,0.6062724,-1.9886466,-0.49795198,-0.1731184,1.2372782,-0.83527976,0.49507463,1.291391,-0.120900616,-0.7289382,1.5605563,-1.6149089,0.5373625,-0.43623596,-0.83519596,-1.3220431
523,3,MGS4,2.3453872,0.87578344,-1.4892533,2.4099462,2.8195353,-1.8060596,-2.2605045,1.2428545,-0.39605734,0.37535015,1.0074413,0.94899386,0.16705899,0.9712178,-1.4449337,-1.1705763
524,1,MGS2,-0.5392434,-0.6454762,0.5234073,0.0950861,-1.4377718,-0.830827,2.1646876,-0.5398625,0.07522527,-0.26619872,0.8737539,0.685962,0.7951312,0.7207933,0.62815446,-1.7063296
525,1,MGS2,0.29484412,1.4314051,0.13236678,-0.692777,1.5631005,-0.7832844,0.5868619,-0.7175813,0.6253227,1.0227959,2.794315,0.45105886,-0.6807987,1.028029,-0.49649778,-0.6589538
526,0,MGS1,-1.0632707,-3.0286884,-1.4549651,1.1653821,-0.4764286,-0.7418669,0.40075114,1.4977407,-0.766664,-2.6422613,-0.3373213,-0.86280096,1.0890195,-0.4117815,0.3815972,-1.6733795
527,2,MGS3,0.5462696,0.6092839,-0.38307753,-0.5576879,0.78258294,1.6929055,-0.74487114,1.0433106,1.3223033,-0.2709712,-0.3115753,0.6388652,-0.2196699,0.73616743,-0.4766317,-1.5288748
528,1,MGS2,-0.8547997,-0.68643993,0.48648387,-0.7597635,-0.3709048,-0.876616,1.4633119,-0.40784484,-1.2652766,0.58836913,2.7514012,-1.3049352,1.0547085,-0.4583529,-0.16121565,0.054706767
529,1,MGS2,-0.6405338,0.10143868,-0.29051328,-0.3527122,-0.92628807,-0.22537044,2.7328033,-1.0430477,-0.60382754,-2.0846965,2.4532747,-1.9215813,1.8372463,-0.0031531416,-0.35291398,-0.29445806
530,2,MGS3,1.6101509,2.3281238,-1.0075132,-0.49670488,1.0839303,0.64415514,-0.45857,0.21640871,0.09860286,1.1725003,1.8116113,0.36978912,0.3053213,-0.6974882,-1.6058769,-0.39236173
