sample_id,z0,z1,z2,z3,z4,z5,z6,z7,mgs_level
2,0.35441047,1.8004645,1.2259569,1.8663995,3.1706626,4.748569,0.63718545,3.4500632,MGS1
4,1.3556569,2.2098002,2.3725486,1.4493034,3.8996294,3.7851472,0.0,3.2910032,MGS1
6,0.0,0.53765565,2.402624,0.0,3.3428466,2.853818,1.73617,1.0869975,MGS1
9,1.2744689,1.0307139,2.6389108,1.3648121,1.9563426,5.961769,1.534167,4.1583776,MGS1
17,2.0333006,1.6832193,2.0846791,0.9005644,3.263452,4.338902,1.8531616,3.875095,MGS1
18,2.4762504,0.0,1.9165423,2.065722,2.3641076,5.391125,1.049776,3.0963073,MGS1
32,3.1947954,0.22810897,1.4490469,2.42679,3.8120706,1.8168235,0.306435,3.2731657,MGS1
35,1.8302873,3.082724,2.2505763,3.9399288,2.044935,0.98520553,5.116331,2.71587,MGS1
41,1.7275543,2.420421,1.5417436,3.0934432,0.689296,3.2990403,4.257963,1.889536,MGS1
42,1.7116083,3.641543,0.8232298,0.948037,2.5823977,2.2079697,3.051715,5.1385527,MGS1
43,1.8606011,1.4239863,2.6341398,2.852731,1.3787776,3.731288,4.596055,3.7907896,MGS1
81,4.355786,1.9184012,2.6642716,1.1917591,3.0189679,1.8129989,4.428728,4.9913187,MGS1
89,4.3959775,2.0219493,2.1644642,2.1296225,2.7365797,0.6974535,4.1570015,5.381197,MGS1
99,4.2391047,2.0009422,2.794343,0.0,4.710797,2.573726,1.9285004,5.2438364,MGS1
109,1.3915493,0.93051684,3.5832763,0.34145778,1.9212792,3.9235978,2.7750442,2.5534692,MGS1
115,1.5625684,1.672896,3.1949131,0.89012367,2.2270696,4.0169296,3.8144338,2.717867,MGS1
117,3.3392396,3.7363038,1.0542362,2.3647683,3.7796075,4.0413213,1.684017,4.8111753,MGS1
119,1.3328488,0.98954123,2.1528275,0.92559665,2.0514998,5.747084,1.5404229,4.347221,MGS1
120,3.0021372,3.1110702,3.191162,1.9912727,2.3011446,2.741301,5.9689426,3.2295785,MGS1
126,4.4860845,0.8497635,1.0429494,4.0993447,0.6034521,1.7002814,4.0128546,2.6165767,MGS1
137,3.3970332,2.380602,1.6311857,2.3389018,1.501431,4.113618,3.9689639,3.486096,MGS1
139,0.66570336,1.655442,2.096151,2.9610822,3.5643723,2.7732587,1.1097008,4.5508738,MGS1
142,2.0382755,1.0230453,3.075445,0.9626485,2.3438447,3.9090102,3.3838594,3.4988904,MGS1
145,1.8256266,1.2322906,2.3340771,1.3260612,2.2768936,4.2806406,3.2542925,2.328023,MGS1
149,1.7116647,1.9272987,2.8802602,1.3956182,3.8715105,2.1170685,3.4650223,2.6760964,MGS1
153,5.037899,2.3977113,1.6527982,4.204647,2.173437,1.3276551,2.73383,5.8303604,MGS1
162,5.192046,1.3779542,0.9365821,2.0487008,3.1441495,1.1131954,3.9860764,2.3531036,MGS1
163,1.7582126,1.4546946,2.4466183,4.053374,1.3784621,2.970644,0.0,3.3720908,MGS1
172,2.418655,3.4450803,3.0663702,3.321008,2.5749302,2.704037,4.8389754,1.9820794,MGS1
173,2.67902,1.698122,1.964047,1.0756047,4.0192924,4.1475453,1.0034102,3.602168,MGS1
177,2.4672737,1.8393219,3.2098715,2.75147,0.88167274,3.7782402,3.5299594,3.6226025,MGS1
189,3.410873,1.4601935,2.9042876,1.8150396,0.80499935,2.3320937,3.76749,3.562252,MGS1
217,1.0165659,1.2110255,3.3456671,1.437913,1.5371708,3.4133513,4.1938305,1.8085233,MGS1
218,0.32128,2.0170848,1.529075,4.7708597,1.2226568,4.9531083,3.413225,1.5609063,MGS1
229,4.2872396,1.9371952,3.0270708,1.2302685,2.8773372,1.7481995,4.3152,5.078209,MGS1
237,0.1810156,2.3347714,1.4730009,2.0803304,2.4465487,4.008304,2.600642,1.4470092,MGS1
243,0.8074598,1.514888,2.500817,4.2523327,1.2466795,2.292188,2.3661304,1.425073,MGS1
246,4.5922565,1.9301435,2.9741244,1.6961422,3.343895,2.3562129,3.1531234,6.67045,MGS1
251,3.1285772,0.95785975,3.0364215,0.19159952,2.1811783,4.668524,1.6075919,6.377278,MGS1
254,1.3939009,3.2415519,2.2771254,3.3947291,3.246136,2.1607218,2.1504288,2.052175,MGS1
264,4.4515877,2.6336248,2.9226623,0.8166647,2.2430403,2.0055525,3.5514178,4.4665294,MGS1
265,0.27238703,1.8953549,2.3794794,2.4881074,1.6488767,3.4825025,3.4303732,0.718475,MGS1
266,5.245973,0.33393076,1.5762308,3.2131798,0.48099843,1.7011666,4.72132,3.8965764,MGS1
286,1.697871,2.8895652,2.143971,3.7283273,3.2186077,3.032496,0.6479888,4.508474,MGS1
288,3.4483602,2.5717669,3.172189,2.1278372,2.9813871,1.848212,3.1912184,3.8992715,MGS1
291,3.201931,2.2515461,2.5303953,1.696744,3.0119941,1.9323955,3.5220158,3.5459838,MGS1
292,4.2771525,1.2179459,2.1595616,3.0335803,3.8283956,0.67232347,0.21406716,4.3067393,MGS1
293,2.5235295,1.354304,2.1541514,3.2668684,1.0205373,5.4422264,1.6064546,4.8387294,MGS1
295,2.1930654,1.4502753,2.6822884,2.6537082,0.896459,4.0031414,3.6038108,3.1796427,MGS1
307,2.398049,1.3791057,1.6603974,2.399565,1.0489078,3.8874216,3.7319562,3.1356573,MGS1
308,1.9503777,1.4764045,1.8047093,0.34214377,2.355384,4.5988216,1.5516528,4.332562,MGS1
311,4.531797,1.8354968,2.279146,1.1259136,2.8289714,1.9868007,4.2702603,4.54715,MGS1
313,3.6552374,1.5044221,2.809677,1.0910392,0.6982945,3.257557,4.874447,4.059603,MGS1
314,0.9009953,0.2219091,2.6272771,1.2979326,1.993969,4.540175,1.560058,0.054154694,MGS1
315,3.21455,0.7735441,2.0320444,0.86451375,3.8672807,2.2701917,2.024312,1.5775943,MGS1
316,0.0,0.15648443,2.083437,3.1514137,1.2185147,5.073006,0.60913694,3.9452505,MGS1
317,1.0965567,0.20702201,2.6839535,0.5477275,1.3697586,4.88557,3.3103895,2.074367,MGS1
318,3.1192467,1.9483591,2.4507878,2.8499134,2.9064884,3.3283496,1.3608007,5.2949905,MGS1
319,1.5445608,1.0329427,2.5214067,0.6631885,3.3516638,2.9498034,2.962078,0.0,MGS1
320,3.9611955,2.7705586,2.5883152,2.3129966,2.9709523,2.6236794,2.6647277,3.357987,MGS1
321,1.127617,0.0017711886,2.3572967,1.957567,0.20412418,5.3380227,3.4133675,2.8922687,MGS1
322,0.8821899,0.0,1.6537868,2.6961148,1.6807462,2.9235826,2.0446792,1.5585469,MGS1
324,0.0,0.28867638,2.5648434,2.209808,0.79705703,3.5611048,2.131789,2.1511135,MGS1
335,2.5882545,2.1809711,2.3103673,0.47175667,2.1987264,2.1734276,3.7958617,6.1282864,MGS1
347,1.8322549,0.0,1.9666882,2.2382557,0.5764154,6.19178,1.3309431,5.737892,MGS1
348,2.5780172,0.00088839914,1.8542587,0.10159297,3.3695424,3.3723617,1.8048923,0.9899143,MGS1
349,0.8648598,1.6223541,2.6714606,2.0507472,2.4122303,3.9945745,0.6202738,2.5724087,MGS1
350,1.2114513,1.499621,2.9397373,0.48882145,3.9888644,2.724116,1.9268852,1.651656,MGS1
351,2.9010396,0.28601214,2.619837,0.967107,1.3906051,5.963365,2.5187762,0.43538636,MGS1
352,0.8576538,0.882644,3.2200232,0.03546685,4.7295895,2.6303725,0.0,3.2065072,MGS1
353,1.3279028,0.97399324,2.6409423,2.7544937,0.2931957,6.5157266,1.0027753,4.367368,MGS1
354,0.0,0.8967118,2.9665883,2.1806552,0.5616302,4.3524947,1.7589664,1.5111095,MGS1
355,1.4440336,1.6252211,3.08482,2.685102,0.7221122,3.3134289,4.899689,2.6607056,MGS1
356,0.44072634,1.3835026,3.9649217,0.40896416,2.914927,3.3786607,3.2873423,0.78309524,MGS1
375,1.1648828,1.1864878,1.8893799,1.1266377,2.04436,6.1316667,0.9446578,3.5544224,MGS1
376,2.5882897,2.5253015,3.5330484,0.65771556,3.1086876,3.5066764,4.459931,2.1229868,MGS1
377,1.3160515,1.7413868,2.95113,1.4726031,3.9630032,3.178691,0.0,3.483633,MGS1
379,2.5935817,1.6289561,2.7418475,2.8261533,1.0271862,3.9565105,4.2657995,3.3587432,MGS1
384,3.4069643,0.7633685,0.40223688,0.7597818,4.0213704,4.3436103,0.0,2.0006971,MGS1
386,3.28026,1.9684318,2.452048,2.1552448,3.0123212,2.1225557,3.7007742,3.4525065,MGS1
389,2.176708,1.9441664,2.8621824,2.4516304,0.89353514,3.9469378,3.9821153,3.2367663,MGS1
394,0.30497473,1.053177,2.3105452,0.979682,0.0,4.7968583,2.7455397,4.302331,MGS1
396,1.7257919,0.13162853,0.9958782,0.86118656,2.1473048,3.128636,1.929578,2.568678,MGS1
404,4.08562,1.7884508,3.1143198,1.8447526,2.4819539,1.6844442,4.8718863,4.3797197,MGS1
405,3.1249862,1.3730004,1.0966225,5.5877705,0.6545123,1.8849827,3.292101,1.8052775,MGS1
406,1.5942246,3.436582,1.6652427,4.060946,2.9045522,0.0,0.8763751,1.7834066,MGS1
413,3.6657796,2.6438117,3.248741,1.2629635,2.458814,2.3900275,6.512679,4.610654,MGS1
414,0.25036508,4.528288,2.1218092,3.6608827,2.784842,1.9454241,3.7095227,1.4761306,MGS1
415,2.1646051,2.5509305,1.6350684,5.630398,0.6738323,1.4974107,5.189451,2.2432928,MGS1
425,4.431792,1.8509865,3.2069104,1.3567789,2.6927412,1.6682246,4.0374656,4.9874296,MGS1
447,1.7483819,0.71863216,1.0924858,4.1118855,1.4536469,4.3195677,2.7093713,0.6564838,MGS1
452,5.756081,0.45339406,2.2707307,1.0360394,0.378126,5.00215,3.206518,2.926755,MGS1
466,2.4031267,2.5586853,2.4572356,2.6390536,3.5524466,3.2633357,2.045168,5.8252807,MGS1
468,0.5066138,2.6117918,2.5674365,4.669714,1.4841509,3.601389,3.31787,2.3281002,MGS1
480,4.14017,2.5380013,2.5081913,0.6731391,2.1911614,2.84936,5.57765,3.26868,MGS1
490,3.4542778,3.2118328,0.76739806,2.1592875,3.9712422,3.892581,2.3533852,5.220292,MGS1
491,0.7040962,3.4848158,0.16652137,3.711716,3.8404462,3.1482558,0.7345792,3.470705,MGS1
495,3.5356255,1.6745136,1.890877,1.048904,2.7522247,1.4925325,3.849035,3.9820304,MGS1
499,3.5699668,1.0065429,3.1161363,1.3093002,0.7341696,3.0429926,4.916038,4.1223645,MGS1
501,1.8723662,1.9607153,0.64751416,4.0288706,2.51888,0.72653663,1.0652627,1.4383208,MGS1
503,3.5480778,1.1981146,3.0932271,1.4828002,0.92202306,3.007876,4.6548853,3.9217062,MGS1
506,6.2867055,2.4184747,2.526361,1.5538414,1.8071054,1.3729742,4.671209,5.0628214,MGS1
517,1.7987843,0.470539,1.371348,5.628867,1.390231,3.1997156,0.4133581,2.9935946,MGS1
518,4.3427644,0.10632745,2.2707171,1.8062689,1.1886837,3.0132418,3.863623,2.9426093,MGS1
526,4.334005,1.7513039,2.1204147,1.963557,1.0674227,4.7425127,2.5795488,5.874737,MGS1
11,3.739227,0.32027647,1.2894002,1.7402239,2.110217,2.9052157,0.03795588,4.274333,MGS4
33,0.5594038,3.815309,1.4011506,2.2473686,3.10141,1.974783,2.7093747,4.3987455,MGS4
46,3.9388676,2.3380477,1.2764968,1.9984787,0.0,1.7535654,3.9754045,6.5719357,MGS4
47,2.9031534,3.5607693,2.1261075,4.6831,2.27478,1.0404246,1.7908566,2.6705532,MGS4
60,1.4500046,2.797667,0.8462045,1.3713396,1.1270927,3.8986292,3.503144,5.775139,MGS4
73,1.5645192,4.142513,1.4872915,4.2838464,1.5861274,4.4961505,1.2301313,4.338473,MGS4
94,1.7314869,3.7963934,1.6205534,3.4788725,3.7518847,2.4868045,2.48011,2.4998946,MGS4
95,3.1839013,0.52628034,1.1695278,0.0,3.097904,2.3058472,2.3232312,3.2237086,MGS4
106,0.0,0.71630645,1.8122588,2.725456,1.1344563,5.4062314,0.36385518,3.582346,MGS4
107,4.43036,6.969396,1.2619622,1.3024559,4.1345468,4.4288926,3.1618671,5.7370057,MGS4
116,3.882414,2.584453,2.3242147,1.9328058,3.0319526,2.0148244,3.2783737,3.4168262,MGS4
124,3.0582545,1.8463874,1.3030512,1.9125073,2.660803,6.73504,1.5406377,3.1285062,MGS4
125,5.8153133,3.9588275,2.342763,3.9370017,1.2995808,1.004355,5.780062,3.585534,MGS4
133,6.4143806,3.4572906,0.6133077,4.072971,0.57493365,5.533598,2.5987859,4.86422,MGS4
148,2.5220933,2.8144388,2.2634604,0.58245134,3.5327263,3.5780473,4.395164,2.1021876,MGS4
150,1.452483,6.78444,0.92966235,0.012267977,3.4576805,4.6320453,3.831405,5.1943007,MGS4
157,1.976753,2.4371238,3.6637356,4.001923,1.935435,2.809691,3.0307229,2.407371,MGS4
160,3.9645338,3.8960462,0.9785936,2.1877759,3.1586316,3.5526135,1.3879584,5.058927,MGS4
178,1.8632421,1.9102623,1.8368405,3.2317235,3.614827,1.9155707,0.0,3.4870172,MGS4
198,2.2162414,1.8103516,2.2459867,0.7724873,0.6611397,2.9543726,4.1849794,6.3544297,MGS4
203,3.553999,2.8766859,1.3089519,4.8910227,0.611053,3.9990559,4.122849,1.923724,MGS4
209,3.2012405,3.3829396,3.2913635,1.7479484,2.4664593,2.8591156,5.5536823,3.0483546,MGS4
223,0.98324907,3.2917218,2.5437663,3.5449576,3.5550718,2.0149865,2.240695,2.704576,MGS4
224,0.8476275,3.0233526,2.2577114,3.7630126,1.0645449,3.7720692,2.5059488,2.0927358,MGS4
226,0.47918636,2.37508,1.927529,4.579507,1.0813029,5.5478563,0.23950994,3.446251,MGS4
228,4.8108125,0.2675066,2.6277974,0.33733386,3.3520455,3.6093867,0.49713928,4.2244887,MGS4
232,4.0323486,2.5397918,2.7196786,1.2636721,1.0180165,3.925445,4.2900357,4.00854,MGS4
234,3.3121018,0.3485733,2.9515042,0.0,1.5139887,4.132368,3.8367128,4.007239,MGS4
249,2.4280918,2.9979239,1.9119653,4.7465,2.774037,1.7330642,0.5488514,4.7301044,MGS4
253,1.9453819,0.89832044,1.6201564,4.187924,1.1846094,4.4353046,0.0,2.0685403,MGS4
270,2.6175988,0.91707915,2.1532032,2.2142494,0.89922464,4.9441457,0.70548207,6.2315574,MGS4
272,4.508616,1.0377798,0.5860334,3.5064054,1.159079,1.7482672,1.7347806,3.9164257,MGS4
280,5.709947,1.5517571,1.8381987,3.1705348,3.4921708,0.0,2.9434118,3.432479,MGS4
284,4.6133823,3.2988214,2.5870094,2.7230532,1.1590397,2.0956244,6.899612,2.226758,MGS4
294,0.083223075,4.8822207,2.7784994,1.6717529,2.464726,9.491096,0.949156,2.8516622,MGS4
300,3.0440543,2.0235982,2.0024335,3.3461406,1.2919993,5.090493,1.8715146,5.4762297,MGS4
302,3.98316,1.3557657,2.1131887,1.6999438,2.1849284,3.0525498,4.6604795,0.7719954,MGS4
334,2.493894,1.1924983,2.039092,3.1382115,2.1710346,5.226082,1.5010474,0.0,MGS4
364,1.5413074,1.2704068,2.8753755,1.360457,1.3524557,6.2849503,0.94180095,3.6318913,MGS4
383,0.88666856,0.5209877,2.4489443,0.4964214,0.91680825,4.08131,3.3746328,1.2374371,MGS4
388,1.7376772,1.3299596,3.0978944,1.2355084,2.1557655,4.1531787,3.5259228,2.618524,MGS4
397,0.38359052,3.109383,1.4647627,0.2601905,2.4916341,2.6928253,3.5584242,3.9845858,MGS4
403,3.8703802,1.7753426,3.1271887,1.6754711,0.5868876,4.1808796,4.0270624,3.688435,MGS4
411,0.871693,3.2003374,0.0,5.493631,0.46805075,4.248716,0.0,2.2245827,MGS4
416,0.0,5.0708475,0.9667795,2.6377814,2.7078488,2.83946,3.3792415,4.035104,MGS4
417,0.025774479,3.9767141,0.7078558,1.4502828,3.552776,3.0723057,1.7398425,3.162881,MGS4
419,0.029770702,3.7312458,0.64718616,3.354532,0.15678802,4.6492314,2.3080397,3.4891033,MGS4
420,3.344297,0.79430777,0.36026376,4.893257,0.6115104,2.8782585,0.7331897,2.4275637,MGS4
428,4.1141167,7.704308,0.0,0.15343237,2.3569493,2.0776868,0.0141632855,1.5339457,MGS4
437,0.4888961,3.4333854,1.0157237,5.731959,1.3083723,2.5381417,0.5601678,3.535428,MGS4
451,0.5646868,2.5560749,1.756221,5.0315433,1.0600314,4.376188,2.0906389,0.8372364,MGS4
459,3.9981132,2.7199988,1.0446241,1.0325704,1.2864687,4.125525,2.4679155,6.2499995,MGS4
473,2.2865071,3.9524765,0.88711476,3.0816627,3.700337,2.704522,2.2375429,2.4635139,MGS4
477,0.18203998,4.0204277,1.6332458,3.6533163,2.5066745,2.7477703,3.3424883,1.2342716,MGS4
484,1.3755305,3.2492247,1.8828119,4.4157076,1.4096184,4.56696,0.6218288,4.4104614,MGS4
497,0.10132991,3.1231425,1.3141863,5.2050757,0.6475525,5.034492,0.3298896,2.454279,MGS4
509,3.5086727,1.6864353,2.5906763,1.7903366,1.3075305,3.9072313,2.8970218,6.1995015,MGS4
515,1.473917,3.4973505,1.1423209,3.1358695,0.8048544,6.3736362,0.82747614,4.1511316,MGS4
516,1.8288848,4.975045,1.3723994,3.9212368,1.1057322,5.1187243,3.175139,2.2568746,MGS4
521,0.9084949,3.4270205,1.7935299,4.2311125,1.4394326,4.5428205,0.8707119,4.252015,MGS4
523,1.9584969,7.6696196,3.1424663,2.0231237,0.638216,5.173692,5.4801683,0.0,MGS4
