MOXD1,S100B,CXCL12,CCDC3,SYNC,CYP21A2,NNMT,ISLR,ANKRD35,sample_id,mgs_level
49.8084593007731,11.5164067747452,2.59119152431768,3.26298191951115,0.575820338737262,0.863730508105892,2.11134124203663,1.82343107266799,1.43955084684315,2,MGS1
10.2082222254196,7.39216092185555,3.87208429240052,5.86679438242504,0.938687101188006,2.22938186532151,0.821351213539505,1.76003831472751,4.81077139358853,4,MGS1
7.89622043139875,5.59315613890745,3.29009184641614,4.49645885676873,0.438678912855486,0.877357825710972,0.548348641069357,1.42570646678033,2.19339456427743,6,MGS1
11.1155264904388,8.08401926577367,3.70517549681293,2.91922917930716,1.12278045357968,0.449112181431871,1.12278045357968,1.34733654429561,4.15428767824481,9,MGS1
14.5607114028795,10.0538245400835,2.42678523381325,3.35127484669449,0.346683604830465,0.346683604830465,0.115561201610155,0.693367209660929,3.12015244347418,17,MGS1
16.0176308364484,9.57028257523646,3.42515376376884,3.92885284667602,0.302219449744309,0.906658349232928,0.805918532651491,0.604438899488619,2.71997504769878,18,MGS1
9.49980471340715,3.35968703279033,4.2864972487325,3.12798447880479,1.04266149293493,0.11585127699277,0.23170255398554,0.34755383097831,2.43287681684817,32,MGS1
8.49369103190808,5.48174385747259,3.55409766583388,3.91553132676614,0.783106265353227,0.783106265353227,0.361433660932259,0.783106265353227,2.40955773954839,35,MGS1
11.3119125319276,11.0255349994737,5.01160681794259,5.01160681794259,1.8614539609501,2.43420902585783,1.14551012981545,2.00464272717703,3.43653038944634,41,MGS1
14.2295303391836,9.23505942543044,3.67517671012028,4.24058851167724,1.88470600518989,0.848117702335449,5.93682391634814,2.54435310700635,4.24058851167724,42,MGS1
6.83528029174999,7.31663805877464,2.98441815555281,2.88814660214789,0.481357767024647,0.288814660214789,0.673900873834506,0.385086213619718,2.11797417490845,43,MGS1
5.52327544818112,6.0077732945128,3.10078621652274,3.48838449358808,1.16279483119603,0.775196554130684,0.387598277065342,1.06589526192969,2.51938880092472,81,MGS1
14.6839696722223,9.88344112553423,3.95337645021369,1.88256021438747,0.753024085754989,0.376512042877494,0.376512042877494,0.188256021438747,2.16494424654559,89,MGS1
11.1828792113035,3.04095838202112,3.72762640376782,4.51238985719263,1.37333604349341,1.86381320188391,0.588572590068604,1.27524061181531,3.43334010873352,99,MGS1
21.3819759089094,8.79345329587185,9.07114129468886,2.86944265444239,1.38843999408503,0.555375997634012,0.185125332544671,1.20331466154036,2.12894132426371,109,MGS1
8.83718113845072,11.74336822425,3.73652625317044,2.72825726421969,1.36412863210984,0.771029226844694,0.474479524212119,1.12688887000378,4.80410518264771,115,MGS1
8.28912087608677,8.64951743591662,3.69406473825606,4.14456043804338,0.810892259617184,1.98218107906423,2.25247849893662,0.900991399574649,3.06337075855381,117,MGS1
10.677641434479,5.28141404286056,2.75552037018812,3.67402716025082,0.918506790062706,1.14813348757838,1.03332013882054,0.688880092547029,4.24809390404001,119,MGS1
13.6182903889154,10.3592123471237,1.74593466524556,4.19024319658935,0.814769510447929,0.232791288699408,0.814769510447929,0.814769510447929,3.84105626354024,120,MGS1
8.90458645723628,9.05680161035143,3.19651821541815,3.50094852164845,1.5221515311515,0.9132909186909,0.9132909186909,1.29382880147878,3.72927125132118,126,MGS1
15.7751439442302,12.0433894627994,2.2899402499689,4.07100488883359,1.1025638240591,0.678500814805599,0.763313416656299,0.339250407402799,3.73175448143079,137,MGS1
8.12476958085846,5.92630251780264,1.05144076928757,2.96315125890132,0.382342097922751,0.0955855244806878,0.669098671364814,0.764684195845502,1.4337828672103199,139,MGS1
14.3274454614194,8.44465328520747,1.51813991644179,3.32093106721642,0.569302468665672,0.189767489555224,0.284651234332836,0.759069958220896,4.17488477021493,142,MGS1
5.27384334936508,6.87483150899376,3.95538251202381,3.861206737928,0.18835154819161,1.50681238553288,0.37670309638322,1.50681238553288,2.82527322287415,145,MGS1
15.3585563210847,7.31790036475211,5.2399780389583,3.07171126421694,0.90344448947557,0,0.90344448947557,0.542066693685342,1.17447783631824,149,MGS1
11.4533417310979,6.72261362477483,2.82183781780672,3.81778057703262,1.07893798916139,0.497971379612951,0.0829952299354918,1.32792367896787,4.0667662668391,153,MGS1
7.84231802152953,12.0152945834443,4.74855953597201,3.74128933137189,1.15116594811443,0.359739358785758,0.86337446108582,0.503635102300062,2.94986274204322,162,MGS1
12.1737127897799,3.06739219899965,3.83424024874956,4.02595226118704,0.95856006218739,2.30054414924974,0.191712012437478,1.62955210571856,5.75136037312434,163,MGS1
13.1495919478518,3.81999319155472,6.46460386263107,3.67307037649493,0.734614075298985,0.954998297888681,1.39576674306807,1.90999659577736,4.9219143045032,172,MGS1
5.55462511889253,4.4777080040052,2.09715438162269,3.40079088911787,0.62347832967161,1.70039544455894,0.906877570431433,1.02023726673536,4.02426921878948,173,MGS1
8.36365574525548,5.44788585241412,5.21769349245296,3.91327011933972,1.45788494642068,0.61384629322976,0.30692314661488,2.37865438626532,5.754808999029,177,MGS1
15.6423144395854,6.9456545459353,5.89505133730643,2.74324171141982,1.05060320862887,0.933869518781216,0.642035294162086,0.992236363705042,3.73547807512487,189,MGS1
12.9829628808076,6.09634778750967,7.11240575209461,2.93527856435651,1.58053461157658,0.564476646991636,0.677371976389963,1.12895329398327,4.29002251713643,217,MGS1
3.07717143311173,3.28939015263667,1.48553103667463,5.62379606741109,0.530546798812367,2.44051527453689,1.27331231714968,2.22829655501194,2.97106207334925,218,MGS1
7.80895084703083,3.95041042849795,4.40976047832329,3.49106037867261,0.734960079720549,0.459350049825343,0.183740019930137,0.734960079720549,3.49106037867261,229,MGS1
9.16642253069673,4.43847827802158,2.50870511366437,6.0787854677252,2.02626182257507,0.675420607525022,2.70168243010009,1.73679584792149,3.08763706297153,237,MGS1
4.40668440886105,6.61002661329158,3.54982910713807,4.77390810959948,0.734447401476842,1.10167110221526,0.244815800492281,0.489631600984562,4.40668440886105,243,MGS1
11.8823121518952,6.8653359099838704,2.1124110492258,1.58430828691935,0.792154143459677,0.132025690576613,0.528102762306451,0.264051381153226,3.03659088326209,246,MGS1
17.6593915823477,17.9035306364815,8.54486689468435,3.5807061272963,1.46483432480303,0.895176531824075,2.19725148720455,2.19725148720455,3.82484518143014,251,MGS1
16.6625763646737,8.33128818233686,4.90620304070948,3.42508514162738,1.11083842431158,1.01826855561895,0.277709606077895,0.925698686926318,3.23994540424211,254,MGS1
11.1742642921769,8.20764545354589,3.36216801711518,3.95549178484139,1.58219671393656,1.28553483007345,0.19777458924207,2.47218236552587,3.55994260635725,264,MGS1
15.6338307475665,9.83585378158155,4.65908863338073,3.93434151263262,0.724747120748114,0,0.414141211856065,1.96717075631631,1.96717075631631,265,MGS1
15.2165347932744,5.10691921144141,5.62803341669053,4.27313648304281,1.04222841049825,0.312668523149474,1.14645125154807,0.729559887348773,3.54357659569404,266,MGS1
4.35643827372007,11.6171687299202,2.24422577737095,2.37623905839277,1.05610624817456,0.792079686130923,0.528053124087282,1.45214609124002,4.35643827372007,286,MGS1
11.5161494063223,4.34793395952983,5.4055395172533,4.46544568816577,1.29262901499536,1.05760555772347,0.352535185907824,0.587558643179707,2.46774630135477,288,MGS1
10.2533519368667,3.96707068985916,3.41778397895558,2.99056098158614,0.976509708273024,1.22063713534128,0.549286710903576,1.95301941654605,3.0515928383532,291,MGS1
11.9035644871366,5.62881731562275,4.89061176603288,3.41420066685314,0.922756936987336,0.276827081096201,0.461378468493668,1.1073083243848,3.78330344164808,292,MGS1
8.99691481936282,2.59370517314964,6.07899649956948,3.32318475309798,1.29685258657482,2.35054531316686,1.29685258657482,0.810532866609263,5.02530377297743,293,MGS1
12.4546590429185,5.10730622623277,2.77765777216168,4.21128759005158,0.71681490894495,1.25442609065366,0.448009318090594,0.627213045326832,4.7488987717603,295,MGS1
19.1462642743531,6.98990600492255,1.97540821878246,2.27931717551822,0.455863435103645,1.29161306612699,0.379886195919704,0.607817913471526,2.50724889307005,307,MGS1
105.334433273204,9.41058896247917,3.42203234999243,1.92489319687074,1.06938510937263,0.64163106562358,1.28326213124716,0.64163106562358,2.24570872968253,308,MGS1
4.67999001628755,1.83856750639868,3.25927876134312,3.25927876134312,0.668570002326793,0.835712502908491,0.417856251454246,0.91928375319934,2.17285250756208,311,MGS1
14.460055241997,6.69447001944306,2.8563072082957,3.57038401036963,0.803336402333167,0.803336402333167,0.803336402333167,1.24963440362937,5.44483561581369,313,MGS1
11.0827886906344,3.39269041550033,5.42830466480053,4.74976658170047,0.753931203444518,0.678538083100067,0.452358722066711,0.527751842411163,3.39269041550033,314,MGS1
12.851118736198,13.2738529051519,4.73462269228348,3.88915435437571,0.507281002744658,0.169093667581553,0.845468337907764,0.93001517169854,2.45185817993251,315,MGS1
8.33091900797184,7.01116946215452,2.30956170518031,3.7942799442248,0.494906079681496,0.907327812749408,0.494906079681496,0.742359119522243,2.06210866533956,316,MGS1
8.9111257818944,4.79092783972817,1.91637113589127,2.39546391986409,0.479092783972817,1.91637113589127,0.766548454356507,0.479092783972817,3.64110515819341,317,MGS1
17.4443233702303,2.04781187389661,4.1714686320116,2.88210560029893,0.758448842183928,1.0618283790575,0.606759073747142,1.28936303171268,2.65457094764375,318,MGS1
10.6299665956874,12.4246362806736,2.76103028459413,3.65836512708722,0.690257571148532,1.51856665652677,1.10441211383765,1.31148938518221,3.52031361285751,319,MGS1
21.8468179839319,7.36695025039563,3.97984668699534,5.75807605778049,0.931453479935079,1.10080865810509,1.1854862471901,3.5564587415703,3.4717811524853,320,MGS1
7.11803796051229,7.9554541911608,2.02375589073389,2.51224869194552,0.488492801211628,1.39569371774751,2.02375589073389,0.279138743549502,3.48923429436877,321,MGS1
10.5999451332086,12.0896671519298,3.72430504680302,3.43782004320279,0.515673006480418,1.14594001440093,0.687564008640557,0.859455010800697,2.63566203312214,322,MGS1
6.78412601197751,9.38470764990222,2.54404725449157,4.46621629121853,0.565343834331459,0.565343834331459,0.508809450898313,0.904550134930334,3.4485973894219,324,MGS1
7.73507005968116,2.77979080269792,3.86753502984058,2.77979080269792,1.20860469682518,0.604302348412591,0.181290704523777,1.08774422714266,3.62581409047555,335,MGS1
4.88233392733206,1.93259051290227,1.42401406213852,4.3737574765683,0.610291740916507,0.81372232122201,0.712007031069259,0.305145870458254,3.25488928488804,347,MGS1
11.4421468771159,10.5090962734025,2.7500438846287,4.32149753298796,0.834834750690857,1.22769816278067,0.834834750690857,1.81699328091539,2.84825973765116,348,MGS1
9.46618082204715,6.94186593616791,2.66455460176142,3.71635247087777,0.98167801117526,2.38407516999706,0.84143829529308,2.1035957382327,4.34743119234758,349,MGS1
10.038659375504,5.5832993155893,1.8610997718631,2.08668762299802,0.620366590621033,1.63551192072818,0.733160516188494,1.91749673464683,4.22977220877977,350,MGS1
12.5343528928553,11.5111404118059,4.02889914413208,3.83704680393531,1.34296638137736,5.69161942583738,1.85457262190207,3.45334212354178,6.33112722649326,351,MGS1
9.45170174282481,10.3109473558089,3.32957675031329,2.47033113732921,0.537028508115046,0.805542762172569,0.375919955680532,1.28886841947611,3.81290240761683,352,MGS1
12.5379506249477,3.90069574998372,7.02125234997069,4.01214419998325,1.22593294999488,2.78621124998837,0.835863374996511,3.12055659998697,4.06786842498302,353,MGS1
9.31347579840455,9.7097939174856,6.86951406407144,4.22739327019781,1.25500737708998,1.58527247632418,0.924742277855771,3.83107515111677,5.74661272667515,354,MGS1
11.7525324526702,7.97661841165165,3.30392478589122,3.44552156242941,0.896779584741902,0.84958065922917,0.613586031665512,2.64313982871297,4.43669899819678,355,MGS1
13.7275433391997,5.4271682968929,4.89509297366811,3.45848960096116,1.33018830806199,0.798112984837192,0.798112984837192,2.23471635754414,5.53358336153786,356,MGS1
9.36538478310949,6.31618973744594,1.52459752283178,5.1545916248122,1.23419799467334,1.669797286911,0.798598702435693,2.39579610730708,4.71899233257455,375,MGS1
3.68603177721759,5.97137147909249,4.2757968615724,4.79184131038287,1.47441271088704,0.81092699098787,1.03208889762092,0.737206355443518,3.90719368385064,376,MGS1
9.87862784576046,8.64379936504041,5.00791550514246,4.80211075835578,0.960422151671156,2.05804746786676,0.686015822622254,2.12664905012899,4.87071234061801,377,MGS1
8.73139163817995,10.0130638052522,2.08271727149247,4.40574807431098,0.160209020884036,0.961254125304215,0.160209020884036,0.720940593978161,4.80627062652107,379,MGS1
15.775318555018,12.7735372915126,2.74631051767521,3.57659044162352,1.02188298332101,0.894147610405881,11.4323158759038,3.25725200933571,4.40687036557184,384,MGS1
6.17041685962998,5.69576940888921,2.53145307061743,4.27182705666691,0.474647450740768,0.791079084567947,0.474647450740768,1.26572653530871,5.06290614123486,386,MGS1
7.11578682772288,4.98105077940602,4.05599849180204,2.98863046764361,1.13852589243566,0.853894419326746,1.85010457520795,1.63663097037626,3.84252488697036,389,MGS1
9.14510087333988,11.1331662805877,2.46520110498727,2.14711063982762,1.19283924434868,0.556658314029384,0.556658314029384,0.874748779189032,6.04371883803331,394,MGS1
8.27175816746155,8.3384658946185,1.6676931789237,4.93637180961415,1.13403136166812,0.600369544412532,0.466954090098636,0.66707727156948,2.86843226774876,396,MGS1
10.6459750828422,5.1233755086178,4.25839003313687,5.25645019715333,0.931522819748691,0.598836098409873,0.399224065606582,1.13113485255198,2.12919501656844,404,MGS1
14.4340886616751,16.8893717845373,5.50578639672142,5.72899395334526,0.818427707620751,0.446415113247682,0.669622669871524,2.00886800961457,3.42251586823223,405,MGS1
19.4868369431399,17.1975523738885,2.79181045030657,4.24355188446599,1.84259489720234,3.62935358539854,1.56341385217168,4.18771567545986,4.85775018353343,406,MGS1
6.55878305780642,5.19507568935162,4.22099899759819,3.57161453642924,1.10395358398722,0.0649384461168953,0.259753784467581,0.454569122818267,2.85729162914339,413,MGS1
22.4230229841436,15.2994633357514,5.90931652650717,2.99513303398308,1.61899082918005,0.323798165836009,0.971394497508028,1.45709174626204,3.23798165836009,414,MGS1
11.1637074609964,4.6793983369446,3.54297302654377,3.67667012188504,1.00272821505956,0.735334024377008,0.200545643011911,0.200545643011911,2.20600207313102,415,MGS1
4.60201344818912,3.58957048958751,4.87813425508046,2.48508726202212,1.28856376549295,0.644281882746476,0.276120806891347,0.920402689637823,3.1293691447686,425,MGS1
5.91178816004511,8.66482676398769,3.70935727689105,4.63669659611381,0.231834829805691,3.36160503218252,2.69507989649115,1.85467863844553,2.86895601884542,447,MGS1
11.8726897088867,5.83292421237988,3.18535577555497,5.87429246920527,0.910101650158563,2.06841284126946,1.03420642063473,3.59903834380886,6.20523852380839,452,MGS1
9.89095863303702,6.59397242202468,2.3613549889683,2.49501659211745,1.06929282519319,0.178215470865532,0.222769338581915,0.534646412596596,1.87126244408808,466,MGS1
10.0401672932901,7.43716095799267,3.96648584426276,3.78055682031294,0.805692437115872,0.681739754482661,0.805692437115872,1.17755048501551,3.03684072451367,468,MGS1
14.6785038357006,9.66410811543018,2.00575828810815,3.3733207572728,2.00575828810815,1.54990413171993,1.36756246916465,1.36756246916465,2.91746660088458,480,MGS1
16.6192746849722,5.39003503296394,3.68319060585869,3.86285844029082,1.25767484102492,0.62883742051246,1.61701050988918,0.269501751648197,2.69501751648197,490,MGS1
16.1563923542874,9.45740040250972,2.46286468815357,1.87177716299672,0.492572937630715,0.394058350104572,1.47771881289214,0.985145875261429,1.87177716299672,491,MGS1
29.1799414058392,8.96377285015975,2.19326356971994,1.81182642715995,0.667514999479981,0.572155713839984,0.667514999479981,0.572155713839984,1.14431142767997,495,MGS1
6.59574503640159,3.21743660312273,1.44784647140523,1.04566689601489,0.884795065858751,0.563051405546478,0.241307745234205,0.482615490468409,2.73482111265432,499,MGS1
19.8914473688514,6.72486654818818,1.98206592999231,7.00801882390137,1.06182103392445,0.707880689282966,2.0528539989206,0.63709262035467,2.83152275713187,501,MGS1
10.2643802489531,3.44757809888501,3.21251595577922,2.50732952646183,0.235062143105796,0.470124286211593,0.0783540477019322,1.25366476323091,3.29087000348115,503,MGS1
9.61413752714137,11.2303071976522,3.35666008490712,6.42323843408152,1.20176719089267,0.99456595108359,0.621603719427244,1.57472942254902,5.84307496261609,506,MGS1
8.38406656555075,4.74250229970548,3.38750164264677,2.71000131411742,0.592812787463185,0.846875410661692,0.338750164264677,0.931562951727862,2.87937639624975,517,MGS1
13.9351286971255,4.95471242564462,3.40636479263068,5.5740514788502,1.08384334310976,0.85159119815767,0.774173816506972,0.464504289904183,3.32894741097998,518,MGS1
19.0691946485881,6.48921847742997,3.5292240842163,5.35075909542471,0.79692156740368,1.02461344380473,0.79692156740368,1.19538235110552,3.92768486791814,526,MGS1
17.5081992474908,29.6666709471371,3.11256875510947,4.37704981187269,1.16721328316605,0.194535547194342,0.486338867985855,4.37704981187269,4.86338867985855,11,MGS4
21.4864810526679,10.7011101713287,4.97138189061727,2.94912485036618,1.3481713601674,0.674085680083698,0.842607100104622,1.09538923013601,3.03338556037664,33,MGS4
15.5873285358572,18.8613792785486,3.55875080727333,4.05697592029159,1.42350032290933,0.711750161454665,1.7082003874912,2.06407546821853,4.27050096872799,46,MGS4
13.4573801899937,8.79567332679329,6.24492806202323,4.13396646359285,1.49526446555486,1.40730773228693,0.61569713287553,1.67117793209072,6.06901459548737,47,MGS4
16.4339559441588,10.65986331513,5.15226726897951,3.28679118883176,0.799489748634751,0.710657554342001,2.75379802307525,1.15481852580575,2.75379802307525,60,MGS4
36.410950868109,24.1752925818068,9.27541837832586,3.65096255317082,1.18409596319054,0.888071972392901,0.690722645194479,2.96023990797634,4.73638385276214,73,MGS4
22.0576743678194,9.79360741931182,8.38191625977138,4.85268836092027,0.705845579770221,0.352922789885111,3.08807441149472,0.617614882298944,2.73515162160961,94,MGS4
21.8641711741871,5.44038062080712,3.49005549259325,3.18210941971737,1.74502774629662,0.513243454793124,0.923838218627624,0.821189527668999,3.59270418355187,95,MGS4
4.94324979935776,11.3809704682888,3.67869752510345,4.0235754180819,0.919674381275862,0.804715083616379,1.26455227425431,1.26455227425431,1.26455227425431,106,MGS4
57.4346888196178,50.1759603748003,7.98460128929915,5.35331222805284,2.99422548348718,2.90349137792696,11.4324973005874,4.71817348913132,5.89771686141415,107,MGS4
17.1318950817031,7.25726111099924,3.45017331506521,3.33120182144227,1.5466294170982,1.07074344260645,1.07074344260645,0.356914480868815,3.56914480868815,116,MGS4
15.0783170875606,4.47637538536955,2.94498380616418,4.94757279435582,1.0601941702191,5.65436890783522,1.4135922269588,1.4135922269588,3.53398056739701,124,MGS4
14.8687354125167,9.5159906640107,6.28735097443564,6.20238677207841,0.679713618857907,1.69928404714477,1.01957042828686,1.78424824950201,5.09785214143431,125,MGS4
68.7021456417993,19.0192380590292,5.82221573235587,7.29717705121936,2.09599766364811,3.80384761180584,3.02755218082505,2.79466355153082,6.90902933572897,133,MGS4
10.3600580893257,10.8729322521636,3.2823946421626,2.05149665135162,1.23089799081097,1.6411973210813,1.12832315824339,1.33347282337856,2.87209531189227,148,MGS4
56.642758543478,27.0775349118315,7.17602515331224,5.6451397872723,3.06177073207989,1.53088536603995,15.021812654267,2.8704100613249,4.68833643349733,150,MGS4
13.071446534093,13.2942552818332,7.64976700574759,3.9362878767439,0.891234990960884,1.78246998192177,0.445617495480442,1.4111220690214,4.60471411996457,157,MGS4
29.9479933341769,19.9388496734175,6.19613655189866,5.16344712658222,1.19156472151897,0.476625888607589,1.82706590632909,1.82706590632909,4.21019534936704,160,MGS4
11.0431083341885,3.11472286348906,3.53945779941939,3.468668643431,0.991048183837428,1.69893974372131,0.566313247907102,1.34499396377937,4.10577104732649,178,MGS4
13.5524958254987,6.34737146257535,6.69047262271456,3.94566334160089,0.943528190382822,0.514651740208812,0.42887645017401,0.42887645017401,4.2029892117053,198,MGS4
23.822141389785,4.69612106250241,3.75689685000193,3.58612881136548,0.768456173864031,3.07382469545612,1.96383244431919,0.853840193182256,5.37919321704822,203,MGS4
11.2347358738451,13.3249192922348,3.65782098218211,3.30945707911715,0.958000733428648,1.9160014668573,0.522545854597444,2.00309244262354,3.91909390948083,209,MGS4
17.7273606256579,10.6364163753947,3.22315647739235,4.72729616684211,1.93389388643541,0.859508393971292,1.28926259095694,0.644631295478469,2.47108663266747,223,MGS4
13.4900109890768,12.1521586595816,5.6858724003547,5.7973600944793,1.33785232949522,1.33785232949522,1.56082771774443,4.01355698848567,4.79397084735789,224,MGS4
6.5228461803998,9.11279981085267,2.58995363045286,3.93289254994694,0.959242085352912,2.2062567963117,0.863317876817621,2.30218100484699,5.08398305237044,226,MGS4
19.2804662406336,10.0297374888145,3.89504368497649,3.31078713223002,1.26588919761736,2.82390667160796,0.973760921244124,1.65539356611501,4.67405242197179,228,MGS4
21.7233942845934,17.6305808686555,6.69017577605232,3.93539751532489,1.65286695643646,1.73157490674295,1.96769875766245,3.38444186317941,5.66697242206785,232,MGS4
3.52665491895504,6.74213440388463,4.77135665505681,3.52665491895504,1.03725144675148,2.07450289350296,1.14097659142663,0.518625723375741,4.14900578700592,234,MGS4
10.2810616105505,8.75164748666698,3.48366550440142,4.58824237165065,1.10457686724923,1.10457686724923,0.424837256634319,1.44444667255669,3.9934702123626,249,MGS4
19.642926079379,14.2152754521822,3.10151464411247,3.87689330514059,1.46460413749756,0.861531845586797,0.344612738234719,2.84305509043643,5.25534425807946,253,MGS4
17.9722203155292,8.59159800449689,4.64647647181975,3.50677469571302,1.22737114349956,1.57804861307086,0.876693673928254,1.84105671524933,3.68211343049867,270,MGS4
19.7729306494601,17.5484759513958,4.69607102924677,4.03697334093143,1.97729306494601,1.73013143182776,0.906259321433587,2.14206748702484,3.54265007469493,272,MGS4
13.8427986375155,9.76094775722244,6.12277632043953,2.66207666106066,1.50851010793438,0.798622998318199,0.266207666106066,0.798622998318199,4.34805854639909,280,MGS4
15.1299886549426,14.9519887884138,3.38199746404598,4.98399626280461,1.15699913243678,2.04699846508046,0.978999265908048,2.13599839834483,6.49699512829886,284,MGS4
20.0191733422306,15.7827507677337,7.64217405595524,8.14057671177841,3.15655015354673,7.3099056187398,9.96805311646336,10.8817913188058,6.31310030709346,294,MGS4
18.8947826810154,4.74895607490762,4.64791445629256,5.75937226105818,1.01041618615056,1.41458266061078,0.404166474460223,0.404166474460223,3.13229017706673,300,MGS4
8.20224797404335,9.22752897079877,3.26225771694906,4.00791662368028,1.11848836009682,3.82150189699747,1.02528099675542,3.44867244363186,4.47395344038728,302,MGS4
26.8709637366772,3.59458067530112,5.24455213281638,4.41956640405875,1.0606959369741,4.83205926843757,1.17855104108233,1.59104390546115,5.71597254924932,334,MGS4
19.2338743243428,10.2307842150759,8.34831991950196,3.68308231742734,1.55507920069154,1.63692547441215,1.63692547441215,2.37354193789762,7.12062581369285,364,MGS4
40.0370224649591,11.4573355225638,3.50085252078339,5.09214912113948,0.954777960213652,1.4639928723276,1.08208168824214,1.78225219239882,3.62815624881188,383,MGS4
11.2024454518223,4.83989148161256,4.35046425313488,4.02417943414977,0.870092850626977,1.03323526011953,0.54380803164186,1.14199686644791,4.45922585946326,388,MGS4
22.9492903492425,16.1118911596452,2.64018384548808,4.4003064091468,2.16630469373381,0.609273195112633,0.947758303508541,1.21854639022527,3.85873023571334,397,MGS4
17.5256516971316,9.41676807607073,7.84730673005894,4.96996092903733,1.04630756400786,3.46589380577603,1.17709600950884,3.727470696778,6.86639338880157,403,MGS4
19.0516159783594,10.8718460746073,2.17436921492146,4.76290399458986,1.55312086780104,5.17706955933681,3.20978312678882,6.21248347120417,5.79831790645722,411,MGS4
22.058704947855,18.8470927332248,3.97225721283213,5.91612776379254,1.5212899964038,0.084516110911322,1.69032221822644,2.02838666187173,2.28193499460569,416,MGS4
20.327000163732,19.6632613828755,3.06979186146157,8.71157149874229,1.0785755188919,1.65934695214139,5.72474698488779,3.40166125188985,4.14836738035347,417,MGS4
19.9311034198819,22.4782092882374,4.45743526962216,8.85119289253542,1.97400704797553,1.46458587430442,5.7946658505088,6.55879761101546,6.62247525772434,419,MGS4
11.9445613589232,5.92868738983051,3.05153027417747,3.48746317048853,0.959052371884347,1.91810474376869,1.13342553040877,2.44122421934197,3.83620948753739,420,MGS4
103.739925878979,28.9489981054075,7.7245456291237,8.66304182705462,4.8368650201055,3.39302471559639,10.9009942990437,7.00262547686915,9.38496197930917,428,MGS4
12.9173957843139,11.7871236531865,3.55228384068633,6.94310023406874,1.61467447303924,0.565136065563735,1.37247330208336,1.04953840747551,2.9871477751226,437,MGS4
16.3577829197183,7.64475977268466,5.80868209802241,5.14101748905431,0.634281378519688,2.30344290093992,1.36871244838459,1.83607767466225,4.47335288008622,451,MGS4
27.2782982314401,10.2428392568648,4.52841314514025,3.88149698154879,1.50947104838008,2.26420657257012,5.06750994813314,1.29383232718293,4.42059378454167,459,MGS4
18.8597248508209,12.3625947586721,5.77522674857674,6.40689217420232,1.35356876919767,0.812141261518604,5.23379924089767,1.89499627687674,3.15832712812791,473,MGS4
12.5400311003667,11.2664341917357,3.33094576103489,8.03345742367239,1.27359690863099,1.95937985943229,1.95937985943229,2.0573488524039,2.93906978914844,477,MGS4
13.4517518714019,6.89833429302664,5.77735497040981,5.08752154110715,1.98327110924516,1.63835439459383,1.55212521593099,1.89704193058233,4.91506318378148,484,MGS4
15.6024925595275,7.75091565860398,7.24760944700632,6.240997023811,2.01322484639064,2.51653105798831,3.32182099654456,1.50991863479298,4.83173963133755,497,MGS4
16.0043908028687,6.78974155273218,3.58886339215844,2.13391877371583,0.96996307896174,1.06695938685791,0.096996307896174,0.290988923688522,2.90988923688522,509,MGS4
33.5626469247299,21.0154486688533,5.18735758281822,6.56178566031707,3.01487449257811,3.28089283015853,6.25143093313991,4.25629340128675,5.67505786838233,515,MGS4
37.7500052860084,25.6518108208539,4.91204888058905,5.18494048506622,2.50150637437405,2.95632571516933,3.82048246268037,9.32379648630328,7.50451912312216,516,MGS4
20.1295956113562,8.96681986324049,5.30689338844846,4.26991422059071,2.8059436306739,0.731985294958408,1.15897671701748,1.76896446281615,4.02591912227124,521,MGS4
79.7923590051728,41.942137425796,11.5450482809682,8.18383169283824,4.53033540139259,7.08778280540454,9.86443998690323,11.5450482809682,9.35295050610084,523,MGS4
