"gene","frequency"
"HLA-DRA",82
"C1R",70
"LIX1",46
"SERPING1",43
"PTGS1",33
"HLA-DPA1",29
"CFB",22
"HLA-B",20
"PSMB8",20
"SLC9A9",20
"MAOB",18
"C3",14
"FGF1",11
"F5",9
"C1S",8
"RARRES3",8
"B2M",7
"TMEM98",7
"DGCR2",6
"DLGAP1-AS2",6
"HFE",6
"ZFAND6",6
"APOBEC3C",5
"CCND1",5
"FGF14",5
"GPS1",5
"MOXD1",5
"RIF1",5
"SP3",5
"TCEA2",5
"TMEM170B",5
"ACAP3",4
"ARVCF",4
"BCLAF1",4
"CALD1",4
"CAPN1",4
"CAST",4
"CDIPT",4
"CTB-50L17.10",4
"DGAT1",4
"DNM1L",4
"FERMT2",4
"FUT11",4
"GOLGA5",4
"HDAC2",4
"HECTD1",4
"HECW2",4
"INHBA",4
"KLHL22",4
"MYBBP1A",4
"ORC4",4
"P2RY6",4
"PIK3CB",4
"PIN1",4
"POT1",4
"PPP1R37",4
"PSMB9",4
"SCFD1",4
"SNX13",4
"TMEM259",4
"VIM",4
"VPS13A",4
"ACD",3
"ACTR3",3
"AES",3
"AGAP3",3
"AKT1",3
"ANO3",3
"AP2A1",3
"ARAP2",3
"ARHGEF28",3
"ARSA",3
"ATP6V0E1",3
"ATP7A",3
"BAP1",3
"BRF1",3
"C2CD5",3
"CCDC43",3
"CERKL",3
"CHD9",3
"CHIC1",3
"COMT",3
"COPS2",3
"CUEDC2",3
"CUL5",3
"DCTN4",3
"DDX18",3
"DNAJB14",3
"EBLN3",3
"EDEM3",3
"EDIL3",3
"FAM13B",3
"FBRS",3
"FLYWCH2",3
"FMR1",3
"FYTTD1",3
"GABPA",3
"GABRG2",3
"GALNT15",3
"GPBP1",3
"GPR137",3
"GRM5",3
"HGS",3
"HPCAL1",3
"HSPA13",3
"ICE2",3
"ITGB1",3
"KIF1A",3
"LAMC1",3
"LAMTOR4",3
"LHFPL2",3
"LIFR",3
"MAP3K5",3
"MAPK8IP3",3
"MATR3",3
"MRPL13",3
"MUS81",3
"NAE1",3
"NCLN",3
"NEURL4",3
"NFIB",3
"NIPBL",3
"NRIP3",3
"OSBPL8",3
"PAXBP1",3
"PHTF2",3
"PI4KB",3
"PIGK",3
"PLD3",3
"PLEKHM2",3
"PMPCB",3
"PMS1",3
"POLR2E",3
"PPIG",3
"PPM1A",3
"PPM1K",3
"PRKCB",3
"PRKCSH",3
"PRPF40A",3
"PSMB8-AS1",3
"PTBP2",3
"PTPN4",3
"RALYL",3
"RDX",3
"RFK",3
"RHOU",3
"RNASET2",3
"RP11-155G14.6",3
"RP11-274H2.5",3
"SART1",3
"SBF1",3
"SELT",3
"SENP1",3
"SERGEF",3
"SH3GL1",3
"SH3GLB2",3
"SH3RF1",3
"SHARPIN",3
"SLC38A10",3
"STAT3",3
"STK11",3
"TAB3",3
"THUMPD1",3
"TM9SF3",3
"TMEM94",3
"TNFRSF1B",3
"TNPO2",3
"TRAPPC6B",3
"UPF1",3
"UTP3",3
"WWTR1",3
"ZC3H11A",3
"ZC3H3",3
"ZMYM2",3
"ABCB6",2
"ABCG4",2
"ABI2",2
"AC125232.1",2
"ACHE",2
"ACOX1",2
"ACSL4",2
"AFAP1L2",2
"AFTPH",2
"AGPS",2
"AHCTF1",2
"AIP",2
"AK1",2
"AMPH",2
"ANAPC11",2
"ANAPC4",2
"ANKS1B",2
"ANTXR1",2
"ANXA5",2
"AP3S1",2
"ARFGEF1",2
"ARHGAP33",2
"ARHGEF10L",2
"ARHGEF17",2
"ARHGEF9",2
"ARL8B",2
"ASPSCR1",2
"ATAD2B",2
"ATG2A",2
"ATP1B1",2
"ATP1B3",2
"ATP6V1B2",2
"ATP6V1C1",2
"ATRNL1",2
"ATRX",2
"AURKAIP1",2
"AVL9",2
"AZI2",2
"BIRC2",2
"BRAT1",2
"BRIX1",2
"BTN3A3",2
"C19orf25",2
"C1QBP",2
"C2",2
"C7orf43",2
"CAPZA2",2
"CASKIN2",2
"CASP4",2
"CCDC130",2
"CCDC47",2
"CCDC50",2
"CCDC91",2
"CD58",2
"CDC42EP3",2
"CDH11",2
"CDK9",2
"CENPB",2
"CEP57",2
"CGGBP1",2
"CLPP",2
"CLPTM1",2
"CLPTM1L",2
"CNOT3",2
"COA7",2
"COPB1",2
"COPE",2
"COPS7A",2
"COPZ2",2
"COX5A",2
"CPSF2",2
"CPSF3L",2
"CPTP",2
"CRELD1",2
"CRIP2",2
"CRNKL1",2
"CTD-2292P10.4",2
"CTDSP1",2
"CTSZ",2
"CYC1",2
"CYLD",2
"DBN1",2
"DBNDD1",2
"DCAF11",2
"DCAF13",2
"DCK",2
"DCP2",2
"DDX1",2
"DHX15",2
"DHX29",2
"DHX30",2
"DHX36",2
"DHX57",2
"DLAT",2
"DLD",2
"DLG1",2
"DLG2",2
"DMXL1",2
"DMXL2",2
"DNAJB12",2
"DNAL1",2
"DOCK7",2
"DOK6",2
"DPP6",2
"DPP8",2
"DRAM1",2
"DRAP1",2
"DUS1L",2
"EEF2",2
"EFR3A",2
"EGFR",2
"EGLN2",2
"EIF2S1",2
"EIF4E",2
"EIF4G2",2
"ELFN2",2
"EMSY",2
"EPHA5",2
"EPRS",2
"ERO1A",2
"ESCO1",2
"ESYT2",2
"ETNPPL",2
"EXOC5",2
"FAM160B2",2
"FAM199X",2
"FAM3A",2
"FAM3C",2
"FAR2",2
"FAT3",2
"FBXO3",2
"FBXW4",2
"FBXW5",2
"FGF12",2
"FIS1",2
"FKBP2",2
"FKBP8",2
"FLT1",2
"FNDC3A",2
"FOXP2",2
"FPGS",2
"FREM1",2
"GAA",2
"GAB3",2
"GABRG3",2
"GCC2",2
"GDPD5",2
"GGNBP2",2
"GLIS3",2
"GLRA2",2
"GNA11",2
"GOLGB1",2
"GPR107",2
"GPRC5A",2
"GPX4",2
"GRIA1",2
"GRIA2",2
"GRIN2B",2
"GRN",2
"GTPBP1",2
"HACD3",2
"HACL1",2
"HDAC5",2
"HECTD2",2
"HELB",2
"HNRNPCP1",2
"HNRNPR",2
"HRAS",2
"HSF2",2
"IER3IP1",2
"IGFBP7",2
"IRAK4",2
"ITCH",2
"ITPKC",2
"JADE2",2
"JAK2",2
"KAT2B",2
"KCNH2",2
"KDM6B",2
"KIRREL3",2
"KLHDC10",2
"KPNA1",2
"KPNA3",2
"KRR1",2
"LANCL1",2
"LARP4",2
"LETM1",2
"LINC01411",2
"LITAF",2
"LMAN1",2
"LMAN2L",2
"LRBA",2
"LRPAP1",2
"LRRC37BP1",2
"LRRC7",2
"LTBP1",2
"LTV1",2
"LYPLA2",2
"LZTFL1",2
"MAK16",2
"MAP10",2
"MAP2K2",2
"MAP7D1",2
"MAPK12",2
"MCRIP1",2
"MCRS1",2
"MDGA2",2
"METAP2",2
"MID1",2
"MIR4435-2HG",2
"MLLT1",2
"MRPL54",2
"MRPS23",2
"MSN",2
"MTURN",2
"MTX3",2
"MXD4",2
"MYL12A",2
"MYL9",2
"MYO3B",2
"NAA15",2
"NCAPH2",2
"NCKAP1",2
"NCOA3",2
"NDUFA13",2
"NDUFS8",2
"NMNAT2",2
"NOC2L",2
"NOP58",2
"NOVA1",2
"NRG1",2
"NRXN1",2
"NTNG1",2
"NUP35",2
"NUP58",2
"OCIAD1",2
"ORC3",2
"OSBPL7",2
"OSGIN2",2
"OTUB1",2
"OXSM",2
"PACS2",2
"PAK4",2
"PAM",2
"PAPPA",2
"PBLD",2
"PCDH9",2
"PCNP",2
"PDCD2",2
"PDDC1",2
"PDE6D",2
"PDK1",2
"PEX1",2
"PFKL",2
"PHF3",2
"PHIP",2
"PHYHIP",2
"PIBF1",2
"PIDD1",2
"PIK3R4",2
"PLA2G12A",2
"PLA2G6",2
"PLAA",2
"PLCB4",2
"PLEKHH2",2
"PLOD2",2
"PNPLA6",2
"POLK",2
"POLR2C",2
"POLR3A",2
"POLRMT",2
"PPARD",2
"PPP1R12C",2
"PPP1R16A",2
"PPP1R9B",2
"PPP6C",2
"PPP6R1",2
"PRDX5",2
"PRKAB2",2
"PRKACB",2
"PRPF8",2
"PSMD3",2
"PSME3",2
"PTPN14",2
"PTPRK",2
"PYCR2",2
"R3HDM4",2
"RAB11B",2
"RAB11FIP3",2
"RAB13",2
"RAB1B",2
"RAB22A",2
"RAB3C",2
"RAB5A",2
"RAD23A",2
"RAI1",2
"RANBP9",2
"RASGRF2",2
"RAVER2",2
"RBBP4",2
"RBM10",2
"RBM42",2
"RCBTB2",2
"RCN2",2
"RELA",2
"RFNG",2
"RFX4",2
"RFXANK",2
"RHOQ",2
"RNF182",2
"RNF19A",2
"RNF26",2
"RNF4",2
"RNMT",2
"RP11-10K16.1",2
"RP11-754B17.1",2
"RP11-798M19.6",2
"RP11-88H12.2",2
"RP5-1021I20.5",2
"RPL36",2
"RPS15",2
"RPS2",2
"RPS6KB1",2
"RSL24D1",2
"RUNDC3A",2
"RUNX1T1",2
"S100A16",2
"SACM1L",2
"SAP30",2
"SBSPON",2
"SCAF1",2
"SCAF11",2
"SCAP",2
"SCN1A",2
"SCN9A",2
"SCYL2",2
"SDAD1",2
"SDCBP",2
"SEC61G",2
"SELO",2
"SEPSECS",2
"SET",2
"SETD1A",2
"SETD2",2
"SFMBT1",2
"SGSM3",2
"SH2B1",2
"SHISA9",2
"SHOC2",2
"SLC25A46",2
"SLC26A6",2
"SLC39A3",2
"SLC39A8",2
"SLC47A2",2
"SLC7A14",2
"SLC7A6OS",2
"SLK",2
"SMAD2",2
"SMC3",2
"SMC5",2
"SMIM13",2
"SNAPC4",2
"SPATA13",2
"SPIN3",2
"SPOCK3",2
"SPRYD3",2
"SPSB1",2
"SPTB",2
"SRFBP1",2
"SRGN",2
"SSNA1",2
"STOM",2
"STUB1",2
"STX10",2
"STX12",2
"STX1B",2
"STXBP5",2
"STXBP5-AS1",2
"SUPT16H",2
"SV2A",2
"SWAP70",2
"SYMPK",2
"SYNPO2",2
"TAF1",2
"TARBP1",2
"TBC1D15",2
"TBCK",2
"TCEAL6",2
"TGFB2",2
"TIAL1",2
"TIMP4",2
"TLL1",2
"TM7SF2",2
"TMED2",2
"TMEM106B",2
"TMEM167B",2
"TMEM246",2
"TMEM87A",2
"TMSB4X",2
"TMTC1",2
"TNRC18",2
"TOX4",2
"TRAF7",2
"TRAPPC13",2
"TRAPPC8",2
"TREM1",2
"TRIP12",2
"TRMT6",2
"TSPAN17",2
"UBE2D2",2
"UBE2D3",2
"UBE2V2",2
"UBE3A",2
"UBL3",2
"UBQLN1",2
"UBXN7",2
"UCHL5",2
"UFL1",2
"UFSP2",2
"UHMK1",2
"UHRF1BP1L",2
"USO1",2
"USP15",2
"USP16",2
"USP20",2
"USP46",2
"USP5",2
"VAPA",2
"VPS54",2
"VPS9D1",2
"WBP4",2
"WDR3",2
"XAB2",2
"XRCC5",2
"YAP1",2
"YME1L1",2
"ZADH2",2
"ZCCHC17",2
"ZCCHC18",2
"ZDHHC17",2
"ZER1",2
"ZNF140",2
"ZNF197",2
"ZNF654",2
"AAGAB",1
"AAMP",1
"AAR2",1
"AASDHPPT",1
"AATK",1
"ABCA5",1
"ABCA8",1
"ABCC10",1
"ABCD3",1
"ABCE1",1
"ABHD17A",1
"ABHD5",1
"ABI3",1
"ABLIM1",1
"ABTB1",1
"AC000124.1",1
"AC007743.1",1
"AC024560.3",1
"AC083899.3",1
"AC093673.5",1
"AC129492.6",1
"ACAA1",1
"ACAT1",1
"ACOX2",1
"ACTG1P1",1
"ACTN1",1
"ACTN4",1
"ACTR1B",1
"ACTR2",1
"ACVR2A",1
"ADAM23",1
"ADAMTS3",1
"ADAMTS4",1
"ADAT2",1
"ADCY5",1
"ADD2",1
"ADGRB2",1
"ADGRB3",1
"ADGRF5",1
"ADSSL1",1
"AEBP2",1
"AF186192.5",1
"AFG3L2",1
"AGPAT1",1
"AGPAT4",1
"AGPAT5",1
"AHCYL1",1
"AHI1",1
"AIFM1",1
"AK4",1
"AKAP1",1
"AKAP12",1
"AKAP8L",1
"AKAP9",1
"AL354822.1",1
"AL356053.1",1
"ALG10B",1
"ALKBH3",1
"ALKBH8",1
"AMDHD2",1
"AMPD2",1
"ANAPC13",1
"ANKHD1",1
"ANKIB1",1
"ANKMY2",1
"ANKRD13A",1
"ANKRD26",1
"ANKRD36",1
"ANKRD49",1
"ANKRD54",1
"ANO6",1
"ANP32E",1
"ANTXR2",1
"AP3D1",1
"AP4S1",1
"APBA2",1
"APBB1",1
"APEH",1
"API5",1
"APOLD1",1
"APPBP2",1
"AQR",1
"ARFGAP1",1
"ARFGAP2",1
"ARFGAP3",1
"ARHGAP21",1
"ARHGAP23",1
"ARHGAP29",1
"ARHGAP4",1
"ARHGDIA",1
"ARHGEF1",1
"ARID2",1
"ARID4A",1
"ARID4B",1
"ARIH1",1
"ARL16",1
"ARL5A",1
"ARL8A",1
"ARMCX5",1
"ARMT1",1
"ARRB1",1
"ARSD",1
"ARSJ",1
"ASAP2",1
"ASH2L",1
"ASIC4",1
"ASNA1",1
"ATAD3B",1
"ATE1",1
"ATG12",1
"ATG14",1
"ATG4B",1
"ATG9A",1
"ATIC",1
"ATL1",1
"ATP13A1",1
"ATP5B",1
"ATP6AP1",1
"ATP6AP2",1
"ATP6V0D1",1
"ATP6V1F",1
"ATP6V1G2",1
"AVEN",1
"AXL",1
"AZIN1",1
"B4GALT1",1
"BACH1",1
"BAG3",1
"BAG6",1
"BANF1",1
"BBOF1",1
"BCAP29",1
"BCAT2",1
"BCL3",1
"BCR",1
"BDH1",1
"BDP1",1
"BEND6",1
"BET1",1
"BFAR",1
"BHLHE22",1
"BICD1",1
"BIN2",1
"BIN3",1
"BIVM-ERCC5",1
"BLOC1S2",1
"BLOC1S6",1
"BMI1",1
"BMPR1B",1
"BMPR2",1
"BNIP2",1
"BNIP3L",1
"BOC",1
"BOD1L1",1
"BRAP",1
"BRD7",1
"BRWD1",1
"BSG",1
"BTBD1",1
"BTBD11",1
"BTG2",1
"BZW1",1
"C11orf1",1
"C11orf65",1
"C12orf10",1
"C12orf4",1
"C14orf119",1
"C14orf132",1
"C14orf166",1
"C16orf13",1
"C16orf52",1
"C16orf58",1
"C16orf87",1
"C18orf32",1
"C18orf8",1
"C19orf48",1
"C19orf70",1
"C1D",1
"C1QL2",1
"C2orf49",1
"C3orf14",1
"C3orf18",1
"C3orf35",1
"C4orf3",1
"C4orf47",1
"C5orf22",1
"C6orf203",1
"C7",1
"C9orf142",1
"C9orf64",1
"CACHD1",1
"CACNA1E",1
"CACNA2D3",1
"CACNG2",1
"CACNG5",1
"CACTIN",1
"CADM2",1
"CADM3",1
"CADM4",1
"CADPS2",1
"CALCOCO2",1
"CALM2",1
"CALU",1
"CAMK4",1
"CAMTA2",1
"CAND1",1
"CAPN7",1
"CAPNS1",1
"CARTPT",1
"CAV1",1
"CCDC113",1
"CCDC12",1
"CCDC121",1
"CCDC125",1
"CCDC174",1
"CCDC53",1
"CCDC7",1
"CCDC94",1
"CCL28",1
"CCNC",1
"CCS",1
"CCSER1",1
"CCSER2",1
"CCT8",1
"CD164",1
"CD44",1
"CD46",1
"CD74",1
"CD81",1
"CDAN1",1
"CDC123",1
"CDC27",1
"CDC37",1
"CDC42BPB",1
"CDH18",1
"CDH7",1
"CDK17",1
"CDK18",1
"CDK4",1
"CDKL3",1
"CDV3",1
"CEBPZ",1
"CEP120",1
"CEP131",1
"CEP152",1
"CEP290",1
"CEP295",1
"CEP350",1
"CEP41",1
"CFAP44",1
"CFI",1
"CFP",1
"CH17-260O16.1",1
"CHAF1B",1
"CHD1",1
"CHD3",1
"CHD5",1
"CHGA",1
"CHI3L1",1
"CHID1",1
"CHMP1A",1
"CHORDC1",1
"CHPF",1
"CHPF2",1
"CHRDL1",1
"CHSY1",1
"CIAO1",1
"CIB1",1
"CIZ1",1
"CKMT2",1
"CLASP1",1
"CLCN7",1
"CLDN1",1
"CLDN9",1
"CLEC2B",1
"CLEC4A",1
"CLEC4F",1
"CLIC1",1
"CLIC5",1
"CLIP1",1
"CLIP2",1
"CLIP4",1
"CLNS1A",1
"CLUH",1
"CLVS1",1
"CLVS2",1
"CMPK2",1
"CNEP1R1",1
"CNGA1",1
"CNIH1",1
"CNKSR2",1
"CNN3",1
"CNOT11",1
"CNOT6",1
"CNOT6L",1
"CNOT8",1
"CNP",1
"CNTN1",1
"CNTROB",1
"COA1",1
"COG3",1
"COIL",1
"COMMD2",1
"COPB2",1
"COPS3",1
"COPS4",1
"COX10",1
"COX7A2",1
"CP",1
"CPA6",1
"CPD",1
"CPEB3",1
"CPLX3",1
"CPLX4",1
"CPNE2",1
"CPNE3",1
"CRAT",1
"CRBN",1
"CRYZL1",1
"CSDE1",1
"CSK",1
"CSMD3",1
"CSNK1E",1
"CSNK1G2",1
"CTB-75G16.3",1
"CTC-425O23.5",1
"CTC-523E23.1",1
"CTD-2012K14.5",1
"CTD-2369P2.12",1
"CTD-2377O17.1",1
"CTD-2528L19.6",1
"CTD-2619J13.19",1
"CTDSPL2",1
"CTNS",1
"CTR9",1
"CTSD",1
"CTSL",1
"CUBN",1
"CUL2",1
"CUL3",1
"CXCR4",1
"CXXC5",1
"CYB5R4",1
"CYP21A2",1
"CYP27A1",1
"CYSLTR2",1
"CYSTM1",1
"CYTH4",1
"DALRD3",1
"DAPK3",1
"DBI",1
"DCC",1
"DCTN1",1
"DCUN1D1",1
"DDB2",1
"DDHD1",1
"DDX19B",1
"DDX20",1
"DDX28",1
"DDX3Y",1
"DDX47",1
"DDX49",1
"DDX52",1
"DDX54",1
"DDX6",1
"DENND4A",1
"DGCR6L",1
"DGKB",1
"DGKE",1
"DGKI",1
"DHX34",1
"DHX40",1
"DHX9",1
"DICER1-AS1",1
"DIRC3",1
"DLGAP1-AS1",1
"DLL4",1
"DMTF1",1
"DMTN",1
"DMWD",1
"DNA2",1
"DNAAF1",1
"DNAJA1",1
"DNAJB2",1
"DNAJC12",1
"DNAJC14",1
"DNAJC21",1
"DNAJC7",1
"DNM2",1
"DNTTIP2",1
"DOC2B",1
"DPCD",1
"DPH3",1
"DPP7",1
"DPP9",1
"DST",1
"DTWD1",1
"DUSP26",1
"DXO",1
"DYNC2H1",1
"DYRK2",1
"E2F1",1
"E4F1",1
"EBAG9",1
"EBF3",1
"EBNA1BP2",1
"ECD",1
"ECI1",1
"ECT2",1
"EDC4",1
"EDF1",1
"EDNRB",1
"EEF1D",1
"EEF1E1",1
"EEF1G",1
"EGF",1
"EGFL7",1
"EGLN3",1
"EHD2",1
"EHMT2",1
"EID1",1
"EID3",1
"EIF2A",1
"EIF2AK1",1
"EIF2AK3",1
"EIF2AK4",1
"EIF3D",1
"EIF3E",1
"EIF3K",1
"EIF4A2",1
"EIF4G1",1
"EIF4H",1
"EIF4HP2",1
"EIF5",1
"EIF5A",1
"EIF5B",1
"ELAC1",1
"ELAC2",1
"ELAVL3",1
"ELAVL4",1
"ELK3",1
"ELK4",1
"ELOVL6",1
"ELP2",1
"EMC3",1
"EML6",1
"ENO2",1
"ENPP4",1
"EPB41L3",1
"EPC1",1
"EPM2AIP1",1
"EPOR",1
"EPS8",1
"EPS8L2",1
"ERBB4",1
"ERCC6L2",1
"ERCC8",1
"ERGIC2",1
"ERICH2",1
"ERMP1",1
"ERRFI1",1
"ESD",1
"ESPN",1
"ETFB",1
"ETS1",1
"EXOC6B",1
"EXOC7",1
"EXOSC9",1
"FABP5",1
"FAIM",1
"FAM102B",1
"FAM104B",1
"FAM111A",1
"FAM114A2",1
"FAM122C",1
"FAM124A",1
"FAM127A",1
"FAM134B",1
"FAM13A",1
"FAM169A",1
"FAM171A2",1
"FAM172A",1
"FAM208A",1
"FAM210B",1
"FAM32A",1
"FAM57B",1
"FAM69B",1
"FAM73A",1
"FAM8A1",1
"FAM92A1",1
"FAM96B",1
"FARSA",1
"FASTK",1
"FASTKD5",1
"FAXDC2",1
"FBL",1
"FBLN5",1
"FBXL17",1
"FBXL19",1
"FBXL3",1
"FBXO28",1
"FBXO4",1
"FBXO41",1
"FBXO42",1
"FBXW2",1
"FCGR2B",1
"FCGR3A",1
"FEM1B",1
"FER",1
"FGFR1",1
"FGFR1OP2",1
"FHDC1",1
"FKBP14",1
"FKTN",1
"FLAD1",1
"FLII",1
"FLOT1",1
"FLVCR2",1
"FNDC5",1
"FOS",1
"FOSB",1
"FOXO1",1
"FREM2",1
"FRG1BP",1
"FRRS1L",1
"FRS2",1
"FRZB",1
"FSD1L",1
"FUNDC2",1
"FUT9",1
"FXR1",1
"FYB",1
"FZD5",1
"G2E3",1
"G3BP2",1
"G6PD",1
"GABRB3",1
"GABRQ",1
"GAD1",1
"GAK",1
"GAL3ST4",1
"GALM",1
"GALNT13",1
"GALNTL6",1
"GART",1
"GAS8",1
"GATAD1",1
"GBA2",1
"GBE1",1
"GCC1",1
"GDI1",1
"GDI2",1
"GEN1",1
"GFM2",1
"GIMAP5",1
"GIPC1",1
"GLO1",1
"GLRA3",1
"GLRX3",1
"GLS",1
"GNAI3",1
"GNG2",1
"GNG4",1
"GNG5",1
"GNL3",1
"GOLIM4",1
"GOLM1",1
"GOLPH3",1
"GORAB",1
"GOSR2",1
"GPAA1",1
"GPALPP1",1
"GPATCH11",1
"GPATCH2",1
"GPATCH2L",1
"GPI",1
"GPNMB",1
"GPR108",1
"GPR146",1
"GPR160",1
"GPR162",1
"GPR3",1
"GPR75",1
"GPRASP1",1
"GPSM1",1
"GRAMD1A",1
"GRIA4",1
"GRIK2",1
"GRIK5",1
"GRIN1",1
"GRINA",1
"GRK2",1
"GRK5",1
"GRM3",1
"GRM7",1
"GS1-358P8.4",1
"GTF2A1",1
"GTF2F1",1
"GTF2IRD1",1
"GUCY1A3",1
"GUCY1B3",1
"HACD4",1
"HAGH",1
"HAP1",1
"HARBI1",1
"HAT1",1
"HAUS6",1
"HBEGF",1
"HCFC2",1
"HCP5",1
"HDAC1",1
"HDAC6",1
"HDAC7",1
"HDX",1
"HEATR6",1
"HERC1",1
"HERC4",1
"HES2",1
"HEXA-AS1",1
"HEXIM1",1
"HGH1",1
"HGSNAT",1
"HIBCH",1
"HID1",1
"HIF1A",1
"HINT3",1
"HIPK3",1
"HIVEP2",1
"HLA-DMB",1
"HMGA2",1
"HMGB1",1
"HMGCLL1",1
"HMGN2",1
"HMOX1",1
"HNMT",1
"HNRNPA1L2",1
"HNRNPA3P12",1
"HNRNPAB",1
"HNRNPH3",1
"HNRNPM",1
"HNRNPU",1
"HSD17B4",1
"HSDL2",1
"HSF4",1
"HSPA12A",1
"HSPA14",1
"HSPA1L",1
"IARS",1
"IBTK",1
"ICAM1",1
"IDH2",1
"IER3",1
"IFIH1",1
"IFNAR2",1
"IFT140",1
"IGFBP3",1
"IL10RA",1
"IL1R1",1
"IL1RAPL1",1
"IL6R",1
"IL6ST",1
"IMPA1",1
"IMPDH1",1
"INA",1
"INAFM2",1
"INO80",1
"INSIG2",1
"INTS2",1
"IPO11",1
"IPO5",1
"IPO7",1
"IPO9",1
"IQCE",1
"IRF1",1
"IRGQ",1
"IRS2",1
"ISCA2",1
"ISLR",1
"ITFG1",1
"ITGA4",1
"ITGB2",1
"ITGB4",1
"JAM2",1
"JKAMP",1
"KANSL1L",1
"KAT5",1
"KATNA1",1
"KATNB1",1
"KB-1460A1.5",1
"KB-1572G7.3",1
"KCMF1",1
"KCNAB1",1
"KCNH5",1
"KCNH7",1
"KCNJ4",1
"KCNMA1",1
"KCNQ2",1
"KCTD16",1
"KCTD17",1
"KDELC1",1
"KDM3B",1
"KDM4A-AS1",1
"KDM7A",1
"KDM8",1
"KDSR",1
"KEAP1",1
"KIAA0825",1
"KIAA0895",1
"KIAA1109",1
"KIAA1468",1
"KIAA1522",1
"KIAA2022",1
"KIAA2026",1
"KIF21A",1
"KIF27",1
"KIF3B",1
"KIF5C",1
"KIT",1
"KLC2",1
"KLHL14",1
"KLHL17",1
"KLHL24",1
"KLHL28",1
"KLHL29",1
"KLK11",1
"KLRA1P",1
"KLRG1",1
"KMT2B",1
"KMT5C",1
"KNTC1",1
"KPNA4",1
"KPNA5",1
"KRBA2",1
"KRCC1",1
"KTN1",1
"KYAT1",1
"KYAT3",1
"LA16c-306E5.2",1
"LACC1",1
"LAMTOR3",1
"LANCL3",1
"LARGE2",1
"LATS1",1
"LDB1",1
"LDHA",1
"LDLRAD3",1
"LENG1",1
"LEO1",1
"LGALS3",1
"LHFPL3-AS1",1
"LIAS",1
"LIMK1",1
"LIMK2",1
"LIN7A",1
"LINC00467",1
"LINC00511",1
"LINC00641",1
"LINC00689",1
"LINC00997",1
"LINC01278",1
"LINC01285",1
"LINC01314",1
"LINC01578",1
"LINC01587",1
"LIPA",1
"LIPG",1
"LLGL2",1
"LLNLR-268E12.1",1
"LMAN2",1
"LPAR1",1
"LPGAT1",1
"LPXN",1
"LRCH2",1
"LRFN5",1
"LRIF1",1
"LRIG2",1
"LRP1",1
"LRP3",1
"LRP6",1
"LRP8",1
"LRRC40",1
"LRRC49",1
"LRRC8A",1
"LRRFIP2",1
"LRRTM2",1
"LSG1",1
"LSM5",1
"LSP1",1
"LTN1",1
"LUC7L2",1
"LUCAT1",1
"LYSMD3",1
"MAATS1",1
"MACF1",1
"MAD1L1",1
"MALT1",1
"MAN1A2",1
"MANEAL",1
"MAOA",1
"MAP2K1",1
"MAP2K7",1
"MAP3K10",1
"MAP4K3",1
"MAP7D2",1
"MAPK6",1
"MAPK8",1
"MAPK8IP1",1
"MAPK8IP2",1
"MAPKAPK5",1
"MARCH7",1
"MAZ",1
"MBOAT2",1
"MCC",1
"MCCC2",1
"MCF2",1
"MCRIP2",1
"MCTP1",1
"MCTP2",1
"MDFIC",1
"ME2",1
"MED15",1
"MED18",1
"MED20",1
"MED29",1
"MEF2A",1
"MEN1",1
"MERTK",1
"METTL7B",1
"METTL9",1
"MEX3C",1
"MFAP1",1
"MFN2",1
"MFSD14A",1
"MFSD14C",1
"MGA",1
"MGEA5",1
"MIER3",1
"MIOS",1
"MIPEP",1
"MIR568",1
"MKKS",1
"MLEC",1
"MLF1",1
"MLLT3",1
"MLST8",1
"MLX",1
"MMACHC",1
"MMGT1",1
"MMP14",1
"MMP19",1
"MMP28",1
"MOB3B",1
"MOB4",1
"MON2",1
"MORF4L1",1
"MOSPD2",1
"MPP1",1
"MPP2",1
"MPP6",1
"MRPL17",1
"MRPL3",1
"MRPL41",1
"MRPL44",1
"MRPL46",1
"MRPL47",1
"MRPS35",1
"MRS2",1
"MS4A6A",1
"MSH2",1
"MTERF2",1
"MTHFD1",1
"MTHFD1L",1
"MTIF2",1
"MTSS1",1
"MUTYH",1
"MVD",1
"MXD1",1
"MYEF2",1
"MYH9",1
"MYL6",1
"MYNN",1
"MYO18A",1
"MYO1E",1
"MYO7A",1
"MYRIP",1
"N4BP2L2",1
"N6AMT1",1
"NAA10",1
"NAA16",1
"NAA50",1
"NADK",1
"NADK2",1
"NADSYN1",1
"NALCN",1
"NAMPT",1
"NAP1L1",1
"NAP1L3",1
"NAPA",1
"NARF",1
"NARS",1
"NASP",1
"NAT14",1
"NBEA",1
"NCAPD3",1
"NCBP2",1
"NCDN",1
"NCOA5",1
"NDFIP1",1
"NDST3",1
"NDUFA11",1
"NDUFA9",1
"NDUFS1",1
"NECAB3",1
"NECAP1",1
"NECAP2",1
"NEFL",1
"NELFA",1
"NELFE",1
"NEMF",1
"NES",1
"NEURL1",1
"NFE2L2",1
"NFIL3",1
"NGLY1",1
"NHLH2",1
"NIN",1
"NINJ1",1
"NIPAL2",1
"NIPSNAP3B",1
"NKAPL",1
"NLGN1",1
"NLGN2",1
"NLGN3",1
"NLRC3",1
"NMT1",1
"NNMT",1
"NOC3L",1
"NOL6",1
"NOL9",1
"NONO",1
"NOTCH2NL",1
"NPAT",1
"NPDC1",1
"NPM2",1
"NR1D1",1
"NR1D2",1
"NR1H2",1
"NR3C1",1
"NRAS",1
"NRL",1
"NRP2",1
"NRXN3",1
"NSG1",1
"NSMCE3",1
"NT5C",1
"NUBP2",1
"NUCB1",1
"NUCKS1",1
"NUDCD1",1
"NUDT14",1
"NUDT19",1
"NUDT21",1
"NUFIP2",1
"NUP107",1
"NUP160",1
"NUP54",1
"NUS1",1
"NXN",1
"ODF2L",1
"OGG1",1
"OLA1",1
"OLFM2",1
"OPA1",1
"OPCML",1
"OPHN1",1
"OR2L2",1
"OSBP2",1
"OSBPL10",1
"OSBPL6",1
"OSTC",1
"OTUD4",1
"OVOS2",1
"OXSR1",1
"P2RY1",1
"P3H2",1
"P3H3",1
"P4HA1",1
"P4HA2",1
"P4HTM",1
"PA2G4P4",1
"PABPC1L",1
"PACSIN1",1
"PACSIN3",1
"PAFAH1B1",1
"PAIP1",1
"PAIP2B",1
"PAK3",1
"PALM",1
"PAN2",1
"PAN3",1
"PANK2",1
"PANK3",1
"PAPD4",1
"PAPOLA",1
"PAPSS2",1
"PARD3B",1
"PARL",1
"PARP8",1
"PATL1",1
"PAXBP1-AS1",1
"PCBP3",1
"PCBP4",1
"PCDH15",1
"PCDHB15",1
"PCDHGC4",1
"PCMTD1",1
"PCYOX1L",1
"PCYT1B",1
"PDAP1",1
"PDCD10",1
"PDCL",1
"PDCL3",1
"PDE3A",1
"PDE4B",1
"PDE5A",1
"PDE6C",1
"PDZD11",1
"PDZD4",1
"PEX13",1
"PFAS",1
"PFKFB3",1
"PGRMC2",1
"PHACTR2",1
"PHB2",1
"PHF20L1",1
"PHF24",1
"PHF6",1
"PHPT1",1
"PIGV",1
"PIGW",1
"PIGX",1
"PIH1D2",1
"PIK3AP1",1
"PIK3CA",1
"PIM1",1
"PINK1",1
"PIP4K2A",1
"PIP5K1C",1
"PITPNB",1
"PKN1",1
"PKN2",1
"PLAG1",1
"PLCG2",1
"PLCXD2",1
"PLEC",1
"PLEKHA4",1
"PLEKHA5",1
"PLEKHS1",1
"PLIN2",1
"PLP2",1
"PLPP3",1
"PLPPR5",1
"PLSCR1",1
"PLXNB2",1
"PMM1",1
"PMP2",1
"PMP22",1
"PNKD",1
"PNMA3",1
"PNMAL2",1
"PNRC1",1
"PNRC2",1
"POC1B",1
"PODN",1
"PODXL2",1
"POGK",1
"POLDIP2",1
"POLE2",1
"POLL",1
"POLR2A",1
"POLR2B",1
"POLR2D",1
"POLR2J",1
"POMP",1
"POP4",1
"PORCN",1
"POT1-AS1",1
"POU2AF1",1
"PPA2",1
"PPCS",1
"PPEF1",1
"PPFIA4",1
"PPIL4",1
"PPIP5K2",1
"PPM1L",1
"PPP1CB",1
"PPP1R12A",1
"PPP1R15A",1
"PPP1R3B",1
"PPP1R3C",1
"PPP1R3E",1
"PPP2CA",1
"PPP2R1A",1
"PPP2R2A",1
"PPP5C",1
"PPP6R2",1
"PPT1",1
"PRDM5",1
"PRDX2",1
"PRKAA1",1
"PRKAB1",1
"PRKAG1",1
"PRKAR2A-AS1",1
"PRKCI",1
"PRKG1",1
"PRMT1",1
"PRMT5",1
"PRPF4",1
"PRPH2",1
"PRR12",1
"PSD",1
"PSD3",1
"PSMC3",1
"PSMC6",1
"PSMD1",1
"PSMD10",1
"PSMD5",1
"PSMD6",1
"PSPC1",1
"PTAR1",1
"PTCD2",1
"PTGDS",1
"PTGER3",1
"PTK7",1
"PTOV1",1
"PTP4A2",1
"PTPRG",1
"PTPRO",1
"PTPRS",1
"PTPRU",1
"PTTG1",1
"PTTG1IP",1
"PTX3",1
"PUF60",1
"PUS7L",1
"PWP1",1
"PXK",1
"PXMP2",1
"PYGB",1
"PYGO1",1
"PYURF",1
"QARS",1
"QKI",1
"QSER1",1
"RAB10",1
"RAB11A",1
"RAB11FIP2",1
"RAB1A",1
"RAB29",1
"RAB30",1
"RAB31",1
"RAB40C",1
"RAB5C",1
"RABGGTB",1
"RACK1",1
"RAD51C",1
"RAI14",1
"RALGAPA1",1
"RALGAPB",1
"RANBP10",1
"RANBP17",1
"RAP1B",1
"RAP2B",1
"RAP2C",1
"RAPH1",1
"RARS",1
"RASA1",1
"RASGEF1B",1
"RB1CC1",1
"RBFOX1",1
"RBFOX2",1
"RBM11",1
"RBM12B",1
"RBM25",1
"RBM26",1
"RBM27",1
"RBM3",1
"RBM48",1
"RBSN",1
"RCHY1",1
"RCOR3",1
"REC8",1
"RFC4",1
"RFX1",1
"RGS1",1
"RGS11",1
"RGS7BP",1
"RHBDD2",1
"RHBDD3",1
"RHOT2",1
"RIMS4",1
"RIPK2",1
"RLF",1
"RNASEH2C",1
"RNF113A",1
"RNF14",1
"RNF141",1
"RNF144B",1
"RNF165",1
"RNF215",1
"RNF217",1
"RNF24",1
"RNF40",1
"RNU1-4",1
"RNU2-2P",1
"ROCK2",1
"RP1",1
"RP1-101K10.6",1
"RP1-111C20.4",1
"RP11-102L12.2",1
"RP11-104H15.10",1
"RP11-1069G10.1",1
"RP11-111K18.2",1
"RP11-158H5.8",1
"RP11-159D12.2",1
"RP11-182J1.3",1
"RP11-196G11.4",1
"RP11-230C9.2",1
"RP11-244H3.1",1
"RP11-255C15.3",1
"RP11-262H14.4",1
"RP11-267M23.1",1
"RP11-290D2.6",1
"RP11-293M10.6",1
"RP11-2C24.9",1
"RP11-32B5.1",1
"RP11-343C2.11",1
"RP11-353N14.2",1
"RP11-382A20.3",1
"RP11-383I23.2",1
"RP11-395G23.3",1
"RP11-3P22.2",1
"RP11-441O15.3",1
"RP11-458J1.1",1
"RP11-472I20.4",1
"RP11-482H16.1",1
"RP11-494M8.4",1
"RP11-531A24.3",1
"RP11-539I5.1",1
"RP11-53B2.6",1
"RP11-544O24.2",1
"RP11-549J18.1",1
"RP11-588K22.2",1
"RP11-666A8.12",1
"RP11-690D19.3",1
"RP11-6E9.5",1
"RP11-6N17.4",1
"RP11-731J8.2",1
"RP11-7F17.8",1
"RP11-810P12.5",1
"RP11-872J21.5",1
"RP11-88H9.2",1
"RP11-97C16.1",1
"RP13-514E23.1",1
"RP3-368A4.6",1
"RP3-406A7.7",1
"RP3-461P17.10",1
"RP4-635A23.6",1
"RP4-683L5.1",1
"RP4-706A16.3",1
"RP5-1125A11.7",1
"RP5-965G21.3",1
"RPAP3",1
"RPF1",1
"RPL21",1
"RPL23",1
"RPL34",1
"RPL35",1
"RPL35A",1
"RPL36A",1
"RPL39",1
"RPL41",1
"RPLP0",1
"RPRD1A",1
"RPS16",1
"RPS20",1
"RPS28",1
"RPS3",1
"RPS3A",1
"RPS6KA3",1
"RPS6KA6",1
"RPS8",1
"RRAGA",1
"RRM1",1
"RRP15",1
"RRP36",1
"RRP8",1
"RSPH4A",1
"RSRC1",1
"RTCB",1
"RUNX1",1
"RUSC2",1
"RWDD1",1
"SALL2",1
"SAMD15",1
"SAMD5",1
"SAMSN1",1
"SARS",1
"SASH1",1
"SATB2",1
"SAV1",1
"SBF2",1
"SBNO1",1
"SC5D",1
"SCG5",1
"SCN2B",1
"SCN3B",1
"SCN8A",1
"SCNN1D",1
"SCO1",1
"SCOC",1
"SCRG1",1
"SCRT2",1
"SCYL1",1
"SDF4",1
"SEC16A",1
"SEC23IP",1
"SEC24A",1
"SEC24B",1
"SEC62",1
"SEL1L",1
"SELENBP1",1
"SEMA4B",1
"SEMA5A",1
"SEMA5B",1
"SENP6",1
"SENP7",1
"SEP15",1
"SEPP1",1
"SERINC1",1
"SERPINA3.1",1
"SERPINA5",1
"SERPINH1",1
"SESN2",1
"SETD6",1
"SETX",1
"SEZ6L2",1
"SF3A2",1
"SF3B1",1
"SGTA",1
"SH3BGRL",1
"SH3D19",1
"SH3GL2",1
"SHROOM1",1
"SIRT1",1
"SKP1",1
"SLAIN2",1
"SLC12A4",1
"SLC16A3",1
"SLC1A1",1
"SLC1A3",1
"SLC1A5",1
"SLC1A7",1
"SLC24A1",1
"SLC25A13",1
"SLC25A36",1
"SLC25A38",1
"SLC25A40",1
"SLC27A1",1
"SLC2A1",1
"SLC2A10",1
"SLC2A3",1
"SLC2A5",1
"SLC30A9",1
"SLC35B2",1
"SLC35B4",1
"SLC35F1",1
"SLC35F6",1
"SLC38A1",1
"SLC41A1",1
"SLC4A10",1
"SLC4A2",1
"SLC4A3",1
"SLC4A7",1
"SLC6A1",1
"SLC8B1",1
"SLC9A1",1
"SLC9A8",1
"SLITRK4",1
"SMARCA4",1
"SMARCA5",1
"SMARCAD1",1
"SMG5",1
"SMG6",1
"SMIM15",1
"SMIM4",1
"SMNDC1",1
"SMOC2",1
"SMPD1",1
"SMYD2",1
"SMYD5",1
"SNAPC1",1
"SNHG14",1
"SNHG15",1
"SNHG20",1
"SNRNP27",1
"SNU13",1
"SNW1",1
"SNX10",1
"SNX14",1
"SNX2",1
"SNX4",1
"SORBS1",1
"SORT1",1
"SOX12",1
"SOX2",1
"SOX6",1
"SOX9-AS1",1
"SP100",1
"SP140",1
"SPAG16",1
"SPAG4",1
"SPATA20",1
"SPG20",1
"SPG21",1
"SPIDR",1
"SPIRE1",1
"SPNS1",1
"SPOCK2",1
"SPPL2B",1
"SPSB3",1
"SPTBN1",1
"SQSTM1",1
"SRPRB",1
"SRSF3",1
"SSR4",1
"ST18",1
"ST5",1
"ST6GALNAC4",1
"ST6GALNAC5",1
"ST7L",1
"STAM2",1
"STARD3",1
"STARD3NL",1
"STAU2",1
"STC1",1
"STK25",1
"STK32A",1
"STK38L",1
"STK4",1
"STMN2",1
"STOML2",1
"STRBP",1
"STRIP1",1
"STRN",1
"SUCLA2",1
"SULF1",1
"SULT1C4",1
"SUPT3H",1
"SUPT5H",1
"SUV39H2",1
"SYNGR1",1
"SYT13",1
"SYT2",1
"SYT4",1
"SYT7",1
"TAB1",1
"TAB2",1
"TAC1",1
"TACO1",1
"TAF2",1
"TARDBP",1
"TATDN1",1
"TBC1D10B",1
"TBC1D12",1
"TBC1D23",1
"TBC1D2B",1
"TBC1D4",1
"TBC1D9B",1
"TBKBP1",1
"TBX2-AS1",1
"TCAF2",1
"TCEA1",1
"TCEB3",1
"TCP11L1",1
"TCTN3",1
"TELO2",1
"TENM1",1
"TFAM",1
"TFAP2A",1
"TFIP11",1
"TFPI2",1
"TGFBI",1
"TGIF1",1
"TGS1",1
"THAP10",1
"THAP4",1
"THOC1",1
"THOC2",1
"THOC7",1
"THOP1",1
"THRA",1
"THSD4",1
"THSD7A",1
"THUMPD3",1
"TIGD4",1
"TIPRL",1
"TKFC",1
"TLCD2",1
"TLK1",1
"TM2D1",1
"TM4SF19-AS1",1
"TM9SF2",1
"TMED10",1
"TMED5",1
"TMEM101",1
"TMEM11",1
"TMEM145",1
"TMEM147",1
"TMEM14B",1
"TMEM168",1
"TMEM175",1
"TMEM176B",1
"TMEM183A",1
"TMEM184B",1
"TMEM184C",1
"TMEM200C",1
"TMEM201",1
"TMEM205",1
"TMEM234",1
"TMEM59L",1
"TMEM86A",1
"TMEM88",1
"TMEM8A",1
"TMF1",1
"TMPO-AS1",1
"TMX2",1
"TNFRSF10D",1
"TNIP1",1
"TNK2",1
"TNPO1",1
"TNS3",1
"TOM1L2",1
"TOPBP1",1
"TOR1B",1
"TPI1",1
"TPP1",1
"TPR",1
"TRAM2-AS1",1
"TRANK1",1
"TRHDE-AS1",1
"TRIL",1
"TRIM22",1
"TRIM28",1
"TRIM37",1
"TRIM56",1
"TRIM69",1
"TRIM9",1
"TRIO",1
"TRIQK",1
"TRMT112",1
"TRMT2A",1
"TRPM3",1
"TRPM7",1
"TSEN2",1
"TSHZ2",1
"TSNAX",1
"TSPAN19",1
"TSSC1",1
"TTC19",1
"TTC33",1
"TTC5",1
"TTC7A",1
"TTI1",1
"TTLL6",1
"TTYH3",1
"TUBB6",1
"TUBE1",1
"TUBGCP5",1
"TUBGCP6",1
"TUNAR",1
"TVP23B",1
"TWF1",1
"TXLNA",1
"TXNDC9",1
"TYROBP",1
"UBA2",1
"UBA3",1
"UBE2B",1
"UBE2D1",1
"UBE2K",1
"UBE2L6",1
"UBE2Q2P1",1
"UBE4A",1
"UBR1",1
"UBR5",1
"UBXN4",1
"UBXN6",1
"UEVLD",1
"UNC50",1
"UNC93B1",1
"UQCRFS1",1
"USF2",1
"USP1",1
"USP12",1
"USP14",1
"USP33",1
"USP47",1
"UTP20",1
"VAMP3",1
"VBP1",1
"VCP",1
"VCPIP1",1
"VDAC1",1
"VDAC3P1",1
"VEGFB",1
"VEGFC",1
"VEZT",1
"VGLL4",1
"VPS26A",1
"VPS28",1
"VPS33A",1
"VPS50",1
"VPS51",1
"VSTM5",1
"VWA8",1
"VWA9",1
"VWC2",1
"WDR12",1
"WDR17",1
"WDR24",1
"WDR26",1
"WDR31",1
"WDR41",1
"WDR47",1
"WDR59",1
"WDTC1",1
"WFS1",1
"WHRN",1
"WHSC1",1
"WHSC1L1",1
"WIPI1",1
"WWC2-AS1",1
"WWP1",1
"XPNPEP1",1
"XRCC1",1
"XRCC3",1
"XXbac-BPGBPG55C20.2",1
"XYLT2",1
"YARS2",1
"YEATS2",1
"YOD1",1
"YPEL3",1
"YWHAG",1
"YWHAZ",1
"ZBTB1",1
"ZBTB11",1
"ZBTB25",1
"ZBTB26",1
"ZBTB33",1
"ZBTB47",1
"ZC3H13",1
"ZCCHC2",1
"ZDHHC20",1
"ZDHHC21",1
"ZFC3H1",1
"ZFHX4",1
"ZFP2",1
"ZFP92",1
"ZFYVE16",1
"ZFYVE27",1
"ZKSCAN2",1
"ZKSCAN8",1
"ZMAT1",1
"ZMAT5",1
"ZMIZ1",1
"ZMPSTE24",1
"ZMYM1",1
"ZMYM4",1
"ZMYM6",1
"ZNF112",1
"ZNF146",1
"ZNF184",1
"ZNF202",1
"ZNF223",1
"ZNF227",1
"ZNF234",1
"ZNF268",1
"ZNF282",1
"ZNF286A",1
"ZNF316",1
"ZNF317",1
"ZNF37A",1
"ZNF395",1
"ZNF397",1
"ZNF414",1
"ZNF420",1
"ZNF429",1
"ZNF439",1
"ZNF45",1
"ZNF451",1
"ZNF493",1
"ZNF502",1
"ZNF507",1
"ZNF521",1
"ZNF528",1
"ZNF547",1
"ZNF561",1
"ZNF569",1
"ZNF574",1
"ZNF583",1
"ZNF596",1
"ZNF599",1
"ZNF606",1
"ZNF622",1
"ZNF655",1
"ZNF672",1
"ZNF720",1
"ZNF721",1
"ZNF75A",1
"ZNF777",1
"ZNF800",1
"ZNF808",1
"ZNF830",1
"ZNF841",1
"ZNF850",1
"ZNHIT6",1
"ZPR1",1
"ZRANB1",1
"ZSCAN25",1
"ZSWIM5",1
"ZXDC",1
"ZZZ3",1
