sample_id,mgs_level,z0,z1,z2,z3
2,MGS1,0.017903915,0.010987788,-0.003513299,0.011623036
4,MGS1,0.008348366,0.00416989,0.015557941,0.010493249
6,MGS1,0.008620722,-0.005687646,0.014443891,-0.014729336
9,MGS1,0.016230268,0.02608952,-0.000950554,-0.007214079
17,MGS1,-0.002742967,-0.000377703,-0.014692456,0.003998503
18,MGS1,-0.007026026,-0.002793419,0.006121252,0.004420645
32,MGS1,-0.014948739,-0.024167426,-0.020765716,0.015843764
35,MGS1,-0.000148486,-0.004151014,0.000577424,-0.011807583
41,MGS1,-0.02167513,0.023855291,0.010010276,-0.012486476
42,MGS1,0.008709939,0.003759154,-0.003247898,0.011565708
43,MGS1,0.015473412,-0.008742712,0.005117212,-0.017379895
81,MGS1,-0.017129315,-0.037875704,0.00685769,-0.00568631
89,MGS1,-0.036671758,-0.06897631,-0.018308535,0.00462158
99,MGS1,-0.012137039,-0.008605323,-0.007799696,0.002598029
109,MGS1,-0.002821021,0.025274333,0.001339565,0.002311529
115,MGS1,-0.009727007,-0.006355694,-0.018743595,0.000976141
117,MGS1,-0.004619611,-0.011258836,0.013934929,0.014345437
119,MGS1,0.012392351,0.0243234,-0.000627023,0.003528915
120,MGS1,0.001458364,0.004076722,0.004045796,-0.007468086
126,MGS1,-0.008026386,-0.019110318,-0.000637907,0.005058758
137,MGS1,-0.014887152,-0.008624106,0.016227081,-0.003462427
139,MGS1,0.011281526,-0.027945608,0.002406586,7.23E-05
142,MGS1,0.013508784,0.002603733,-0.004375789,-0.018757269
145,MGS1,0.002114648,-0.009273986,-0.005602713,-0.011019088
149,MGS1,-0.03238286,-0.035734385,-0.004315339,-0.00179752
153,MGS1,-0.001745572,-0.020782508,0.006351244,0.011835024
162,MGS1,-0.00312219,0.000147336,-0.003515757,-0.010801729
163,MGS1,-0.003875686,0.007781803,0.004636087,-0.004564908
172,MGS1,0.012988536,0.016304933,0.004494086,-0.006713367
173,MGS1,0.001499666,-0.001820943,-0.006818633,0.006025071
177,MGS1,0.001859864,-0.00936365,0.020296672,0.005215195
189,MGS1,-0.012362158,-0.010736941,0.008905556,0.000402838
217,MGS1,-0.011047578,-0.001183166,0.004774419,-0.014294848
218,MGS1,0.047729164,0.028419465,-0.031542424,-0.041900933
229,MGS1,-0.005999517,-0.017834745,-0.004880648,-0.01031537
237,MGS1,0.006708155,0.012270526,-0.007297441,-0.014775474
243,MGS1,-0.00227022,-0.006355438,-0.017596811,-0.00993181
246,MGS1,-0.028557548,-0.040027015,-0.023469266,0.01258789
251,MGS1,-0.008325508,-0.008910751,-0.011544894,-0.007158652
254,MGS1,-0.010636797,0.006548,0.014349068,-0.00446095
264,MGS1,-0.006138483,0.010640957,0.007246551,-0.002172482
265,MGS1,-0.006594177,0.022694714,0.014408518,-0.006758996
266,MGS1,-0.012587288,-0.02549864,-0.005434524,-0.00456008
286,MGS1,0.008748749,0.003735718,-0.004707735,0.004624515
288,MGS1,-0.012543349,-0.014258563,0.006171395,0.006942158
291,MGS1,-0.001542788,-0.018978193,0.001335606,-0.000699252
292,MGS1,-0.010277631,-0.024492778,-0.024003927,0.021515058
293,MGS1,0.031479076,0.023182124,0.007457268,0.005137473
295,MGS1,0.004695913,0.008983848,7.83E-05,-0.007504928
307,MGS1,0.004952354,0.001597934,-0.002136878,-0.007922024
308,MGS1,0.016455205,0.014345613,-0.02128572,0.008437736
311,MGS1,-0.009365762,-0.029464923,-0.004176368,-0.005674616
313,MGS1,-0.005451439,-0.00204084,0.008082686,-0.009223716
314,MGS1,0.00694157,-0.005050964,0.03718696,0.003684684
315,MGS1,-0.012247397,0.001552188,0.008669328,0.000975791
316,MGS1,0.01903283,-0.01731383,0.002931435,-0.003674549
317,MGS1,0.004320674,0.00348723,0.005013742,-0.008623429
318,MGS1,-0.010992045,-0.028175272,0.005527329,0.009949636
319,MGS1,0.003565097,-0.009087638,-0.016141206,0.004210908
320,MGS1,-0.003580041,0.004923296,0.007827397,0.011479098
321,MGS1,0.012700597,0.023284104,-0.005457799,-0.00569553
322,MGS1,0.011753656,-0.035354186,-0.010976153,-0.001775317
324,MGS1,0.02071873,-0.01330709,0.026516404,-0.012036018
335,MGS1,-0.00577963,0.005991289,0.00179267,-0.003480867
347,MGS1,0.017461022,-0.002518854,0.02237831,-0.013848595
348,MGS1,-0.000320224,0.007182994,-0.004132457,0.00680365
349,MGS1,-0.000755945,0.005196058,0.019062568,0.006347037
350,MGS1,0.004027361,-0.001065887,0.000970463,-0.002008259
351,MGS1,-0.003900705,0.011262813,0.004308161,0.009459972
352,MGS1,-0.00696226,-0.01178304,-0.010627266,0.005835005
353,MGS1,0.024683202,0.021305379,0.015717093,-0.001486563
354,MGS1,0.009110367,0.007823133,0.02911283,-0.009701364
355,MGS1,-0.002698524,0.01889991,-0.001878921,-0.009145521
356,MGS1,0.00803363,0.003421345,0.013083126,-0.001163617
375,MGS1,0.014196845,0.028159596,0.021622293,-0.007435155
376,MGS1,0.008208664,0.023170177,0.010178905,-0.004803651
377,MGS1,0.014111323,-0.005061558,-0.002771344,0.012132652
379,MGS1,0.004691634,-0.0195105,0.007472034,-0.004310921
384,MGS1,0.004347438,0.003436829,-0.010839414,0.022265874
386,MGS1,-0.001651473,-0.017252132,-0.005670819,-0.005538136
389,MGS1,0.001090409,0.015655387,-0.000450246,-0.000826263
394,MGS1,0.011767024,0.02212615,0.021428354,-0.004792899
396,MGS1,0.015908422,0.013854641,-0.014263837,-0.008409798
404,MGS1,-0.012119364,-0.01113367,0.003833425,-0.010085918
405,MGS1,-0.006857751,-0.004715583,-0.006400603,-0.006380231
406,MGS1,-0.01648101,0.001360701,0.007514265,0.002637177
413,MGS1,-0.007700864,-0.005519579,0.00530417,-0.020260349
414,MGS1,-0.009136198,0.008197271,0.030223863,-0.013864864
415,MGS1,0.002963537,0.017289829,0.013221536,-0.012414917
425,MGS1,-0.000982177,-0.013182647,0.003067103,-0.006377869
447,MGS1,0.010025924,0.009504945,-0.005718458,-0.010662902
452,MGS1,0.009017604,0.014708892,0.017326374,-0.003161915
466,MGS1,-0.009675337,-0.009167424,-0.002407394,-0.009508912
468,MGS1,-0.001426207,-0.0198792,0.004278873,-0.008174136
480,MGS1,0.01976964,0.001460082,0.010492338,-0.012306815
490,MGS1,0.001621233,-0.016551603,0.001391829,0.00164929
491,MGS1,0.00607702,-0.010224602,-0.001016039,-0.000545167
495,MGS1,-0.020559615,-0.008692867,-0.022211468,-0.009197075
499,MGS1,-0.00640313,-0.01251844,0.009599675,-0.002012656
501,MGS1,-0.026656797,-0.013714231,0.020803954,0.005465298
503,MGS1,-0.009774575,-0.027560912,0.02679249,0.003286067
506,MGS1,-0.008906534,1.54E-05,0.013552992,0.001834094
517,MGS1,0.000700044,-0.029802307,-0.017678345,0.004057295
518,MGS1,0.008054705,0.001507571,0.003036961,-0.005524569
526,MGS1,0.011227729,0.001777091,-0.003663655,0.00787141
11,MGS4,-0.008879846,0.006798455,0.015266057,-0.002239388
33,MGS4,-0.014945371,0.001990729,0.000603136,0.016393006
46,MGS4,-0.014187058,-0.000195405,-0.003599029,0.009398513
47,MGS4,-0.020410702,-0.004504344,0.014008593,0.000580988
60,MGS4,0.005163802,0.00687521,-0.008049067,0.004019402
73,MGS4,-0.009963995,0.02177333,0.010769349,-0.001054109
94,MGS4,-0.006552903,0.002744415,0.012089293,-0.01777096
95,MGS4,-0.009672264,0.00412003,-0.004731111,0.018406779
106,MGS4,0.024174782,0.001133108,0.0328437,-0.019558737
107,MGS4,-0.008830873,0.036219157,0.004842956,0.005826473
116,MGS4,-0.018627051,-0.004694809,0.010230068,0.002092827
124,MGS4,0.009750994,0.03550879,-0.008540586,0.003652149
125,MGS4,0.005452378,0.02105245,0.027477544,-0.000995927
133,MGS4,-0.017365037,0.040531706,0.02342223,0.010118291
148,MGS4,0.001991803,0.021190524,-0.00030538,-0.01528224
150,MGS4,-0.009966498,0.041368455,0.014320139,0.018914089
157,MGS4,-0.011369264,0.003302732,-0.000166181,0.001156233
160,MGS4,-0.007428458,0.001889476,0.008739788,0.016547978
178,MGS4,-0.003959088,-0.000873326,-0.0155981,0.010250494
198,MGS4,0.000796234,-0.000167287,0.004567232,-0.001501106
203,MGS4,0.003237907,0.035812914,0.020693446,-0.005377684
209,MGS4,0.000382848,-0.000514663,0.003252181,-0.004551594
223,MGS4,0.002083691,-0.00786421,0.002337354,-0.010692194
224,MGS4,-0.001890518,0.031837724,0.013801208,0.002986669
226,MGS4,0.012571244,0.01928303,0.002826462,-0.01381791
228,MGS4,-0.006612992,0.010017798,-0.005980853,-0.0001456
232,MGS4,-0.02283845,-0.009838863,0.007281405,-0.003158607
234,MGS4,-0.002791075,-0.001864581,-0.002204969,-0.038144622
249,MGS4,-0.007281004,-0.007095707,0.002974272,0.012894999
253,MGS4,0.007221263,0.005841383,0.009464143,-0.004054219
270,MGS4,0.003936974,-0.007372721,0.005889198,-0.00538995
272,MGS4,0.00949022,0.010424676,-0.000334113,0.0059699
280,MGS4,-0.005053235,-0.010410733,-0.009700535,0.011346217
284,MGS4,-0.003522502,0.036876187,0.039648276,-0.016628034
294,MGS4,-0.02903792,0.050737366,0.013289485,0.007896557
300,MGS4,0.007855522,0.013881636,0.006163933,-0.000347404
302,MGS4,0.00546165,0.003861711,-0.007074501,0.006745863
334,MGS4,0.00609169,0.034655273,-0.001132857,-0.01438275
364,MGS4,0.002754672,0.031443242,0.02193394,-0.007185542
383,MGS4,-0.02711018,0.024290923,0.033497058,0.008808181
388,MGS4,0.004331296,0.011535992,-0.001746473,-0.004459929
397,MGS4,-0.008309623,0.009475698,0.008916166,0.000779584
403,MGS4,-0.006275451,0.019581627,0.004649245,0.00273247
411,MGS4,0.000967981,0.044100877,0.014163394,-0.005796776
416,MGS4,0.018991048,0.03603875,0.004625269,-0.016373549
417,MGS4,0.005817713,0.019646995,0.004184153,0.013932753
419,MGS4,-0.003755102,0.03680601,0.00016049,-0.000634805
420,MGS4,0.002005063,0.009789799,0.00186915,-0.001793542
428,MGS4,0.015517654,0.07411895,-0.008125942,0.03512059
437,MGS4,-0.005316479,-0.016046755,0.00422071,0.002887696
451,MGS4,-0.005620552,0.012449757,0.004527843,-0.007413801
459,MGS4,0.008456843,0.008845156,0.00415982,0.005810216
473,MGS4,-0.008997098,0.012935274,0.016839053,-0.006190867
477,MGS4,0.006842921,0.010526114,0.027090779,-0.02653896
484,MGS4,-3.55E-05,0.008638931,-3.15E-05,0.006618127
497,MGS4,0.002832318,0.019545447,0.007506816,-0.012937009
509,MGS4,-0.0019411,-0.017972417,0.003175643,-2.09E-05
515,MGS4,-0.003713457,0.033623464,0.01856232,0.01049301
516,MGS4,-0.020184604,0.046022616,0.016687948,0.012574405
521,MGS4,-0.004953412,0.018919133,0.010516036,-0.001391259
523,MGS4,-0.015079616,0.043625794,0.03613909,0.012172803
