"","ENSG00000160307","ENSG00000162520","ENSG00000204261","ENSG00000182326","ENSG00000111801","ENSG00000206337","ENSG00000242574","ENSG00000188501","ENSG00000125730","ENSG00000095303","ENSG00000196735","ENSG00000079931","ENSG00000198734","ENSG00000243649","ENSG00000112936","ENSG00000231852","ENSG00000204264","ENSG00000153029","ENSG00000113578","ENSG00000198483","ENSG00000166710","ENSG00000107562","ENSG00000159403","ENSG00000133321","ENSG00000234745","ENSG00000204257","ENSG00000163661","ENSG00000151468","ENSG00000204287","ENSG00000231389","ENSG00000149131","ENSG00000240065","ENSG00000129009","ENSG00000197943","ENSG00000056998","ENSG00000174348","ENSG00000026297","ENSG00000157150","ENSG00000101104","ENSG00000130055","ENSG00000222009","ENSG00000101160","ENSG00000171631","ENSG00000160219","ENSG00000164761","ENSG00000166741","ENSG00000165633","ENSG00000140092","ENSG00000145721","ENSG00000186204","ENSG00000006042","ENSG00000188488","ENSG00000250942","ENSG00000163395","ENSG00000005243","ENSG00000204482","ENSG00000168306","ENSG00000010704","ENSG00000181804","ENSG00000180638","ENSG00000164106","ENSG00000249306","ENSG00000107611","ENSG00000134343","ENSG00000205542","ENSG00000244509","ENSG00000139178","ENSG00000163453","ENSG00000150977","ENSG00000132274","ENSG00000146122","ENSG00000100055","ENSG00000166278","ENSG00000069535","ENSG00000110092","ENSG00000128262","ENSG00000262001","ENSG00000131386","ENSG00000148735","ENSG00000204252","ENSG00000006756"
"11",41.9818765036186,2.01223390033388,1.74879903774872,30.6000707500781,7.29042744023861,6.2723666958758,9.22814272197753,1.27840429788924,38.927701358681,4.3918569280497,4.20410898483727,21.5995714105501,7.86816260372024,6.82290646338208,8.20418417974474,0.603724139473946,11.0527784636366,8.68170051468758,112.623312894333,6.54538020331309,159.388129062492,3.54204946495559,13.156343989949,7.29042744023861,97.0625575138342,11.52624506119,2.15726327286501,5.62565170423951,81.2100889267569,44.5483052547133,62.3619995758096,2.55076986042069,5.62565170423951,4.63879392207586,4.01320149650212,1.74879903774872,15.1932978333064,1.27840429788924,4.96458330464014,12.6172792465738,2.34147055581041,36.3406072018728,1.49154567867187,9.56124431057348,1.74879903774872,1.04982608084045,14.2671516592589,2.88391550956979,138.042326340172,4.63879392207586,23.5245761771833,25.8954723958585,0.603724139473946,0.818839381945885,5.22831937250577,1.49154567867187,8.68170051468758,3.84597475099246,5.97001860499963,0.96177920511458,18.5644608399541,0.818839381945885,62.3619995758096,3.05487913614068,205.067621060526,10.3622013541374,9.95668752576715,28.1771530822911,3.24034251841361,19.9472915201322,17.3681584018422,1.14395913709002,2.71447251282818,33.1044097688409,16.1796092335874,0.325385011940608,2.34147055581041,48.503502796243,1.49154567867187,3.54204946495559,12.0553423955166
"33",17.3681584018422,2.47221296032047,3.24034251841361,41.9818765036186,9.56124431057348,7.44883786106068,9.22814272197753,0.914765268063253,69.5499794887768,5.73642760410221,9.95668752576715,28.1771530822911,15.1932978333064,8.85650565944329,16.1796092335874,0.914765268063253,6.2723666958758,7.86816260372024,81.2100889267569,4.3918569280497,138.042326340172,8.20418417974474,23.5245761771833,5.97001860499963,97.0625575138342,8.50689536993188,2.79919401119898,4.10865524066969,55.1740196628425,25.8954723958585,112.623312894333,1.74879903774872,1.74879903774872,3.84597475099246,5.3715975884413,2.28928505140057,12.6172792465738,1.09689260896523,3.63283891731546,6.97746174139931,3.05487913614068,21.5995714105501,1.31970907292651,4.85348847759673,1.49154567867187,1.31970907292651,13.156343989949,1.09689260896523,205.067621060526,2.08474858659945,33.1044097688409,44.5483052547133,0.654286680654326,2.79919401119898,6.54538020331309,1.58974917508145,4.53519419359842,4.85348847759673,6.97746174139931,0.654286680654326,18.5644608399541,1.31970907292651,38.927701358681,2.08474858659945,159.388129062492,11.52624506119,10.3622013541374,19.9472915201322,4.10865524066969,30.6000707500781,14.2671516592589,1.74879903774872,2.47221296032047,36.3406072018728,12.0553423955166,0.325385011940608,5.3715975884413,48.503502796243,0.654286680654326,3.45126001259571,11.0527784636366
"46",25.8954723958585,1.49154567867187,2.55076986042069,41.9818765036186,9.56124431057348,6.54538020331309,8.50689536993188,0.553161598293565,81.2100889267569,6.2723666958758,8.20418417974474,19.9472915201322,8.85650565944329,13.156343989949,16.1796092335874,1.14395913709002,11.0527784636366,7.44883786106068,51.8387612295428,5.62565170423951,138.042326340172,4.53519419359842,30.6000707500781,5.97001860499963,97.0625575138342,12.3363108210452,1.40136803515017,5.22831937250577,69.5499794887768,21.5995714105501,112.623312894333,3.45126001259571,2.88391550956979,1.87318990968108,4.85348847759673,1.00580264297751,14.2671516592589,2.39365606022026,7.13201701941655,6.82290646338208,2.28928505140057,28.1771530822911,0.769927432879845,4.20410898483727,1.67047987976559,2.15726327286501,18.5644608399541,1.67047987976559,159.388129062492,2.01223390033388,36.3406072018728,51.8387612295428,1.00580264297751,3.63283891731546,5.62565170423951,1.67047987976559,7.86816260372024,4.3918569280497,4.85348847759673,1.23709952285198,12.3363108210452,0.553161598293565,38.927701358681,2.88391550956979,205.067621060526,11.52624506119,10.3622013541374,23.5245761771833,3.24034251841361,17.3681584018422,15.1932978333064,1.31970907292651,2.88391550956979,33.1044097688409,9.22814272197753,0.867751331011925,4.01320149650212,44.5483052547133,0.553161598293565,3.84597475099246,9.95668752576715
"47",9.56124431057348,1.74879903774872,1.74879903774872,38.927701358681,10.3622013541374,8.50689536993188,19.9472915201322,1.23709952285198,55.1740196628425,3.45126001259571,18.5644608399541,15.1932978333064,3.14761082727714,9.22814272197753,5.97001860499963,1.58974917508145,11.52624506119,7.13201701941655,69.5499794887768,6.82290646338208,205.067621060526,7.44883786106068,25.8954723958585,17.3681584018422,138.042326340172,23.5245761771833,1.36053855403834,4.3918569280497,81.2100889267569,36.3406072018728,97.0625575138342,4.10865524066969,2.08474858659945,3.84597475099246,4.74239365055331,3.63283891731546,21.5995714105501,2.79919401119898,8.85650565944329,7.86816260372024,2.79919401119898,33.1044097688409,0.914765268063253,4.96458330464014,1.14395913709002,1.04982608084045,12.0553423955166,3.14761082727714,112.623312894333,1.74879903774872,48.503502796243,12.6172792465738,0.914765268063253,0.654286680654326,5.62565170423951,2.34147055581041,8.20418417974474,2.55076986042069,6.54538020331309,2.34147055581041,6.2723666958758,0.654286680654326,44.5483052547133,1.36053855403834,159.388129062492,11.0527784636366,5.62565170423951,14.2671516592589,4.10865524066969,28.1771530822911,13.156343989949,2.08474858659945,1.49154567867187,41.9818765036186,16.1796092335874,0.654286680654326,5.22831937250577,30.6000707500781,0.325385011940608,4.53519419359842,9.95668752576715
"60",12.6172792465738,1.36053855403834,0.553161598293565,41.9818765036186,9.3946935162755,6.40887344959445,8.03617339173249,0.654286680654326,81.2100889267569,10.3622013541374,8.03617339173249,21.5995714105501,11.52624506119,11.0527784636366,15.1932978333064,1.14395913709002,5.51487580437682,8.50689536993188,69.5499794887768,4.01320149650212,205.067621060526,6.40887344959445,28.1771530822911,5.97001860499963,112.623312894333,7.44883786106068,2.55076986042069,4.53519419359842,46.5259040254781,33.1044097688409,97.0625575138342,2.08474858659945,1.8109944737149,3.45126001259571,5.51487580437682,2.79919401119898,17.3681584018422,1.14395913709002,4.3918569280497,6.97746174139931,1.58974917508145,19.9472915201322,2.08474858659945,4.96458330464014,1.58974917508145,4.01320149650212,16.1796092335874,3.14761082727714,159.388129062492,2.28928505140057,23.5245761771833,55.1740196628425,1.58974917508145,1.36053855403834,4.74239365055331,0.867751331011925,4.01320149650212,3.63283891731546,5.51487580437682,2.39365606022026,18.5644608399541,1.14395913709002,38.927701358681,30.6000707500781,138.042326340172,8.85650565944329,12.0553423955166,25.8954723958585,2.79919401119898,14.2671516592589,9.95668752576715,0.867751331011925,1.8109944737149,36.3406072018728,13.156343989949,0.325385011940608,6.97746174139931,46.5259040254781,0.867751331011925,3.14761082727714,9.3946935162755
"73",25.8954723958585,1.23709952285198,2.55076986042069,36.3406072018728,9.22814272197753,9.56124431057348,19.9472915201322,1.31970907292651,55.1740196628425,10.1594444399523,14.2671516592589,33.1044097688409,7.13201701941655,8.85650565944329,7.65850023239046,0.867751331011925,5.97001860499963,6.82290646338208,69.5499794887768,4.29798295644348,205.067621060526,8.20418417974474,18.5644608399541,7.65850023239046,112.623312894333,28.1771530822911,1.58974917508145,3.34580126550466,97.0625575138342,48.503502796243,81.2100889267569,2.15726327286501,2.79919401119898,4.74239365055331,4.29798295644348,1.00580264297751,12.0553423955166,1.74879903774872,6.2723666958758,10.1594444399523,1.94271190500748,16.1796092335874,1.14395913709002,5.73642760410221,2.79919401119898,0.603724139473946,13.156343989949,3.34580126550466,138.042326340172,1.94271190500748,30.6000707500781,23.5245761771833,0.603724139473946,1.00580264297751,3.05487913614068,1.67047987976559,5.09645133857295,4.01320149650212,5.51487580437682,2.39365606022026,12.6172792465738,1.44645685691102,41.9818765036186,6.54538020331309,159.388129062492,8.50689536993188,4.53519419359842,15.1932978333064,3.84597475099246,21.5995714105501,11.52624506119,0.603724139473946,2.28928505140057,38.927701358681,17.3681584018422,0.603724139473946,3.63283891731546,44.5483052547133,1.44645685691102,5.09645133857295,11.0527784636366
"94",13.156343989949,1.31970907292651,2.39365606022026,48.503502796243,6.68414333334758,9.95668752576715,12.0553423955166,0.96177920511458,55.1740196628425,3.14761082727714,18.5644608399541,28.1771530822911,8.20418417974474,14.2671516592589,17.3681584018422,0.818839381945885,6.68414333334758,6.2723666958758,69.5499794887768,3.92958812374729,205.067621060526,11.0527784636366,30.6000707500781,8.85650565944329,97.0625575138342,11.52624506119,1.31970907292651,5.51487580437682,81.2100889267569,33.1044097688409,112.623312894333,2.39365606022026,1.09689260896523,4.20410898483727,5.97001860499963,2.39365606022026,16.1796092335874,1.54064742687666,4.96458330464014,7.13201701941655,1.09689260896523,19.9472915201322,2.39365606022026,3.14761082727714,2.39365606022026,4.3918569280497,10.3622013541374,3.45126001259571,159.388129062492,1.70963945875715,23.5245761771833,38.927701358681,1.70963945875715,1.94271190500748,4.74239365055331,1.31970907292651,4.53519419359842,2.88391550956979,5.73642760410221,1.94271190500748,12.6172792465738,0.553161598293565,41.9818765036186,7.44883786106068,138.042326340172,9.22814272197753,9.56124431057348,25.8954723958585,3.63283891731546,21.5995714105501,8.50689536993188,1.54064742687666,0.553161598293565,44.5483052547133,15.1932978333064,0.553161598293565,5.22831937250577,36.3406072018728,0.818839381945885,3.92958812374729,7.86816260372024
"95",8.68170051468758,2.96939732285523,1.40136803515017,41.9818765036186,13.156343989949,5.51487580437682,18.5644608399541,1.70963945875715,36.3406072018728,4.20410898483727,10.3622013541374,38.927701358681,3.24034251841361,9.22814272197753,12.0553423955166,1.27840429788924,5.97001860499963,11.0527784636366,112.623312894333,4.96458330464014,159.388129062492,4.74239365055331,17.3681584018422,7.86816260372024,97.0625575138342,20.7734314653411,1.70963945875715,4.53519419359842,69.5499794887768,30.6000707500781,81.2100889267569,2.55076986042069,1.70963945875715,4.3918569280497,5.22831937250577,1.27840429788924,16.1796092335874,0.96177920511458,7.44883786106068,9.95668752576715,2.55076986042069,25.8954723958585,0.96177920511458,6.40887344959445,0.96177920511458,2.08474858659945,11.52624506119,3.45126001259571,138.042326340172,1.70963945875715,33.1044097688409,15.1932978333064,0.96177920511458,0.439273305117087,6.97746174139931,2.08474858659945,5.73642760410221,3.84597475099246,6.40887344959445,2.55076986042069,8.68170051468758,0.654286680654326,48.503502796243,6.97746174139931,205.067621060526,9.56124431057348,8.20418417974474,20.7734314653411,3.84597475099246,23.5245761771833,14.2671516592589,1.49154567867187,2.28928505140057,55.1740196628425,28.1771530822911,0.439273305117087,3.84597475099246,44.5483052547133,0.96177920511458,2.96939732285523,12.6172792465738
"106",15.1932978333064,1.67047987976559,1.67047987976559,38.927701358681,7.44883786106068,4.46352556082406,8.35553977483831,0.818839381945885,69.5499794887768,5.22831937250577,21.5995714105501,7.13201701941655,10.1594444399523,8.35553977483831,17.3681584018422,1.40136803515017,7.86816260372024,8.85650565944329,55.1740196628425,2.28928505140057,205.067621060526,5.62565170423951,25.8954723958585,10.1594444399523,97.0625575138342,12.6172792465738,1.31970907292651,5.97001860499963,81.2100889267569,33.1044097688409,112.623312894333,3.14761082727714,2.28928505140057,3.14761082727714,4.46352556082406,1.67047987976559,18.5644608399541,1.14395913709002,6.2723666958758,9.56124431057348,2.88391550956979,19.9472915201322,2.63262118662443,6.68414333334758,0.818839381945885,2.28928505140057,16.1796092335874,0.818839381945885,138.042326340172,3.63283891731546,30.6000707500781,41.9818765036186,1.14395913709002,2.01223390033388,5.62565170423951,1.67047987976559,4.85348847759673,3.92958812374729,4.85348847759673,1.14395913709002,11.0527784636366,0.439273305117087,48.503502796243,6.68414333334758,159.388129062492,11.52624506119,14.2671516592589,23.5245761771833,3.45126001259571,36.3406072018728,13.156343989949,1.67047987976559,2.63262118662443,44.5483052547133,9.22814272197753,0.439273305117087,4.20410898483727,28.1771530822911,0.818839381945885,3.92958812374729,12.0553423955166
"107",28.1771530822911,1.36053855403834,3.73940683415396,48.503502796243,8.50689536993188,9.56124431057348,11.0527784636366,1.04982608084045,159.388129062492,13.156343989949,14.2671516592589,33.1044097688409,17.3681584018422,8.85650565944329,15.1932978333064,1.23709952285198,8.20418417974474,5.97001860499963,55.1740196628425,3.45126001259571,205.067621060526,4.53519419359842,38.927701358681,6.82290646338208,138.042326340172,12.0553423955166,1.74879903774872,3.24034251841361,97.0625575138342,44.5483052547133,81.2100889267569,2.79919401119898,2.55076986042069,5.73642760410221,3.73940683415396,3.05487913614068,12.6172792465738,0.818839381945885,5.09645133857295,9.22814272197753,0.96177920511458,18.5644608399541,1.14395913709002,4.74239365055331,1.67047987976559,6.2723666958758,7.86816260372024,2.28928505140057,69.5499794887768,1.58974917508145,21.5995714105501,36.3406072018728,0.603724139473946,0.325385011940608,4.01320149650212,1.36053855403834,4.20410898483727,2.39365606022026,7.13201701941655,1.87318990968108,19.9472915201322,1.49154567867187,25.8954723958585,5.09645133857295,112.623312894333,5.51487580437682,10.3622013541374,11.52624506119,2.15726327286501,16.1796092335874,9.95668752576715,0.818839381945885,2.01223390033388,41.9818765036186,23.5245761771833,0.603724139473946,4.3918569280497,30.6000707500781,6.54538020331309,2.79919401119898,7.44883786106068
"116",9.95668752576715,2.47221296032047,3.14761082727714,48.503502796243,8.03617339173249,8.03617339173249,7.44883786106068,1.04982608084045,28.1771530822911,3.14761082727714,16.1796092335874,24.7100242865209,3.63283891731546,14.2671516592589,8.50689536993188,2.08474858659945,8.85650565944329,6.82290646338208,69.5499794887768,4.85348847759673,205.067621060526,4.46352556082406,33.1044097688409,11.0527784636366,97.0625575138342,13.156343989949,1.04982608084045,4.20410898483727,81.2100889267569,41.9818765036186,112.623312894333,2.28928505140057,0.867751331011925,2.88391550956979,5.51487580437682,1.40136803515017,18.5644608399541,1.31970907292651,5.97001860499963,10.3622013541374,2.47221296032047,21.5995714105501,1.04982608084045,5.22831937250577,1.67047987976559,2.08474858659945,12.6172792465738,3.45126001259571,159.388129062492,1.67047987976559,44.5483052547133,15.1932978333064,1.67047987976559,0.769927432879845,5.73642760410221,1.67047987976559,9.3946935162755,4.46352556082406,6.2723666958758,2.71447251282818,17.3681584018422,0.439273305117087,38.927701358681,6.54538020331309,138.042326340172,11.7907937283533,11.7907937283533,19.9472915201322,3.84597475099246,30.6000707500781,7.13201701941655,1.23709952285198,1.67047987976559,55.1740196628425,24.7100242865209,0.654286680654326,4.01320149650212,36.3406072018728,0.439273305117087,4.85348847759673,9.3946935162755
"124",4.53519419359842,1.14395913709002,2.47221296032047,44.5483052547133,6.97746174139931,14.7302247462827,25.8954723958585,0.769927432879845,69.5499794887768,6.54538020331309,12.6172792465738,17.3681584018422,4.74239365055331,9.95668752576715,10.3622013541374,6.2723666958758,13.156343989949,8.20418417974474,55.1740196628425,3.63283891731546,205.067621060526,2.47221296032047,41.9818765036186,16.1796092335874,159.388129062492,28.1771530822911,0.867751331011925,5.09645133857295,81.2100889267569,33.1044097688409,112.623312894333,4.3918569280497,1.70963945875715,5.51487580437682,3.24034251841361,3.05487913614068,19.9472915201322,1.14395913709002,5.85322310455092,8.85650565944329,1.87318990968108,18.5644608399541,1.14395913709002,3.63283891731546,1.14395913709002,1.70963945875715,11.0527784636366,4.01320149650212,97.0625575138342,1.14395913709002,21.5995714105501,30.6000707500781,1.44645685691102,0.553161598293565,2.88391550956979,2.01223390033388,5.85322310455092,3.63283891731546,6.97746174139931,7.44883786106068,5.09645133857295,0.325385011940608,48.503502796243,14.7302247462827,138.042326340172,7.86816260372024,11.52624506119,12.0553423955166,2.47221296032047,23.5245761771833,9.22814272197753,1.58974917508145,2.15726327286501,36.3406072018728,9.56124431057348,1.44645685691102,2.47221296032047,38.927701358681,0.654286680654326,4.20410898483727,8.50689536993188
"125",9.95668752576715,0.712107056767086,1.58974917508145,36.3406072018728,8.03617339173249,4.96458330464014,12.0553423955166,1.190529329971,81.2100889267569,7.44883786106068,17.3681584018422,16.1796092335874,7.13201701941655,6.68414333334758,5.51487580437682,1.74879903774872,9.22814272197753,6.68414333334758,97.0625575138342,4.63879392207586,159.388129062492,6.2723666958758,28.1771530822911,14.2671516592589,55.1740196628425,11.52624506119,0.96177920511458,5.97001860499963,69.5499794887768,38.927701358681,112.623312894333,2.39365606022026,1.94271190500748,4.20410898483727,5.22831937250577,2.22327416213279,18.5644608399541,1.67047987976559,8.68170051468758,15.1932978333064,1.94271190500748,25.8954723958585,1.31970907292651,4.3918569280497,3.05487913614068,1.40136803515017,13.156343989949,2.71447251282818,205.067621060526,4.01320149650212,33.1044097688409,21.5995714105501,1.190529329971,0.553161598293565,4.63879392207586,2.22327416213279,8.68170051468758,3.63283891731546,5.73642760410221,2.88391550956979,8.03617339173249,0.96177920511458,48.503502796243,0.712107056767086,138.042326340172,12.6172792465738,9.56124431057348,23.5245761771833,3.84597475099246,30.6000707500781,11.0527784636366,1.49154567867187,2.55076986042069,41.9818765036186,19.9472915201322,0.325385011940608,3.45126001259571,44.5483052547133,0.96177920511458,3.24034251841361,10.3622013541374
"133",14.2671516592589,1.14395913709002,2.96939732285523,48.503502796243,7.65850023239046,9.95668752576715,11.52624506119,0.867751331011925,69.5499794887768,3.84597475099246,15.1932978333064,38.927701358681,5.62565170423951,36.3406072018728,10.707489908887,2.28928505140057,16.1796092335874,8.20418417974474,44.5483052547133,4.01320149650212,205.067621060526,3.24034251841361,41.9818765036186,12.6172792465738,159.388129062492,9.22814272197753,1.00580264297751,4.46352556082406,97.0625575138342,21.5995714105501,138.042326340172,5.62565170423951,1.70963945875715,1.44645685691102,2.71447251282818,5.97001860499963,13.156343989949,1.44645685691102,6.2723666958758,6.54538020331309,1.00580264297751,30.6000707500781,1.58974917508145,2.55076986042069,2.39365606022026,2.01223390033388,7.13201701941655,3.45126001259571,81.2100889267569,1.31970907292651,18.5644608399541,25.8954723958585,0.553161598293565,0.712107056767086,5.22831937250577,1.70963945875715,4.46352556082406,2.96939732285523,7.65850023239046,8.85650565944329,12.0553423955166,0.325385011940608,19.9472915201322,4.74239365055331,112.623312894333,8.50689536993188,17.3681584018422,23.5245761771833,2.15726327286501,28.1771530822911,6.82290646338208,1.87318990968108,4.96458330464014,55.1740196628425,10.707489908887,1.23709952285198,3.63283891731546,33.1044097688409,0.712107056767086,4.20410898483727,9.56124431057348
"148",13.156343989949,1.49154567867187,3.45126001259571,48.503502796243,6.82290646338208,7.86816260372024,12.0553423955166,0.325385011940608,69.5499794887768,5.22831937250577,19.9472915201322,12.6172792465738,6.54538020331309,15.1932978333064,11.0527784636366,2.08474858659945,8.35553977483831,8.85650565944329,81.2100889267569,3.63283891731546,205.067621060526,4.3918569280497,36.3406072018728,8.35553977483831,159.388129062492,9.95668752576715,2.34147055581041,2.88391550956979,55.1740196628425,28.1771530822911,97.0625575138342,2.63262118662443,1.63011452742352,4.10865524066969,4.53519419359842,3.24034251841361,17.3681584018422,1.190529329971,6.12119265043772,4.85348847759673,1.74879903774872,25.8954723958585,0.96177920511458,5.51487580437682,1.31970907292651,1.40136803515017,14.2671516592589,2.63262118662443,112.623312894333,1.63011452742352,33.1044097688409,38.927701358681,1.190529329971,0.553161598293565,6.12119265043772,1.04982608084045,7.29042744023861,3.84597475099246,5.73642760410221,3.05487913614068,9.56124431057348,1.87318990968108,41.9818765036186,11.52624506119,138.042326340172,9.22814272197753,16.1796092335874,23.5245761771833,2.34147055581041,21.5995714105501,7.29042744023861,0.712107056767086,2.08474858659945,44.5483052547133,18.5644608399541,0.867751331011925,4.85348847759673,30.6000707500781,0.712107056767086,4.10865524066969,10.3622013541374
"150",13.156343989949,1.8109944737149,1.23709952285198,48.503502796243,6.12119265043772,6.82290646338208,12.6172792465738,1.14395913709002,97.0625575138342,11.7907937283533,11.0527784636366,28.1771530822911,19.9472915201322,16.1796092335874,23.5245761771833,0.769927432879845,4.74239365055331,9.56124431057348,44.5483052547133,2.28928505140057,205.067621060526,4.10865524066969,33.1044097688409,10.3622013541374,55.1740196628425,9.95668752576715,1.31970907292651,3.14761082727714,81.2100889267569,36.3406072018728,112.623312894333,1.63011452742352,1.49154567867187,6.54538020331309,3.14761082727714,1.8109944737149,11.7907937283533,1.40136803515017,3.84597475099246,7.13201701941655,1.63011452742352,14.2671516592589,0.867751331011925,3.63283891731546,5.22831937250577,9.22814272197753,8.85650565944329,2.15726327286501,138.042326340172,2.01223390033388,17.3681584018422,69.5499794887768,0.654286680654326,0.553161598293565,2.39365606022026,1.04982608084045,4.3918569280497,2.88391550956979,8.20418417974474,4.96458330464014,21.5995714105501,2.55076986042069,38.927701358681,7.86816260372024,159.388129062492,6.12119265043772,8.50689536993188,25.8954723958585,2.71447251282818,18.5644608399541,7.44883786106068,0.325385011940608,4.10865524066969,41.9818765036186,15.1932978333064,0.96177920511458,3.45126001259571,30.6000707500781,5.51487580437682,4.53519419359842,5.73642760410221
"157",21.5995714105501,1.67047987976559,1.67047987976559,38.927701358681,9.22814272197753,4.74239365055331,17.3681584018422,2.28928505140057,36.3406072018728,2.39365606022026,13.156343989949,18.5644608399541,3.34580126550466,5.09645133857295,11.0527784636366,3.63283891731546,8.20418417974474,6.82290646338208,112.623312894333,6.54538020331309,138.042326340172,10.3622013541374,23.5245761771833,11.52624506119,81.2100889267569,33.1044097688409,1.40136803515017,6.2723666958758,69.5499794887768,55.1740196628425,97.0625575138342,4.3918569280497,2.79919401119898,2.79919401119898,9.56124431057348,2.01223390033388,16.1796092335874,1.67047987976559,7.44883786106068,9.95668752576715,1.31970907292651,28.1771530822911,1.04982608084045,4.20410898483727,0.553161598293565,0.96177920511458,12.0553423955166,1.190529329971,159.388129062492,5.09645133857295,41.9818765036186,19.9472915201322,0.654286680654326,0.818839381945885,5.97001860499963,1.67047987976559,7.13201701941655,4.53519419359842,5.51487580437682,2.55076986042069,7.86816260372024,0.818839381945885,30.6000707500781,4.01320149650212,205.067621060526,8.85650565944329,5.73642760410221,25.8954723958585,3.84597475099246,15.1932978333064,12.6172792465738,1.67047987976559,2.15726327286501,48.503502796243,14.2671516592589,1.190529329971,3.34580126550466,44.5483052547133,0.325385011940608,3.05487913614068,8.50689536993188
"160",14.2671516592589,1.190529329971,2.96939732285523,55.1740196628425,6.82290646338208,8.85650565944329,12.6172792465738,0.867751331011925,81.2100889267569,3.45126001259571,13.156343989949,23.5245761771833,9.22814272197753,25.8954723958585,28.1771530822911,0.325385011940608,11.0527784636366,8.50689536993188,44.5483052547133,3.63283891731546,205.067621060526,5.51487580437682,36.3406072018728,9.75896591817031,97.0625575138342,12.0553423955166,1.04982608084045,4.53519419359842,69.5499794887768,30.6000707500781,159.388129062492,2.71447251282818,1.70963945875715,4.85348847759673,2.96939732285523,6.54538020331309,10.3622013541374,1.49154567867187,5.85322310455092,6.2723666958758,1.58974917508145,18.5644608399541,1.87318990968108,3.84597475099246,1.40136803515017,1.70963945875715,15.1932978333064,1.190529329971,112.623312894333,2.08474858659945,21.5995714105501,41.9818765036186,1.31970907292651,2.08474858659945,4.20410898483727,2.55076986042069,4.01320149650212,3.24034251841361,7.13201701941655,5.85322310455092,16.1796092335874,0.603724139473946,33.1044097688409,4.3918569280497,138.042326340172,7.86816260372024,11.52624506119,19.9472915201322,2.39365606022026,17.3681584018422,9.75896591817031,0.867751331011925,2.28928505140057,38.927701358681,8.20418417974474,0.867751331011925,4.85348847759673,48.503502796243,0.603724139473946,7.44883786106068,5.22831937250577
"178",5.22831937250577,1.74879903774872,1.04982608084045,33.1044097688409,11.2895117624133,9.95668752576715,5.85322310455092,0.553161598293565,44.5483052547133,4.20410898483727,9.22814272197753,17.3681584018422,3.05487913614068,14.2671516592589,9.22814272197753,3.45126001259571,8.50689536993188,7.29042744023861,55.1740196628425,7.29042744023861,138.042326340172,6.2723666958758,19.9472915201322,10.3622013541374,112.623312894333,9.22814272197753,1.44645685691102,5.85322310455092,75.3800342077668,36.3406072018728,97.0625575138342,2.01223390033388,2.39365606022026,3.24034251841361,5.51487580437682,3.92958812374729,16.1796092335874,1.31970907292651,8.03617339173249,12.6172792465738,2.88391550956979,38.927701358681,1.04982608084045,3.92958812374729,1.58974917508145,0.867751331011925,18.5644608399541,2.22327416213279,159.388129062492,2.63262118662443,28.1771530822911,30.6000707500781,1.04982608084045,0.712107056767086,8.03617339173249,1.44645685691102,6.82290646338208,4.74239365055331,4.3918569280497,1.74879903774872,4.96458330464014,0.712107056767086,75.3800342077668,6.54538020331309,205.067621060526,12.0553423955166,11.2895117624133,23.5245761771833,4.53519419359842,21.5995714105501,15.1932978333064,1.74879903774872,2.22327416213279,41.9818765036186,25.8954723958585,0.325385011940608,3.63283891731546,48.503502796243,1.23709952285198,2.63262118662443,13.156343989949
"198",11.7907937283533,2.71447251282818,1.70963945875715,34.7225084853569,11.0527784636366,5.09645133857295,3.92958812374729,1.23709952285198,19.9472915201322,2.28928505140057,8.85650565944329,23.5245761771833,4.63879392207586,7.86816260372024,9.22814272197753,1.40136803515017,9.75896591817031,5.97001860499963,112.623312894333,7.13201701941655,138.042326340172,13.156343989949,17.3681584018422,10.3622013541374,97.0625575138342,11.7907937283533,1.70963945875715,6.82290646338208,55.1740196628425,38.927701358681,69.5499794887768,3.24034251841361,1.23709952285198,3.45126001259571,4.63879392207586,1.54064742687666,16.1796092335874,3.05487913614068,9.75896591817031,12.6172792465738,2.71447251282818,30.6000707500781,0.769927432879845,5.51487580437682,0.603724139473946,1.23709952285198,21.5995714105501,2.28928505140057,205.067621060526,2.28928505140057,41.9818765036186,25.8954723958585,1.94271190500748,0.96177920511458,6.54538020331309,1.54064742687666,8.50689536993188,6.2723666958758,3.92958812374729,1.94271190500748,3.92958812374729,0.96177920511458,81.2100889267569,3.92958812374729,159.388129062492,14.2671516592589,7.44883786106068,34.7225084853569,5.73642760410221,28.1771530822911,15.1932978333064,2.71447251282818,0.96177920511458,44.5483052547133,18.5644608399541,0.603724139473946,4.3918569280497,48.503502796243,0.325385011940608,5.09645133857295,8.20418417974474
"203",4.96458330464014,0.818839381945885,2.28928505140057,33.1044097688409,7.65850023239046,9.95668752576715,5.97001860499963,0.654286680654326,81.2100889267569,1.31970907292651,9.56124431057348,23.5245761771833,1.70963945875715,19.9472915201322,7.13201701941655,3.24034251841361,12.0553423955166,6.2723666958758,55.1740196628425,5.73642760410221,205.067621060526,4.20410898483727,36.3406072018728,14.2671516592589,159.388129062492,9.22814272197753,1.14395913709002,3.54204946495559,69.5499794887768,25.8954723958585,97.0625575138342,4.53519419359842,1.00580264297751,1.58974917508145,3.92958812374729,8.20418417974474,17.3681584018422,0.818839381945885,8.85650565944329,13.156343989949,2.15726327286501,30.6000707500781,2.96939732285523,2.96939732285523,1.70963945875715,2.01223390033388,15.1932978333064,2.71447251282818,112.623312894333,2.39365606022026,28.1771530822911,16.1796092335874,1.87318990968108,1.49154567867187,5.51487580437682,1.00580264297751,6.82290646338208,3.54204946495559,8.50689536993188,4.74239365055331,7.65850023239046,0.325385011940608,48.503502796243,11.52624506119,138.042326340172,10.3622013541374,11.0527784636366,18.5644608399541,2.55076986042069,38.927701358681,12.6172792465738,1.31970907292651,4.3918569280497,44.5483052547133,21.5995714105501,0.553161598293565,3.92958812374729,41.9818765036186,1.31970907292651,5.22831937250577,6.54538020331309
"209",18.5644608399541,1.54064742687666,1.74879903774872,36.3406072018728,8.20418417974474,3.92958812374729,8.85650565944329,0.818839381945885,69.5499794887768,9.95668752576715,7.65850023239046,17.3681584018422,6.40887344959445,11.0527784636366,11.52624506119,2.47221296032047,6.97746174139931,8.50689536993188,81.2100889267569,5.22831937250577,138.042326340172,4.63879392207586,33.1044097688409,10.3622013541374,112.623312894333,6.40887344959445,1.23709952285198,4.20410898483727,44.5483052547133,25.8954723958585,97.0625575138342,2.15726327286501,2.79919401119898,4.3918569280497,4.96458330464014,3.92958812374729,15.1932978333064,2.79919401119898,6.97746174139931,14.2671516592589,2.47221296032047,30.6000707500781,2.15726327286501,3.34580126550466,1.54064742687666,0.818839381945885,16.1796092335874,1.04982608084045,205.067621060526,3.05487913614068,41.9818765036186,23.5245761771833,1.23709952285198,0.818839381945885,5.73642760410221,1.40136803515017,7.65850023239046,4.63879392207586,5.97001860499963,3.34580126550466,9.56124431057348,0.325385011940608,55.1740196628425,1.67047987976559,159.388129062492,12.3363108210452,12.3363108210452,21.5995714105501,3.63283891731546,28.1771530822911,19.9472915201322,1.23709952285198,1.87318990968108,38.927701358681,13.156343989949,0.818839381945885,5.51487580437682,48.503502796243,0.553161598293565,2.15726327286501,9.22814272197753
"223",18.5644608399541,3.14761082727714,1.14395913709002,48.503502796243,5.85322310455092,2.63262118662443,2.63262118662443,0.867751331011925,55.1740196628425,4.3918569280497,9.56124431057348,28.1771530822911,8.50689536993188,10.1594444399523,9.04232419071041,1.87318990968108,11.2895117624133,6.68414333334758,69.5499794887768,4.53519419359842,138.042326340172,6.2723666958758,23.5245761771833,12.0553423955166,97.0625575138342,8.03617339173249,1.40136803515017,8.03617339173249,81.2100889267569,17.3681584018422,112.623312894333,2.88391550956979,1.58974917508145,4.01320149650212,11.2895117624133,1.70963945875715,9.04232419071041,2.15726327286501,7.13201701941655,5.85322310455092,4.01320149650212,38.927701358681,1.40136803515017,5.09645133857295,1.14395913709002,2.28928505140057,21.5995714105501,2.39365606022026,159.388129062492,1.70963945875715,36.3406072018728,30.6000707500781,0.654286680654326,4.01320149650212,7.44883786106068,0.654286680654326,6.68414333334758,5.51487580437682,2.01223390033388,0.654286680654326,16.1796092335874,0.96177920511458,41.9818765036186,3.54204946495559,205.067621060526,12.8868116182614,10.1594444399523,25.8954723958585,3.54204946495559,19.9472915201322,15.1932978333064,1.40136803515017,3.14761082727714,44.5483052547133,14.2671516592589,1.14395913709002,5.09645133857295,33.1044097688409,0.325385011940608,4.74239365055331,12.8868116182614
"224",11.52624506119,1.36053855403834,2.01223390033388,31.8522402594595,6.54538020331309,4.63879392207586,7.86816260372024,0.96177920511458,89.1363232202955,7.44883786106068,9.95668752576715,12.8868116182614,9.3946935162755,9.3946935162755,12.8868116182614,1.36053855403834,6.97746174139931,8.50689536993188,55.1740196628425,4.29798295644348,159.388129062492,5.22831937250577,23.5245761771833,15.1932978333064,89.1363232202955,10.3622013541374,0.769927432879845,5.51487580437682,69.5499794887768,41.9818765036186,138.042326340172,2.71447251282818,3.45126001259571,3.24034251841361,4.63879392207586,4.29798295644348,14.2671516592589,2.22327416213279,6.97746174139931,11.0527784636366,1.67047987976559,25.8954723958585,1.14395913709002,6.12119265043772,0.769927432879845,1.67047987976559,12.0553423955166,2.88391550956979,112.623312894333,2.22327416213279,28.1771530822911,48.503502796243,1.23709952285198,1.67047987976559,4.96458330464014,1.67047987976559,3.84597475099246,3.05487913614068,6.12119265043772,0.769927432879845,36.3406072018728,0.325385011940608,31.8522402594595,2.55076986042069,205.067621060526,8.50689536993188,8.50689536993188,21.5995714105501,4.01320149650212,17.3681584018422,18.5644608399541,1.67047987976559,2.39365606022026,44.5483052547133,19.9472915201322,0.553161598293565,3.63283891731546,38.927701358681,1.04982608084045,5.73642760410221,16.1796092335874
"226",12.8868116182614,1.54064742687666,1.74879903774872,29.3886119161846,8.35553977483831,5.22831937250577,12.8868116182614,0.914765268063253,159.388129062492,3.63283891731546,9.95668752576715,8.35553977483831,9.56124431057348,8.35553977483831,12.0553423955166,2.34147055581041,8.35553977483831,5.51487580437682,48.503502796243,6.2723666958758,97.0625575138342,3.24034251841361,29.3886119161846,11.52624506119,112.623312894333,9.22814272197753,0.603724139473946,4.20410898483727,55.1740196628425,41.9818765036186,138.042326340172,2.96939732285523,2.55076986042069,4.01320149650212,7.29042744023861,4.53519419359842,18.5644608399541,0.914765268063253,7.29042744023861,6.54538020331309,3.45126001259571,38.927701358681,1.27840429788924,5.73642760410221,1.27840429788924,1.27840429788924,22.5620737938667,2.01223390033388,81.2100889267569,2.34147055581041,33.1044097688409,69.5499794887768,0.914765268063253,2.15726327286501,5.97001860499963,1.67047987976559,6.82290646338208,2.71447251282818,4.85348847759673,0.603724139473946,11.0527784636366,0.914765268063253,36.3406072018728,1.27840429788924,205.067621060526,14.2671516592589,16.1796092335874,22.5620737938667,3.84597475099246,10.3622013541374,17.3681584018422,1.87318990968108,2.96939732285523,44.5483052547133,19.9472915201322,1.54064742687666,4.85348847759673,25.8954723958585,0.325385011940608,4.3918569280497,15.1932978333064
"228",12.6172792465738,1.40136803515017,2.79919401119898,28.1771530822911,7.13201701941655,3.84597475099246,9.95668752576715,0.96177920511458,55.1740196628425,2.39365606022026,6.82290646338208,25.8954723958585,11.0527784636366,8.35553977483831,12.0553423955166,3.84597475099246,8.35553977483831,5.62565170423951,81.2100889267569,5.62565170423951,138.042326340172,4.74239365055331,23.5245761771833,10.3622013541374,97.0625575138342,7.86816260372024,0.654286680654326,4.46352556082406,69.5499794887768,37.6341542802769,112.623312894333,3.24034251841361,1.94271190500748,2.79919401119898,6.2723666958758,2.15726327286501,16.1796092335874,1.63011452742352,7.44883786106068,11.52624506119,2.39365606022026,44.5483052547133,0.654286680654326,5.22831937250577,1.09689260896523,1.09689260896523,20.7734314653411,1.23709952285198,159.388129062492,4.96458330464014,41.9818765036186,33.1044097688409,1.74879903774872,1.31970907292651,6.54538020331309,1.49154567867187,9.3946935162755,3.84597475099246,5.97001860499963,2.39365606022026,9.3946935162755,0.654286680654326,30.6000707500781,1.63011452742352,205.067621060526,14.7302247462827,8.85650565944329,17.3681584018422,4.46352556082406,18.5644608399541,20.7734314653411,1.94271190500748,3.05487913614068,48.503502796243,13.156343989949,0.654286680654326,3.45126001259571,37.6341542802769,0.654286680654326,4.20410898483727,14.7302247462827
"232",18.5644608399541,1.49154567867187,2.39365606022026,38.927701358681,7.86816260372024,12.6172792465738,17.3681584018422,1.04982608084045,81.2100889267569,7.13201701941655,11.7907937283533,21.5995714105501,14.2671516592589,9.95668752576715,8.20418417974474,1.8109944737149,8.50689536993188,5.97001860499963,55.1740196628425,4.96458330464014,205.067621060526,6.40887344959445,28.1771530822911,9.56124431057348,159.388129062492,11.0527784636366,0.818839381945885,3.24034251841361,69.5499794887768,48.503502796243,97.0625575138342,4.20410898483727,2.79919401119898,4.74239365055331,2.55076986042069,2.79919401119898,11.7907937283533,2.22327416213279,5.51487580437682,7.44883786106068,1.8109944737149,33.1044097688409,1.190529329971,4.46352556082406,0.553161598293565,2.22327416213279,13.156343989949,1.31970907292651,112.623312894333,3.84597475099246,23.5245761771833,44.5483052547133,0.818839381945885,1.49154567867187,4.46352556082406,1.8109944737149,5.73642760410221,3.63283891731546,6.40887344959445,0.96177920511458,10.3622013541374,0.654286680654326,30.6000707500781,1.8109944737149,138.042326340172,9.22814272197753,8.85650565944329,19.9472915201322,3.05487913614068,25.8954723958585,16.1796092335874,1.190529329971,4.01320149650212,36.3406072018728,15.1932978333064,0.325385011940608,3.45126001259571,41.9818765036186,1.49154567867187,5.22831937250577,6.82290646338208
"234",11.52624506119,2.34147055581041,1.87318990968108,30.6000707500781,8.20418417974474,3.45126001259571,21.5995714105501,0.603724139473946,97.0625575138342,5.62565170423951,5.09645133857295,6.68414333334758,4.10865524066969,5.09645133857295,18.5644608399541,3.63283891731546,8.68170051468758,9.56124431057348,69.5499794887768,7.86816260372024,159.388129062492,9.22814272197753,28.1771530822911,12.6172792465738,205.067621060526,25.8954723958585,1.27840429788924,6.68414333334758,41.9818765036186,23.5245761771833,81.2100889267569,2.34147055581041,1.04982608084045,3.84597475099246,4.63879392207586,2.34147055581041,17.3681584018422,2.88391550956979,7.13201701941655,12.0553423955166,3.05487913614068,33.1044097688409,1.04982608084045,5.97001860499963,1.87318990968108,2.71447251282818,19.9472915201322,2.34147055581041,112.623312894333,1.49154567867187,36.3406072018728,44.5483052547133,1.67047987976559,1.27840429788924,4.3918569280497,0.867751331011925,7.44883786106068,4.10865524066969,4.63879392207586,1.04982608084045,3.24034251841361,0.325385011940608,48.503502796243,1.49154567867187,138.042326340172,11.0527784636366,16.1796092335874,14.2671516592589,5.62565170423951,10.3622013541374,15.1932978333064,1.87318990968108,0.769927432879845,38.927701358681,13.156343989949,1.49154567867187,8.68170051468758,55.1740196628425,0.603724139473946,6.2723666958758,9.95668752576715
"249",15.1932978333064,1.94271190500748,1.54064742687666,28.1771530822911,14.2671516592589,5.09645133857295,9.56124431057348,1.190529329971,112.623312894333,6.68414333334758,11.52624506119,17.3681584018422,7.86816260372024,4.3918569280497,8.85650565944329,1.94271190500748,5.73642760410221,6.68414333334758,97.0625575138342,5.97001860499963,138.042326340172,4.53519419359842,19.9472915201322,9.22814272197753,69.5499794887768,12.6172792465738,1.190529329971,7.44883786106068,55.1740196628425,33.1044097688409,81.2100889267569,2.55076986042069,2.71447251282818,3.84597475099246,5.09645133857295,2.34147055581041,23.5245761771833,2.34147055581041,6.2723666958758,21.5995714105501,2.96939732285523,36.3406072018728,1.190529329971,8.20418417974474,0.325385011940608,0.867751331011925,13.156343989949,1.74879903774872,205.067621060526,3.45126001259571,30.6000707500781,41.9818765036186,1.54064742687666,1.190529329971,5.09645133857295,1.67047987976559,7.13201701941655,4.10865524066969,5.09645133857295,1.40136803515017,11.0527784636366,0.712107056767086,48.503502796243,2.96939732285523,159.388129062492,10.3622013541374,8.50689536993188,25.8954723958585,4.10865524066969,18.5644608399541,9.95668752576715,0.96177920511458,2.15726327286501,44.5483052547133,16.1796092335874,0.553161598293565,3.24034251841361,38.927701358681,0.712107056767086,3.63283891731546,12.0553423955166
"253",15.6864535334469,1.67047987976559,1.58974917508145,36.3406072018728,9.95668752576715,4.85348847759673,10.3622013541374,2.08474858659945,48.503502796243,4.46352556082406,7.65850023239046,21.5995714105501,6.82290646338208,8.50689536993188,7.65850023239046,1.14395913709002,5.51487580437682,9.56124431057348,69.5499794887768,5.97001860499963,138.042326340172,3.63283891731546,23.5245761771833,11.2895117624133,112.623312894333,11.2895117624133,0.654286680654326,4.10865524066969,81.2100889267569,33.1044097688409,97.0625575138342,2.63262118662443,3.45126001259571,4.85348847759673,8.20418417974474,1.49154567867187,17.3681584018422,2.08474858659945,5.22831937250577,12.3363108210452,2.96939732285523,38.927701358681,1.31970907292651,4.46352556082406,1.14395913709002,0.654286680654326,13.156343989949,2.96939732285523,205.067621060526,1.8109944737149,41.9818765036186,25.8954723958585,1.14395913709002,0.914765268063253,6.54538020331309,2.63262118662443,5.73642760410221,4.10865524066969,6.2723666958758,2.34147055581041,8.85650565944329,0.914765268063253,44.5483052547133,1.8109944737149,159.388129062492,12.3363108210452,7.13201701941655,18.5644608399541,3.84597475099246,30.6000707500781,14.2671516592589,1.40136803515017,2.34147055581041,55.1740196628425,19.9472915201322,0.325385011940608,3.24034251841361,28.1771530822911,0.654286680654326,9.22814272197753,15.6864535334469
"270",11.52624506119,2.39365606022026,2.01223390033388,41.9818765036186,6.97746174139931,4.3918569280497,4.96458330464014,1.40136803515017,112.623312894333,9.56124431057348,3.24034251841361,25.8954723958585,16.1796092335874,7.44883786106068,17.3681584018422,2.71447251282818,6.54538020331309,8.68170051468758,55.1740196628425,5.85322310455092,138.042326340172,6.97746174139931,21.5995714105501,10.3622013541374,97.0625575138342,9.95668752576715,0.439273305117087,5.22831937250577,33.1044097688409,19.2558761800432,81.2100889267569,3.05487913614068,2.88391550956979,4.20410898483727,3.73940683415396,2.01223390033388,15.1932978333064,3.73940683415396,8.20418417974474,12.0553423955166,1.09689260896523,36.3406072018728,2.01223390033388,4.63879392207586,1.40136803515017,1.40136803515017,12.6172792465738,1.63011452742352,205.067621060526,3.45126001259571,30.6000707500781,69.5499794887768,1.09689260896523,0.96177920511458,5.85322310455092,2.01223390033388,7.86816260372024,6.2723666958758,4.63879392207586,1.23709952285198,11.0527784636366,0.818839381945885,48.503502796243,1.63011452742352,159.388129062492,13.156343989949,8.68170051468758,28.1771530822911,5.51487580437682,23.5245761771833,19.2558761800432,0.439273305117087,2.01223390033388,44.5483052547133,14.2671516592589,0.654286680654326,4.01320149650212,38.927701358681,0.818839381945885,2.55076986042069,9.22814272197753
"272",21.5995714105501,2.71447251282818,1.44645685691102,28.1771530822911,7.13201701941655,4.96458330464014,6.40887344959445,1.27840429788924,48.503502796243,3.84597475099246,11.0527784636366,23.5245761771833,16.1796092335874,7.65850023239046,8.50689536993188,2.55076986042069,9.95668752576715,8.85650565944329,69.5499794887768,4.3918569280497,159.388129062492,5.85322310455092,19.9472915201322,9.56124431057348,112.623312894333,6.40887344959445,1.04982608084045,4.74239365055331,81.2100889267569,44.5483052547133,97.0625575138342,2.22327416213279,3.05487913614068,3.24034251841361,5.85322310455092,2.22327416213279,12.6172792465738,1.74879903774872,7.65850023239046,9.22814272197753,2.01223390033388,33.1044097688409,0.914765268063253,5.51487580437682,1.74879903774872,1.14395913709002,14.7302247462827,2.88391550956979,138.042326340172,2.39365606022026,25.8954723958585,38.927701358681,1.27840429788924,0.712107056767086,6.82290646338208,0.712107056767086,8.20418417974474,4.01320149650212,5.22831937250577,1.58974917508145,13.156343989949,1.44645685691102,36.3406072018728,0.914765268063253,205.067621060526,12.0553423955166,10.3622013541374,14.7302247462827,3.45126001259571,30.6000707500781,18.5644608399541,1.74879903774872,3.63283891731546,41.9818765036186,11.52624506119,0.439273305117087,4.20410898483727,55.1740196628425,0.439273305117087,4.53519419359842,17.3681584018422
"280",15.1932978333064,2.88391550956979,1.40136803515017,34.7225084853569,9.75896591817031,6.40887344959445,17.3681584018422,0.553161598293565,55.1740196628425,3.63283891731546,5.97001860499963,23.5245761771833,4.74239365055331,8.85650565944329,13.7117478246039,1.67047987976559,9.22814272197753,5.62565170423951,97.0625575138342,6.97746174139931,138.042326340172,10.707489908887,21.5995714105501,7.65850023239046,112.623312894333,28.1771530822911,1.40136803515017,4.29798295644348,38.927701358681,25.8954723958585,81.2100889267569,3.14761082727714,1.67047987976559,3.14761082727714,6.97746174139931,1.94271190500748,12.6172792465738,3.45126001259571,8.20418417974474,5.09645133857295,2.71447251282818,34.7225084853569,1.40136803515017,4.29798295644348,0.818839381945885,0.654286680654326,16.1796092335874,2.34147055581041,205.067621060526,2.34147055581041,41.9818765036186,30.6000707500781,2.15726327286501,1.04982608084045,5.62565170423951,1.23709952285198,7.65850023239046,4.01320149650212,6.40887344959445,1.67047987976559,10.707489908887,1.04982608084045,69.5499794887768,2.55076986042069,159.388129062492,11.52624506119,9.75896591817031,19.9472915201322,4.53519419359842,13.7117478246039,12.0553423955166,0.818839381945885,1.94271190500748,48.503502796243,18.5644608399541,1.04982608084045,3.84597475099246,44.5483052547133,0.325385011940608,5.09645133857295,8.50689536993188
"284",15.6864535334469,1.31970907292651,1.74879903774872,28.1771530822911,6.54538020331309,4.96458330464014,14.2671516592589,0.96177920511458,81.2100889267569,7.86816260372024,5.51487580437682,17.3681584018422,8.20418417974474,8.85650565944329,18.5644608399541,2.34147055581041,8.50689536993188,6.97746174139931,69.5499794887768,7.44883786106068,138.042326340172,3.63283891731546,30.6000707500781,9.95668752576715,97.0625575138342,23.5245761771833,1.23709952285198,5.22831937250577,48.503502796243,21.5995714105501,112.623312894333,3.84597475099246,2.55076986042069,4.74239365055331,6.97746174139931,1.94271190500748,10.3622013541374,1.04982608084045,3.34580126550466,12.0553423955166,1.63011452742352,41.9818765036186,1.94271190500748,6.2723666958758,1.44645685691102,1.14395913709002,13.156343989949,2.15726327286501,159.388129062492,2.71447251282818,33.1044097688409,55.1740196628425,0.712107056767086,0.712107056767086,5.85322310455092,1.44645685691102,9.22814272197753,3.34580126550466,4.01320149650212,2.34147055581041,5.85322310455092,0.867751331011925,36.3406072018728,3.05487913614068,205.067621060526,11.0527784636366,12.0553423955166,25.8954723958585,4.29798295644348,12.0553423955166,15.6864535334469,1.63011452742352,4.29798295644348,44.5483052547133,19.9472915201322,0.553161598293565,2.88391550956979,38.927701358681,0.325385011940608,4.53519419359842,9.56124431057348
"294",8.20418417974474,1.14395913709002,0.867751331011925,44.5483052547133,4.46352556082406,6.82290646338208,12.0553423955166,1.00580264297751,205.067621060526,9.56124431057348,12.6172792465738,10.3622013541374,19.9472915201322,18.5644608399541,13.156343989949,3.45126001259571,3.84597475099246,6.2723666958758,48.503502796243,3.05487913614068,97.0625575138342,3.63283891731546,69.5499794887768,2.88391550956979,112.623312894333,8.85650565944329,0.325385011940608,4.01320149650212,55.1740196628425,34.7225084853569,159.388129062492,1.40136803515017,5.73642760410221,7.13201701941655,4.46352556082406,9.22814272197753,14.2671516592589,0.553161598293565,7.44883786106068,7.86816260372024,2.15726327286501,21.5995714105501,1.87318990968108,3.24034251841361,2.71447251282818,5.51487580437682,17.3681584018422,4.20410898483727,138.042326340172,2.55076986042069,25.8954723958585,81.2100889267569,0.654286680654326,1.23709952285198,1.40136803515017,0.769927432879845,5.97001860499963,2.01223390033388,5.22831937250577,1.58974917508145,4.96458330464014,1.00580264297751,34.7225084853569,1.40136803515017,41.9818765036186,9.95668752576715,11.0527784636366,15.1932978333064,2.39365606022026,16.1796092335874,23.5245761771833,1.70963945875715,6.54538020331309,38.927701358681,30.6000707500781,1.70963945875715,4.74239365055331,28.1771530822911,2.28928505140057,8.50689536993188,11.52624506119
"300",5.97001860499963,1.44645685691102,3.54204946495559,38.927701358681,7.13201701941655,4.85348847759673,8.85650565944329,1.44645685691102,31.8522402594595,3.14761082727714,9.3946935162755,23.5245761771833,4.3918569280497,9.3946935162755,15.1932978333064,2.15726327286501,10.3622013541374,5.97001860499963,69.5499794887768,4.53519419359842,159.388129062492,5.51487580437682,25.8954723958585,9.95668752576715,112.623312894333,7.65850023239046,1.44645685691102,8.50689536993188,55.1740196628425,28.1771530822911,97.0625575138342,2.79919401119898,0.96177920511458,3.14761082727714,4.10865524066969,2.55076986042069,17.3681584018422,1.23709952285198,6.68414333334758,14.2671516592589,2.15726327286501,31.8522402594595,2.15726327286501,6.68414333334758,1.44645685691102,0.96177920511458,12.6172792465738,2.39365606022026,205.067621060526,3.54204946495559,44.5483052547133,21.5995714105501,1.14395913709002,0.603724139473946,5.97001860499963,1.70963945875715,8.20418417974474,5.22831937250577,4.85348847759673,1.87318990968108,16.1796092335874,0.769927432879845,81.2100889267569,7.65850023239046,138.042326340172,11.0527784636366,11.52624506119,36.3406072018728,3.84597475099246,19.9472915201322,13.156343989949,0.96177920511458,1.70963945875715,41.9818765036186,18.5644608399541,0.325385011940608,4.10865524066969,48.503502796243,0.603724139473946,2.79919401119898,12.0553423955166
"302",11.52624506119,1.31970907292651,1.87318990968108,38.927701358681,8.20418417974474,6.68414333334758,7.44883786106068,0.712107056767086,81.2100889267569,5.97001860499963,4.63879392207586,10.3622013541374,3.73940683415396,18.5644608399541,14.2671516592589,4.96458330464014,9.22814272197753,4.63879392207586,69.5499794887768,5.73642760410221,159.388129062492,3.73940683415396,44.5483052547133,19.9472915201322,205.067621060526,9.56124431057348,0.914765268063253,5.22831937250577,55.1740196628425,33.1044097688409,97.0625575138342,2.88391550956979,4.20410898483727,3.05487913614068,2.71447251282818,7.13201701941655,17.3681584018422,1.67047987976559,7.86816260372024,9.95668752576715,1.58974917508145,28.1771530822911,1.31970907292651,4.3918569280497,0.712107056767086,1.09689260896523,12.0553423955166,1.87318990968108,112.623312894333,2.22327416213279,23.5245761771833,41.9818765036186,0.914765268063253,0.325385011940608,6.68414333334758,2.22327416213279,8.50689536993188,4.01320149650212,6.2723666958758,1.49154567867187,8.85650565944329,0.553161598293565,36.3406072018728,2.55076986042069,138.042326340172,12.8868116182614,15.1932978333064,21.5995714105501,3.24034251841361,25.8954723958585,12.8868116182614,1.31970907292651,2.39365606022026,48.503502796243,16.1796092335874,1.09689260896523,5.51487580437682,30.6000707500781,1.87318990968108,3.45126001259571,11.0527784636366
"334",3.84597475099246,0.96177920511458,2.28928505140057,41.9818765036186,8.68170051468758,12.8868116182614,17.3681584018422,0.769927432879845,69.5499794887768,3.14761082727714,19.9472915201322,28.1771530822911,2.15726327286501,21.5995714105501,7.44883786106068,5.51487580437682,8.68170051468758,6.2723666958758,48.503502796243,5.97001860499963,205.067621060526,5.73642760410221,36.3406072018728,11.52624506119,159.388129062492,14.2671516592589,1.04982608084045,5.09645133857295,81.2100889267569,55.1740196628425,112.623312894333,2.79919401119898,1.31970907292651,3.54204946495559,4.20410898483727,4.53519419359842,18.5644608399541,1.58974917508145,8.20418417974474,12.8868116182614,1.67047987976559,30.6000707500781,1.49154567867187,4.74239365055331,2.01223390033388,1.14395913709002,9.95668752576715,1.8109944737149,97.0625575138342,3.14761082727714,25.8954723958585,11.0527784636366,1.23709952285198,0.654286680654326,4.01320149650212,2.47221296032047,6.54538020331309,5.09645133857295,7.13201701941655,4.3918569280497,9.56124431057348,0.325385011940608,33.1044097688409,1.8109944737149,138.042326340172,7.86816260372024,12.0553423955166,16.1796092335874,2.79919401119898,23.5245761771833,9.22814272197753,1.40136803515017,2.47221296032047,44.5483052547133,15.1932978333064,0.867751331011925,3.54204946495559,38.927701358681,0.553161598293565,6.82290646338208,10.3622013541374
"364",9.95668752576715,1.58974917508145,1.87318990968108,48.503502796243,5.22831937250577,5.51487580437682,9.04232419071041,1.14395913709002,112.623312894333,3.45126001259571,8.20418417974474,21.5995714105501,6.12119265043772,14.2671516592589,18.5644608399541,1.70963945875715,9.04232419071041,6.12119265043772,44.5483052547133,7.86816260372024,205.067621060526,8.50689536993188,41.9818765036186,17.3681584018422,97.0625575138342,12.0553423955166,0.712107056767086,3.63283891731546,69.5499794887768,30.6000707500781,159.388129062492,2.79919401119898,2.28928505140057,4.01320149650212,6.54538020331309,3.24034251841361,12.8868116182614,0.96177920511458,6.82290646338208,7.13201701941655,2.28928505140057,28.1771530822911,2.01223390033388,4.53519419359842,0.96177920511458,1.70963945875715,16.1796092335874,2.55076986042069,81.2100889267569,2.79919401119898,36.3406072018728,55.1740196628425,1.27840429788924,0.712107056767086,7.44883786106068,1.44645685691102,4.96458330464014,4.20410898483727,4.74239365055331,1.44645685691102,9.56124431057348,0.325385011940608,33.1044097688409,2.28928505140057,138.042326340172,12.8868116182614,11.52624506119,19.9472915201322,3.84597475099246,23.5245761771833,10.3622013541374,1.27840429788924,3.05487913614068,38.927701358681,11.0527784636366,0.96177920511458,4.3918569280497,25.8954723958585,0.553161598293565,5.73642760410221,15.1932978333064
"383",15.1932978333064,1.190529329971,2.71447251282818,43.265090879166,12.0553423955166,5.97001860499963,8.85650565944329,0.654286680654326,55.1740196628425,4.29798295644348,10.707489908887,48.503502796243,8.20418417974474,12.6172792465738,14.2671516592589,2.01223390033388,11.52624506119,9.75896591817031,69.5499794887768,4.29798295644348,205.067621060526,4.01320149650212,30.6000707500781,13.156343989949,112.623312894333,17.3681584018422,0.553161598293565,5.73642760410221,81.2100889267569,38.927701358681,97.0625575138342,3.05487913614068,2.39365606022026,3.45126001259571,4.63879392207586,1.87318990968108,18.5644608399541,1.36053855403834,5.22831937250577,6.82290646338208,2.55076986042069,36.3406072018728,0.867751331011925,3.84597475099246,1.36053855403834,1.54064742687666,9.22814272197753,2.28928505140057,138.042326340172,1.67047987976559,28.1771530822911,23.5245761771833,0.867751331011925,0.325385011940608,6.54538020331309,1.54064742687666,6.2723666958758,3.63283891731546,4.96458330464014,1.04982608084045,10.707489908887,1.74879903774872,21.5995714105501,3.24034251841361,159.388129062492,9.75896591817031,7.86816260372024,19.9472915201322,4.63879392207586,25.8954723958585,16.1796092335874,2.15726327286501,2.88391550956979,43.265090879166,7.13201701941655,1.190529329971,7.44883786106068,33.1044097688409,0.867751331011925,5.51487580437682,8.50689536993188
"388",7.86816260372024,1.44645685691102,2.39365606022026,30.6000707500781,10.3622013541374,5.51487580437682,8.20418417974474,1.190529329971,69.5499794887768,5.73642760410221,7.29042744023861,18.5644608399541,14.2671516592589,11.0527784636366,12.6172792465738,1.67047987976559,8.68170051468758,4.01320149650212,81.2100889267569,6.54538020331309,138.042326340172,6.2723666958758,23.5245761771833,9.56124431057348,97.0625575138342,8.68170051468758,1.44645685691102,5.97001860499963,55.1740196628425,41.9818765036186,112.623312894333,2.55076986042069,2.15726327286501,3.63283891731546,4.46352556082406,3.24034251841361,17.3681584018422,1.67047987976559,2.88391550956979,9.22814272197753,1.94271190500748,33.1044097688409,1.04982608084045,4.20410898483727,1.94271190500748,0.96177920511458,13.156343989949,2.28928505140057,159.388129062492,3.05487913614068,28.1771530822911,48.503502796243,0.553161598293565,0.867751331011925,3.84597475099246,1.190529329971,9.95668752576715,4.96458330464014,7.29042744023861,1.31970907292651,11.52624506119,0.553161598293565,36.3406072018728,4.74239365055331,205.067621060526,12.0553423955166,6.82290646338208,25.8954723958585,5.22831937250577,19.9472915201322,15.1932978333064,1.67047987976559,3.45126001259571,38.927701358681,21.5995714105501,0.769927432879845,2.71447251282818,44.5483052547133,0.553161598293565,4.46352556082406,16.1796092335874
"397",17.3681584018422,3.05487913614068,1.27840429788924,38.927701358681,7.44883786106068,6.2723666958758,9.04232419071041,2.71447251282818,97.0625575138342,5.51487580437682,7.13201701941655,27.0363127390748,12.6172792465738,11.7907937283533,18.5644608399541,0.867751331011925,6.82290646338208,9.04232419071041,69.5499794887768,4.96458330464014,159.388129062492,3.63283891731546,30.6000707500781,7.86816260372024,48.503502796243,8.35553977483831,0.96177920511458,5.73642760410221,55.1740196628425,33.1044097688409,112.623312894333,2.55076986042069,1.58974917508145,4.10865524066969,4.63879392207586,1.67047987976559,15.1932978333064,2.15726327286501,6.54538020331309,5.97001860499963,1.94271190500748,21.5995714105501,1.04982608084045,4.10865524066969,3.45126001259571,1.27840429788924,14.2671516592589,2.34147055581041,205.067621060526,1.74879903774872,19.9472915201322,36.3406072018728,2.88391550956979,0.439273305117087,3.84597475099246,1.27840429788924,4.63879392207586,4.3918569280497,10.3622013541374,0.769927432879845,13.156343989949,0.439273305117087,41.9818765036186,8.35553977483831,138.042326340172,11.0527784636366,9.75896591817031,27.0363127390748,1.94271190500748,23.5245761771833,11.7907937283533,1.27840429788924,2.34147055581041,81.2100889267569,16.1796092335874,0.654286680654326,5.22831937250577,44.5483052547133,1.49154567867187,3.24034251841361,9.75896591817031
"403",9.95668752576715,1.23709952285198,1.58974917508145,25.8954723958585,6.2723666958758,4.74239365055331,7.86816260372024,0.914765268063253,81.2100889267569,6.97746174139931,12.6172792465738,22.5620737938667,4.53519419359842,8.85650565944329,13.156343989949,3.05487913614068,8.50689536993188,7.44883786106068,55.1740196628425,6.97746174139931,159.388129062492,8.20418417974474,38.927701358681,11.0527784636366,138.042326340172,9.56124431057348,0.712107056767086,4.96458330464014,69.5499794887768,48.503502796243,112.623312894333,2.88391550956979,3.54204946495559,3.24034251841361,4.29798295644348,5.73642760410221,17.3681584018422,1.70963945875715,4.01320149650212,14.2671516592589,1.70963945875715,28.1771530822911,2.39365606022026,5.22831937250577,0.553161598293565,1.31970907292651,12.0553423955166,1.87318990968108,97.0625575138342,2.01223390033388,30.6000707500781,44.5483052547133,0.712107056767086,1.09689260896523,5.51487580437682,1.40136803515017,6.54538020331309,3.84597475099246,5.97001860499963,2.28928505140057,9.22814272197753,0.325385011940608,33.1044097688409,2.15726327286501,205.067621060526,10.3622013541374,16.1796092335874,18.5644608399541,3.54204946495559,15.1932978333064,22.5620737938667,1.49154567867187,2.63262118662443,41.9818765036186,19.9472915201322,1.09689260896523,2.63262118662443,36.3406072018728,0.914765268063253,4.29798295644348,11.52624506119
"411",8.85650565944329,0.96177920511458,1.54064742687666,33.1044097688409,6.54538020331309,7.13201701941655,8.20418417974474,0.603724139473946,97.0625575138342,9.56124431057348,15.1932978333064,16.1796092335874,14.2671516592589,9.95668752576715,11.52624506119,4.53519419359842,9.22814272197753,7.44883786106068,44.5483052547133,5.51487580437682,205.067621060526,1.31970907292651,48.503502796243,19.9472915201322,138.042326340172,12.0553423955166,0.603724139473946,4.01320149650212,55.1740196628425,28.1771530822911,159.388129062492,2.55076986042069,5.97001860499963,4.29798295644348,5.73642760410221,4.29798295644348,13.156343989949,0.818839381945885,3.84597475099246,8.50689536993188,2.28928505140057,25.8954723958585,2.88391550956979,3.63283891731546,1.54064742687666,1.8109944737149,12.6172792465738,3.24034251841361,69.5499794887768,1.14395913709002,23.5245761771833,81.2100889267569,1.23709952285198,0.325385011940608,6.82290646338208,1.67047987976559,5.22831937250577,2.08474858659945,4.85348847759673,2.71447251282818,11.0527784636366,1.40136803515017,38.927701358681,3.05487913614068,112.623312894333,10.3622013541374,18.5644608399541,30.6000707500781,3.45126001259571,21.5995714105501,17.3681584018422,0.818839381945885,1.8109944737149,36.3406072018728,6.2723666958758,1.04982608084045,2.08474858659945,41.9818765036186,2.39365606022026,4.85348847759673,7.86816260372024
"416",17.3681584018422,1.70963945875715,2.55076986042069,44.5483052547133,7.86816260372024,11.52624506119,9.22814272197753,0.867751331011925,81.2100889267569,8.85650565944329,15.1932978333064,23.5245761771833,21.5995714105501,10.3622013541374,14.2671516592589,0.325385011940608,6.82290646338208,8.20418417974474,48.503502796243,3.24034251841361,205.067621060526,4.20410898483727,18.5644608399541,4.01320149650212,55.1740196628425,9.56124431057348,1.14395913709002,6.2723666958758,97.0625575138342,36.3406072018728,138.042326340172,2.15726327286501,2.71447251282818,5.09645133857295,7.13201701941655,1.54064742687666,12.6172792465738,2.39365606022026,4.53519419359842,6.54538020331309,1.40136803515017,25.8954723958585,1.87318990968108,5.97001860499963,1.04982608084045,2.15726327286501,16.1796092335874,1.27840429788924,112.623312894333,1.70963945875715,30.6000707500781,69.5499794887768,0.867751331011925,1.27840429788924,5.62565170423951,0.654286680654326,3.45126001259571,3.63283891731546,5.62565170423951,1.54064742687666,13.156343989949,2.15726327286501,38.927701358681,3.84597475099246,159.388129062492,8.50689536993188,7.44883786106068,19.9472915201322,4.3918569280497,28.1771530822911,11.0527784636366,0.867751331011925,2.88391550956979,41.9818765036186,9.95668752576715,0.553161598293565,4.74239365055331,33.1044097688409,3.05487913614068,5.09645133857295,12.0553423955166
"417",17.3681584018422,0.96177920511458,1.49154567867187,36.3406072018728,9.56124431057348,4.01320149650212,11.0527784636366,0.654286680654326,97.0625575138342,6.82290646338208,11.52624506119,19.9472915201322,23.5245761771833,12.0553423955166,16.1796092335874,1.63011452742352,6.12119265043772,7.44883786106068,48.503502796243,4.3918569280497,205.067621060526,2.88391550956979,33.1044097688409,7.13201701941655,81.2100889267569,9.95668752576715,1.63011452742352,7.86816260372024,69.5499794887768,30.6000707500781,112.623312894333,1.94271190500748,3.24034251841361,5.62565170423951,5.22831937250577,1.94271190500748,14.2671516592589,2.15726327286501,6.54538020331309,12.6172792465738,0.769927432879845,28.1771530822911,1.74879903774872,3.84597475099246,2.28928505140057,5.62565170423951,10.3622013541374,3.05487913614068,138.042326340172,1.36053855403834,18.5644608399541,55.1740196628425,0.96177920511458,0.96177920511458,4.53519419359842,1.36053855403834,6.12119265043772,4.20410898483727,8.20418417974474,4.85348847759673,15.1932978333064,0.439273305117087,38.927701358681,2.55076986042069,159.388129062492,8.50689536993188,9.22814272197753,21.5995714105501,3.45126001259571,25.8954723958585,8.85650565944329,1.190529329971,2.39365606022026,41.9818765036186,13.156343989949,0.439273305117087,3.63283891731546,44.5483052547133,1.190529329971,2.71447251282818,4.85348847759673
"419",17.9663096208981,1.23709952285198,1.40136803515017,33.1044097688409,5.73642760410221,5.97001860499963,17.9663096208981,0.867751331011925,138.042326340172,4.74239365055331,6.2723666958758,14.2671516592589,10.3622013541374,16.1796092335874,12.0553423955166,0.96177920511458,7.86816260372024,8.68170051468758,48.503502796243,5.22831937250577,205.067621060526,3.63283891731546,55.1740196628425,11.52624506119,97.0625575138342,28.1771530822911,1.31970907292651,7.44883786106068,44.5483052547133,25.8954723958585,159.388129062492,3.34580126550466,4.96458330464014,4.53519419359842,2.88391550956979,6.54538020331309,11.0527784636366,1.09689260896523,7.13201701941655,9.22814272197753,2.15726327286501,38.927701358681,4.01320149650212,3.05487913614068,1.74879903774872,4.3918569280497,9.95668752576715,3.34580126550466,81.2100889267569,1.67047987976559,23.5245761771833,69.5499794887768,0.553161598293565,0.769927432879845,4.20410898483727,1.49154567867187,6.82290646338208,2.39365606022026,5.51487580437682,1.58974917508145,9.56124431057348,0.654286680654326,36.3406072018728,3.84597475099246,112.623312894333,8.20418417974474,12.6172792465738,21.5995714105501,2.71447251282818,15.1932978333064,13.156343989949,1.09689260896523,2.55076986042069,30.6000707500781,19.9472915201322,0.325385011940608,1.87318990968108,41.9818765036186,2.01223390033388,2.28928505140057,8.68170051468758
"420",6.54538020331309,1.14395913709002,1.87318990968108,30.6000707500781,6.82290646338208,9.56124431057348,10.1594444399523,2.34147055581041,81.2100889267569,3.84597475099246,4.3918569280497,16.1796092335874,7.13201701941655,10.1594444399523,19.9472915201322,2.34147055581041,8.50689536993188,5.73642760410221,55.1740196628425,4.96458330464014,112.623312894333,4.10865524066969,33.1044097688409,12.6172792465738,205.067621060526,9.22814272197753,1.14395913709002,4.53519419359842,69.5499794887768,28.1771530822911,138.042326340172,4.10865524066969,2.96939732285523,5.51487580437682,3.34580126550466,2.71447251282818,18.5644608399541,1.54064742687666,7.44883786106068,12.0553423955166,3.34580126550466,38.927701358681,1.14395913709002,5.22831937250577,0.553161598293565,1.36053855403834,21.5995714105501,2.34147055581041,97.0625575138342,1.74879903774872,36.3406072018728,48.503502796243,0.325385011940608,0.867751331011925,5.97001860499963,1.67047987976559,8.85650565944329,2.96939732285523,3.63283891731546,1.36053855403834,7.86816260372024,0.96177920511458,44.5483052547133,2.01223390033388,159.388129062492,11.0527784636366,13.156343989949,25.8954723958585,4.74239365055331,11.52624506119,15.1932978333064,1.54064742687666,2.34147055581041,41.9818765036186,17.3681584018422,0.712107056767086,6.2723666958758,23.5245761771833,0.712107056767086,8.20418417974474,14.2671516592589
"428",10.3622013541374,1.67047987976559,1.31970907292651,48.503502796243,8.50689536993188,6.82290646338208,12.6172792465738,0.553161598293565,138.042326340172,6.54538020331309,8.03617339173249,30.6000707500781,14.2671516592589,17.3681584018422,18.5644608399541,1.04982608084045,5.51487580437682,9.95668752576715,44.5483052547133,2.71447251282818,205.067621060526,2.28928505140057,36.3406072018728,8.03617339173249,69.5499794887768,12.0553423955166,1.40136803515017,2.55076986042069,97.0625575138342,38.927701358681,159.388129062492,1.23709952285198,2.01223390033388,3.92958812374729,4.3918569280497,4.20410898483727,13.156343989949,0.96177920511458,5.97001860499963,6.2723666958758,1.74879903774872,21.5995714105501,1.87318990968108,4.53519419359842,3.92958812374729,3.63283891731546,9.22814272197753,3.34580126550466,81.2100889267569,0.867751331011925,16.1796092335874,41.9818765036186,0.654286680654326,0.325385011940608,3.34580126550466,1.49154567867187,3.05487913614068,4.74239365055331,9.56124431057348,5.73642760410221,19.9472915201322,2.15726327286501,25.8954723958585,1.58974917508145,112.623312894333,7.44883786106068,8.85650565944329,28.1771530822911,2.88391550956979,23.5245761771833,11.52624506119,0.769927432879845,4.96458330464014,55.1740196628425,15.1932978333064,1.14395913709002,5.22831937250577,33.1044097688409,2.39365606022026,7.13201701941655,11.0527784636366
"437",16.1796092335874,3.24034251841361,1.58974917508145,44.5483052547133,9.56124431057348,3.92958812374729,5.51487580437682,2.39365606022026,38.927701358681,6.54538020331309,14.2671516592589,19.2558761800432,13.156343989949,9.22814272197753,15.1932978333064,1.09689260896523,3.63283891731546,11.0527784636366,97.0625575138342,3.92958812374729,159.388129062492,4.53519419359842,21.5995714105501,5.22831937250577,36.3406072018728,7.13201701941655,1.49154567867187,8.35553977483831,81.2100889267569,23.5245761771833,112.623312894333,1.31970907292651,1.74879903774872,4.20410898483727,6.82290646338208,0.96177920511458,12.0553423955166,2.15726327286501,7.86816260372024,8.35553977483831,1.74879903774872,28.1771530822911,0.769927432879845,5.97001860499963,2.63262118662443,2.63262118662443,19.2558761800432,3.05487913614068,205.067621060526,1.31970907292651,41.9818765036186,33.1044097688409,2.15726327286501,1.31970907292651,6.2723666958758,0.769927432879845,4.96458330464014,4.74239365055331,7.44883786106068,2.15726327286501,10.3622013541374,1.09689260896523,55.1740196628425,1.74879903774872,138.042326340172,11.52624506119,8.85650565944329,25.8954723958585,3.45126001259571,30.6000707500781,12.6172792465738,0.769927432879845,2.88391550956979,69.5499794887768,17.3681584018422,0.325385011940608,5.73642760410221,48.503502796243,0.553161598293565,4.3918569280497,9.95668752576715
"451",8.50689536993188,0.96177920511458,2.28928505140057,44.5483052547133,6.2723666958758,7.44883786106068,7.13201701941655,0.325385011940608,69.5499794887768,3.05487913614068,9.95668752576715,18.5644608399541,4.53519419359842,16.1796092335874,8.20418417974474,2.39365606022026,11.52624506119,8.85650565944329,81.2100889267569,5.22831937250577,205.067621060526,6.68414333334758,48.503502796243,12.6172792465738,159.388129062492,9.22814272197753,0.769927432879845,5.73642760410221,55.1740196628425,21.5995714105501,112.623312894333,4.01320149650212,1.94271190500748,3.34580126550466,3.84597475099246,12.0553423955166,14.2671516592589,1.14395913709002,7.86816260372024,11.0527784636366,2.15726327286501,28.1771530822911,1.70963945875715,4.29798295644348,1.04982608084045,1.54064742687666,13.156343989949,1.70963945875715,97.0625575138342,2.63262118662443,33.1044097688409,41.9818765036186,1.31970907292651,0.867751331011925,5.51487580437682,1.40136803515017,6.68414333334758,3.63283891731546,3.34580126550466,2.63262118662443,4.29798295644348,0.654286680654326,38.927701358681,5.97001860499963,138.042326340172,10.3622013541374,17.3681584018422,23.5245761771833,4.96458330464014,25.8954723958585,19.9472915201322,1.54064742687666,1.94271190500748,30.6000707500781,15.1932978333064,1.23709952285198,4.74239365055331,36.3406072018728,0.553161598293565,2.88391550956979,9.56124431057348
"459",9.56124431057348,1.44645685691102,2.28928505140057,41.9818765036186,5.73642760410221,4.46352556082406,10.3622013541374,0.439273305117087,48.503502796243,7.86816260372024,11.0527784636366,25.8954723958585,17.3681584018422,12.6172792465738,19.9472915201322,2.15726327286501,7.44883786106068,8.85650565944329,55.1740196628425,3.63283891731546,205.067621060526,3.92958812374729,30.6000707500781,7.13201701941655,97.0625575138342,9.95668752576715,1.67047987976559,3.24034251841361,81.2100889267569,33.1044097688409,159.388129062492,1.67047987976559,1.14395913709002,3.92958812374729,3.05487913614068,1.27840429788924,13.156343989949,1.44645685691102,5.97001860499963,6.40887344959445,1.67047987976559,23.5245761771833,1.87318990968108,5.22831937250577,2.55076986042069,4.74239365055331,14.2671516592589,2.01223390033388,138.042326340172,0.818839381945885,28.1771530822911,69.5499794887768,1.04982608084045,0.818839381945885,5.51487580437682,1.27840429788924,4.96458330464014,3.45126001259571,6.82290646338208,4.46352556082406,15.1932978333064,0.439273305117087,36.3406072018728,9.22814272197753,112.623312894333,6.40887344959445,12.0553423955166,21.5995714105501,2.71447251282818,18.5644608399541,11.52624506119,0.96177920511458,2.39365606022026,44.5483052547133,16.1796092335874,0.654286680654326,4.20410898483727,38.927701358681,8.50689536993188,2.88391550956979,8.20418417974474
"473",12.0553423955166,1.67047987976559,2.47221296032047,38.927701358681,8.20418417974474,12.6172792465738,9.75896591817031,0.603724139473946,112.623312894333,4.74239365055331,13.156343989949,19.9472915201322,9.22814272197753,14.2671516592589,15.1932978333064,0.867751331011925,7.13201701941655,6.2723666958758,48.503502796243,2.79919401119898,205.067621060526,5.51487580437682,33.1044097688409,8.85650565944329,159.388129062492,11.0527784636366,1.190529329971,6.54538020331309,97.0625575138342,55.1740196628425,81.2100889267569,2.28928505140057,1.87318990968108,3.45126001259571,3.14761082727714,4.46352556082406,17.3681584018422,0.325385011940608,5.73642760410221,5.97001860499963,1.87318990968108,28.1771530822911,1.54064742687666,2.79919401119898,1.54064742687666,4.96458330464014,16.1796092335874,1.87318990968108,69.5499794887768,0.603724139473946,23.5245761771833,30.6000707500781,0.769927432879845,0.96177920511458,3.63283891731546,1.40136803515017,4.20410898483727,3.84597475099246,5.22831937250577,2.15726327286501,21.5995714105501,1.190529329971,41.9818765036186,11.52624506119,138.042326340172,6.82290646338208,9.75896591817031,18.5644608399541,3.14761082727714,25.8954723958585,7.44883786106068,1.190529329971,4.46352556082406,36.3406072018728,10.3622013541374,1.190529329971,4.01320149650212,44.5483052547133,2.47221296032047,7.86816260372024,8.50689536993188
"477",12.6172792465738,1.40136803515017,1.94271190500748,41.9818765036186,5.22831937250577,4.46352556082406,5.97001860499963,1.00580264297751,55.1740196628425,4.20410898483727,11.2895117624133,17.9663096208981,7.29042744023861,9.95668752576715,17.9663096208981,2.63262118662443,6.2723666958758,7.29042744023861,97.0625575138342,3.45126001259571,159.388129062492,3.84597475099246,38.927701358681,11.2895117624133,81.2100889267569,8.20418417974474,1.23709952285198,9.56124431057348,69.5499794887768,23.5245761771833,112.623312894333,3.05487913614068,2.88391550956979,9.22814272197753,3.63283891731546,2.22327416213279,19.9472915201322,1.00580264297751,7.86816260372024,8.50689536993188,3.24034251841361,21.5995714105501,2.39365606022026,4.01320149650212,1.14395913709002,2.63262118662443,14.2671516592589,1.58974917508145,205.067621060526,1.58974917508145,36.3406072018728,44.5483052547133,1.74879903774872,0.769927432879845,6.68414333334758,1.58974917508145,6.68414333334758,4.46352556082406,5.62565170423951,2.22327416213279,16.1796092335874,0.769927432879845,48.503502796243,1.31970907292651,138.042326340172,13.156343989949,12.0553423955166,33.1044097688409,4.74239365055331,25.8954723958585,15.1932978333064,0.769927432879845,1.94271190500748,28.1771530822911,10.3622013541374,0.553161598293565,5.62565170423951,30.6000707500781,0.325385011940608,4.96458330464014,8.85650565944329
"484",6.97746174139931,2.71447251282818,1.40136803515017,44.5483052547133,7.86816260372024,5.97001860499963,4.85348847759673,0.96177920511458,69.5499794887768,9.95668752576715,13.156343989949,16.1796092335874,12.0553423955166,12.6172792465738,19.9472915201322,1.87318990968108,8.20418417974474,9.22814272197753,81.2100889267569,4.29798295644348,205.067621060526,5.22831937250577,28.1771530822911,11.52624506119,97.0625575138342,6.54538020331309,0.553161598293565,4.85348847759673,48.503502796243,23.5245761771833,112.623312894333,2.88391550956979,2.55076986042069,3.45126001259571,5.51487580437682,2.28928505140057,10.3622013541374,1.49154567867187,9.56124431057348,5.97001860499963,1.87318990968108,25.8954723958585,1.87318990968108,4.01320149650212,1.09689260896523,1.63011452742352,21.5995714105501,2.28928505140057,138.042326340172,2.28928505140057,33.1044097688409,36.3406072018728,1.31970907292651,1.09689260896523,6.97746174139931,0.867751331011925,5.97001860499963,3.84597475099246,7.44883786106068,4.29798295644348,11.0527784636366,0.325385011940608,55.1740196628425,3.24034251841361,159.388129062492,15.1932978333064,8.85650565944329,18.5644608399541,3.05487913614068,30.6000707500781,14.2671516592589,1.23709952285198,1.63011452742352,41.9818765036186,17.3681584018422,0.654286680654326,4.53519419359842,38.927701358681,0.769927432879845,3.63283891731546,8.50689536993188
"497",9.04232419071041,1.67047987976559,1.27840429788924,30.6000707500781,6.2723666958758,3.63283891731546,13.156343989949,1.04982608084045,112.623312894333,5.09645133857295,11.52624506119,16.1796092335874,18.5644608399541,14.2671516592589,4.74239365055331,1.87318990968108,9.04232419071041,8.20418417974474,48.503502796243,4.20410898483727,159.388129062492,7.44883786106068,38.927701358681,9.95668752576715,81.2100889267569,21.5995714105501,0.654286680654326,5.97001860499963,55.1740196628425,36.3406072018728,205.067621060526,3.63283891731546,1.14395913709002,2.96939732285523,2.39365606022026,7.44883786106068,9.56124431057348,1.27840429788924,5.09645133857295,8.50689536993188,2.39365606022026,23.5245761771833,1.40136803515017,3.24034251841361,1.49154567867187,2.39365606022026,10.3622013541374,3.63283891731546,138.042326340172,2.71447251282818,28.1771530822911,69.5499794887768,0.867751331011925,1.67047987976559,5.51487580437682,1.67047987976559,7.44883786106068,2.96939732285523,4.46352556082406,6.54538020331309,15.1932978333064,0.325385011940608,41.9818765036186,4.46352556082406,97.0625575138342,11.0527784636366,12.6172792465738,25.8954723958585,2.15726327286501,19.9472915201322,12.0553423955166,0.96177920511458,2.01223390033388,33.1044097688409,17.3681584018422,0.769927432879845,4.01320149650212,44.5483052547133,0.553161598293565,6.82290646338208,5.73642760410221
"509",12.0553423955166,2.28928505140057,1.87318990968108,38.927701358681,11.0527784636366,3.63283891731546,10.3622013541374,1.04982608084045,55.1740196628425,3.05487913614068,11.52624506119,25.8954723958585,6.12119265043772,8.03617339173249,18.5644608399541,2.55076986042069,5.73642760410221,12.6172792465738,97.0625575138342,4.46352556082406,138.042326340172,5.22831937250577,19.9472915201322,7.29042744023861,41.9818765036186,8.50689536993188,2.28928505140057,3.34580126550466,81.2100889267569,21.5995714105501,112.623312894333,2.28928505140057,0.867751331011925,3.92958812374729,4.85348847759673,1.27840429788924,17.3681584018422,1.87318990968108,9.56124431057348,5.51487580437682,3.34580126550466,28.1771530822911,1.04982608084045,4.85348847759673,1.44645685691102,0.325385011940608,16.1796092335874,2.88391550956979,205.067621060526,4.20410898483727,36.3406072018728,9.04232419071041,1.44645685691102,1.27840429788924,7.29042744023861,1.87318990968108,8.03617339173249,6.12119265043772,6.54538020331309,1.04982608084045,13.156343989949,0.654286680654326,69.5499794887768,2.71447251282818,159.388129062492,14.2671516592589,9.04232419071041,33.1044097688409,3.92958812374729,30.6000707500781,9.95668752576715,1.63011452742352,1.63011452742352,44.5483052547133,23.5245761771833,0.654286680654326,4.46352556082406,48.503502796243,0.654286680654326,6.82290646338208,15.1932978333064
"515",15.1932978333064,2.01223390033388,1.40136803515017,38.927701358681,7.44883786106068,4.53519419359842,11.52624506119,0.654286680654326,159.388129062492,8.50689536993188,17.3681584018422,21.5995714105501,9.22814272197753,13.156343989949,16.1796092335874,2.28928505140057,6.82290646338208,7.13201701941655,48.503502796243,4.10865524066969,205.067621060526,2.88391550956979,41.9818765036186,10.3622013541374,97.0625575138342,11.0527784636366,0.769927432879845,4.96458330464014,81.2100889267569,44.5483052547133,112.623312894333,2.39365606022026,2.55076986042069,3.05487913614068,3.45126001259571,4.10865524066969,14.2671516592589,0.96177920511458,6.54538020331309,7.86816260372024,1.70963945875715,25.8954723958585,1.40136803515017,4.3918569280497,1.87318990968108,4.74239365055331,8.85650565944329,2.71447251282818,69.5499794887768,1.58974917508145,28.1771530822911,55.1740196628425,0.325385011940608,0.867751331011925,5.3715975884413,1.40136803515017,6.2723666958758,3.73940683415396,5.3715975884413,5.97001860499963,18.5644608399541,1.23709952285198,30.6000707500781,0.553161598293565,138.042326340172,8.20418417974474,9.95668752576715,23.5245761771833,2.15726327286501,19.9472915201322,12.6172792465738,1.70963945875715,3.73940683415396,36.3406072018728,12.0553423955166,1.14395913709002,3.24034251841361,33.1044097688409,1.04982608084045,5.73642760410221,9.56124431057348
"516",14.2671516592589,1.190529329971,1.87318990968108,38.927701358681,8.20418417974474,8.85650565944329,11.52624506119,1.31970907292651,138.042326340172,13.156343989949,15.1932978333064,21.5995714105501,12.0553423955166,16.1796092335874,10.3622013541374,1.67047987976559,7.86816260372024,7.13201701941655,44.5483052547133,4.20410898483727,205.067621060526,2.63262118662443,48.503502796243,12.6172792465738,97.0625575138342,9.22814272197753,0.867751331011925,2.88391550956979,69.5499794887768,41.9818765036186,112.623312894333,3.92958812374729,4.96458330464014,3.63283891731546,3.24034251841361,5.22831937250577,9.95668752576715,1.74879903774872,4.53519419359842,7.44883786106068,0.96177920511458,23.5245761771833,2.34147055581041,3.05487913614068,1.04982608084045,2.01223390033388,9.56124431057348,2.34147055581041,81.2100889267569,1.40136803515017,28.1771530822911,55.1740196628425,0.553161598293565,0.325385011940608,4.3918569280497,1.190529329971,4.74239365055331,3.92958812374729,5.51487580437682,5.97001860499963,18.5644608399541,0.769927432879845,30.6000707500781,2.15726327286501,159.388129062492,6.2723666958758,8.50689536993188,25.8954723958585,2.63262118662443,19.9472915201322,11.0527784636366,1.58974917508145,5.73642760410221,36.3406072018728,17.3681584018422,0.654286680654326,3.45126001259571,33.1044097688409,1.49154567867187,6.82290646338208,6.54538020331309
"521",9.95668752576715,3.05487913614068,1.67047987976559,44.5483052547133,8.85650565944329,5.97001860499963,11.7907937283533,0.914765268063253,112.623312894333,7.29042744023861,9.22814272197753,19.9472915201322,11.0527784636366,11.7907937283533,12.6172792465738,0.769927432879845,8.03617339173249,6.82290646338208,69.5499794887768,4.20410898483727,205.067621060526,5.22831937250577,30.6000707500781,7.29042744023861,55.1740196628425,8.03617339173249,1.14395913709002,4.3918569280497,81.2100889267569,33.1044097688409,97.0625575138342,2.88391550956979,1.74879903774872,3.45126001259571,4.74239365055331,2.55076986042069,15.1932978333064,1.40136803515017,5.73642760410221,8.50689536993188,2.34147055581041,28.1771530822911,1.04982608084045,4.96458330464014,1.58974917508145,1.27840429788924,16.1796092335874,2.71447251282818,138.042326340172,2.15726327286501,25.8954723958585,36.3406072018728,1.27840429788924,2.34147055581041,5.51487580437682,1.49154567867187,6.2723666958758,4.53519419359842,6.54538020331309,1.94271190500748,17.3681584018422,0.603724139473946,41.9818765036186,3.84597475099246,159.388129062492,9.56124431057348,10.3622013541374,23.5245761771833,3.24034251841361,21.5995714105501,13.156343989949,0.914765268063253,1.94271190500748,48.503502796243,18.5644608399541,0.325385011940608,4.01320149650212,38.927701358681,0.603724139473946,3.63283891731546,14.2671516592589
"523",14.2671516592589,1.14395913709002,0.96177920511458,41.9818765036186,6.54538020331309,5.51487580437682,15.1932978333064,1.04982608084045,159.388129062492,7.13201701941655,10.3622013541374,33.1044097688409,11.52624506119,27.0363127390748,8.20418417974474,2.28928505140057,6.82290646338208,9.22814272197753,38.927701358681,2.88391550956979,138.042326340172,4.46352556082406,44.5483052547133,8.50689536993188,97.0625575138342,13.156343989949,0.325385011940608,2.55076986042069,81.2100889267569,36.3406072018728,205.067621060526,1.94271190500748,4.46352556082406,4.20410898483727,2.71447251282818,5.73642760410221,12.0553423955166,1.67047987976559,5.22831937250577,4.96458330464014,1.49154567867187,23.5245761771833,0.603724139473946,1.94271190500748,3.84597475099246,3.14761082727714,9.75896591817031,3.45126001259571,69.5499794887768,1.58974917508145,21.5995714105501,48.503502796243,0.769927432879845,0.603724139473946,4.01320149650212,2.39365606022026,4.74239365055331,3.63283891731546,6.2723666958758,7.44883786106068,16.1796092335874,1.27840429788924,17.3681584018422,0.867751331011925,112.623312894333,8.85650565944329,5.97001860499963,19.9472915201322,1.74879903774872,30.6000707500781,11.0527784636366,2.15726327286501,7.86816260372024,55.1740196628425,27.0363127390748,1.27840429788924,3.14761082727714,18.5644608399541,1.40136803515017,9.75896591817031,12.6172792465738
