"","row","col","weight"
"1","ENSG00000243649","ENSG00000149131",0.94140910894965
"2","ENSG00000203747","ENSG00000143226",0.932407770527552
"3","ENSG00000182326","ENSG00000069535",0.93216835221033
"4","ENSG00000069535","ENSG00000116183",0.92916928527252
"5","ENSG00000204287","ENSG00000231389",0.924307078367684
"6","ENSG00000135926","ENSG00000273259",0.917584919205076
"7","ENSG00000159403","ENSG00000131095",0.917108644670949
"8","ENSG00000181804","ENSG00000069535",0.91577885996235
"9","ENSG00000159403","ENSG00000149131",0.908888038500873
"10","ENSG00000182326","ENSG00000149131",0.906529236640641
"11","ENSG00000182326","ENSG00000243649",0.906460064626611
"12","ENSG00000205403","ENSG00000079215",0.904386265213819
"13","ENSG00000203747","ENSG00000162511",0.903940087198554
"14","ENSG00000243649","ENSG00000180638",0.90246567345499
"15","ENSG00000138193","ENSG00000079215",0.901546919755366
"16","ENSG00000182326","ENSG00000204381",0.898933894099937
"17","ENSG00000069535","ENSG00000135046",0.898360370495887
"18","ENSG00000125730","ENSG00000159403",0.897125049773568
"19","ENSG00000125730","ENSG00000149131",0.896054218559734
"20","ENSG00000204287","ENSG00000203747",0.895585272421111
"21","ENSG00000166710","ENSG00000204287",0.895414720748852
"22","ENSG00000149131","ENSG00000140931",0.89367801048752
"23","ENSG00000204287","ENSG00000110077",0.893561906355339
"24","ENSG00000110077","ENSG00000165168",0.891589607977021
"25","ENSG00000162511","ENSG00000143226",0.891525764588935
"26","ENSG00000149131","ENSG00000180638",0.891194390780462
"27","ENSG00000182326","ENSG00000204287",0.889937104496203
"28","ENSG00000149131","ENSG00000069535",0.88948412284377
"29","ENSG00000125730","ENSG00000128262",0.889218462617736
"30","ENSG00000243649","ENSG00000116183",0.888581522394428
"31","ENSG00000242574","ENSG00000204257",0.887994658968586
"32","ENSG00000182326","ENSG00000135046",0.887558134466872
"33","ENSG00000182326","ENSG00000116183",0.887507788798438
"34","ENSG00000125730","ENSG00000166278",0.887260277338483
"35","ENSG00000110077","ENSG00000204472",0.887138412242496
"36","ENSG00000204287","ENSG00000204472",0.886307321337542
"37","ENSG00000182326","ENSG00000181804",0.886208479007563
"38","ENSG00000182326","ENSG00000159403",0.885026628124105
"39","ENSG00000243649","ENSG00000159403",0.884915280649084
"40","ENSG00000114013","ENSG00000143226",0.884086405037163
"41","ENSG00000164761","ENSG00000135046",0.883033865071254
"42","ENSG00000166710","ENSG00000203747",0.882958547417698
"43","ENSG00000069535","ENSG00000204381",0.882937598858064
"44","ENSG00000153029","ENSG00000069535",0.882368138055136
"45","ENSG00000204287","ENSG00000171860",0.881713802961379
"46","ENSG00000181804","ENSG00000116183",0.881450280874778
"47","ENSG00000243649","ENSG00000069535",0.880479488019237
"48","ENSG00000019582","ENSG00000140931",0.880424407446576
"49","ENSG00000181804","ENSG00000135046",0.880398892132567
"50","ENSG00000019582","ENSG00000223865",0.879073107377295
"51","ENSG00000204287","ENSG00000069535",0.878777727882011
"52","ENSG00000153029","ENSG00000149131",0.878092267090122
"53","ENSG00000204381","ENSG00000135046",0.87764069316081
"54","ENSG00000110077","ENSG00000171860",0.877040997850445
"55","ENSG00000149131","ENSG00000019582",0.876375096011084
"56","ENSG00000114013","ENSG00000203747",0.876324510177098
"57","ENSG00000149131","ENSG00000166278",0.875538755441694
"58","ENSG00000204287","ENSG00000106066",0.873010298410958
"59","ENSG00000135046","ENSG00000150687",0.872569769846149
"60","ENSG00000182326","ENSG00000153029",0.872317602969586
"61","ENSG00000125730","ENSG00000140931",0.870780465372908
"62","ENSG00000181804","ENSG00000079215",0.87045747866793
"63","ENSG00000204287","ENSG00000162511",0.870337976308614
"64","ENSG00000125730","ENSG00000019582",0.870295264848127
"65","ENSG00000204472","ENSG00000148908",0.870178756576175
"66","ENSG00000110077","ENSG00000110079",0.870152134975062
"67","ENSG00000159403","ENSG00000139178",0.868917054341714
"68","ENSG00000204287","ENSG00000148908",0.868903705879263
"69","ENSG00000159403","ENSG00000273259",0.868832830324208
"70","ENSG00000159403","ENSG00000019582",0.868488932422834
"71","ENSG00000243649","ENSG00000166278",0.867566343081577
"72","ENSG00000164761","ENSG00000069535",0.867295313988616
"73","ENSG00000163453","ENSG00000069535",0.866144707638615
"74","ENSG00000110077","ENSG00000203747",0.865611977115694
"75","ENSG00000159403","ENSG00000135926",0.86513245929727
"76","ENSG00000204287","ENSG00000111348",0.86338032292703
"77","ENSG00000204264","ENSG00000240065",0.863376021070534
"78","ENSG00000111348","ENSG00000110077",0.86334770971632
"79","ENSG00000182326","ENSG00000203747",0.863327418261626
"80","ENSG00000181804","ENSG00000169432",0.862528750205217
"81","ENSG00000162511","ENSG00000120708",0.86234950626137
"82","ENSG00000069535","ENSG00000079215",0.86188246121206
"83","ENSG00000125730","ENSG00000108846",0.861480067372716
"84","ENSG00000143226","ENSG00000120708",0.861283831854524
"85","ENSG00000182326","ENSG00000082074",0.861209802213118
"86","ENSG00000196187","ENSG00000149451",0.861155872457805
"87","ENSG00000163453","ENSG00000106066",0.860508222436395
"88","ENSG00000153029","ENSG00000129675",0.860140269444573
"89","ENSG00000240065","ENSG00000168394",0.859617160935904
"90","ENSG00000153029","ENSG00000204287",0.859082274456005
"91","ENSG00000159403","ENSG00000108846",0.858908074834812
"92","ENSG00000069535","ENSG00000205403",0.858514068725646
"93","ENSG00000069535","ENSG00000188404",0.858205416242901
"94","ENSG00000128262","ENSG00000108846",0.858087636740964
"95","ENSG00000128262","ENSG00000143768",0.85796398981717
"96","ENSG00000069535","ENSG00000151322",0.857299028071994
"97","ENSG00000182326","ENSG00000112936",0.856873347465307
"98","ENSG00000204287","ENSG00000143226",0.856830707125934
"99","ENSG00000111348","ENSG00000204472",0.856780052030493
"100","ENSG00000079931","ENSG00000169432",0.856474114366581
"101","ENSG00000019582","ENSG00000100055",0.856023537261702
"102","ENSG00000206503","ENSG00000204642",0.855873835204183
"103","ENSG00000069535","ENSG00000129675",0.855767801951241
"104","ENSG00000204287","ENSG00000082074",0.855719392618905
"105","ENSG00000125730","ENSG00000144810",0.855656935915938
"106","ENSG00000069535","ENSG00000106066",0.855517950412231
"107","ENSG00000181804","ENSG00000151322",0.854624698913479
"108","ENSG00000159403","ENSG00000144810",0.854462076011404
"109","ENSG00000171860","ENSG00000162511",0.854447280329554
"110","ENSG00000073331","ENSG00000135046",0.854227667600313
"111","ENSG00000182326","ENSG00000106066",0.854194853142579
"112","ENSG00000151322","ENSG00000079215",0.854171438568433
"113","ENSG00000110077","ENSG00000162511",0.853663076628325
"114","ENSG00000019582","ENSG00000137841",0.853128566149204
"115","ENSG00000204472","ENSG00000150337",0.853081009790794
"116","ENSG00000149131","ENSG00000140092",0.852930581999154
"117","ENSG00000082074","ENSG00000110077",0.852397789695617
"118","ENSG00000180353","ENSG00000155659",0.852257710050337
"119","ENSG00000082074","ENSG00000203747",0.852138492174033
"120","ENSG00000203747","ENSG00000120708",0.85201008047564
"121","ENSG00000171860","ENSG00000150337",0.851960142061721
"122","ENSG00000181804","ENSG00000188404",0.851859480136056
"123","ENSG00000138964","ENSG00000137841",0.851653779902957
"124","ENSG00000275395","ENSG00000137841",0.851649448916178
"125","ENSG00000135046","ENSG00000197712",0.851197640404162
"126","ENSG00000019582","ENSG00000179583",0.851033097654629
"127","ENSG00000147065","ENSG00000197712",0.850930346724525
"128","ENSG00000165168","ENSG00000204472",0.850794052216121
"129","ENSG00000125730","ENSG00000143768",0.850640033505788
"130","ENSG00000125730","ENSG00000041982",0.850314287244359
"131","ENSG00000179583","ENSG00000137841",0.850214342301155
"132","ENSG00000204287","ENSG00000114013",0.849940321831763
"133","ENSG00000166278","ENSG00000143768",0.849872671300596
"134","ENSG00000164106","ENSG00000135046",0.849672235561716
"135","ENSG00000108846","ENSG00000273259",0.849610274748539
"136","ENSG00000082074","ENSG00000134516",0.849571469532882
"137","ENSG00000129009","ENSG00000041982",0.849389472163589
"138","ENSG00000049323","ENSG00000169432",0.848925239912401
"139","ENSG00000159403","ENSG00000128262",0.848794460633705
"140","ENSG00000254087","ENSG00000079215",0.848646927136691
"141","ENSG00000182326","ENSG00000166710",0.848441389953028
"142","ENSG00000125730","ENSG00000167244",0.848341285967108
"143","ENSG00000131095","ENSG00000273259",0.848249513793251
"144","ENSG00000204264","ENSG00000234745",0.847103541028196
"145","ENSG00000101160","ENSG00000019582",0.846315978774578
"146","ENSG00000019582","ENSG00000275395",0.846151300983933
"147","ENSG00000069535","ENSG00000150687",0.846007936641475
"148","ENSG00000137841","ENSG00000110876",0.845979943648748
"149","ENSG00000182326","ENSG00000163453",0.845708692338324
"150","ENSG00000019582","ENSG00000204252",0.845512443767692
"151","ENSG00000159403","ENSG00000171631",0.845229819606911
"152","ENSG00000069535","ENSG00000158270",0.844827897705091
"153","ENSG00000159403","ENSG00000041982",0.84471504769409
"154","ENSG00000204287","ENSG00000110934",0.844711452853977
"155","ENSG00000166278","ENSG00000128262",0.844421839335762
"156","ENSG00000125730","ENSG00000137841",0.844416884830201
"157","ENSG00000082074","ENSG00000174130",0.843893804717937
"158","ENSG00000166741","ENSG00000012223",0.843810462084812
"159","ENSG00000135046","ENSG00000116132",0.843580865791078
"160","ENSG00000204264","ENSG00000168394",0.843438198293661
"161","ENSG00000041982","ENSG00000108846",0.843341647991981
"162","ENSG00000174130","ENSG00000174600",0.84321711559079
"163","ENSG00000019582","ENSG00000196126",0.842671755899163
"164","ENSG00000174348","ENSG00000275395",0.842595804703555
"165","ENSG00000166278","ENSG00000167244",0.841820168189035
"166","ENSG00000101160","ENSG00000140931",0.841703171976039
"167","ENSG00000204287","ENSG00000205542",0.840778092012788
"168","ENSG00000082074","ENSG00000251442",0.840774422540746
"169","ENSG00000111801","ENSG00000204287",0.840637960417497
"170","ENSG00000100055","ENSG00000137841",0.840525372253472
"171","ENSG00000188488","ENSG00000041982",0.839906119571651
"172","ENSG00000110079","ENSG00000203747",0.839699123538804
"173","ENSG00000249306","ENSG00000135046",0.839565609691388
"174","ENSG00000019582","ENSG00000138964",0.839367986268975
"175","ENSG00000110077","ENSG00000150337",0.839209600348041
"176","ENSG00000164106","ENSG00000069535",0.839050153922047
"177","ENSG00000111348","ENSG00000110934",0.838742238321707
"178","ENSG00000204287","ENSG00000150337",0.837526991720653
"179","ENSG00000019582","ENSG00000100979",0.837511108152359
"180","ENSG00000180245","ENSG00000079215",0.837487035013453
"181","ENSG00000147065","ENSG00000122694",0.837438549032733
"182","ENSG00000167613","ENSG00000162511",0.837437734637985
"183","ENSG00000110077","ENSG00000134516",0.837256995091366
"184","ENSG00000180638","ENSG00000166278",0.837168729904346
"185","ENSG00000111348","ENSG00000165168",0.836993377118759
"186","ENSG00000135046","ENSG00000083857",0.836355986882029
"187","ENSG00000125730","ENSG00000129009",0.835944856810167
"188","ENSG00000110079","ENSG00000162511",0.835605639725657
"189","ENSG00000143768","ENSG00000167244",0.835198662322335
"190","ENSG00000204287","ENSG00000134516",0.834950676211951
"191","ENSG00000204472","ENSG00000110934",0.834036601450314
"192","ENSG00000181804","ENSG00000049323",0.833910540189586
"193","ENSG00000147065","ENSG00000254087",0.833776243473054
"194","ENSG00000159403","ENSG00000166278",0.833426032798151
"195","ENSG00000153029","ENSG00000132274",0.83303332837618
"196","ENSG00000019582","ENSG00000115107",0.832992888487679
"197","ENSG00000149131","ENSG00000132840",0.832858091125726
"198","ENSG00000181804","ENSG00000187210",0.83279460200957
"199","ENSG00000180245","ENSG00000137573",0.832503872918387
"200","ENSG00000125730","ENSG00000110092",0.832430370364183
"201","ENSG00000166741","ENSG00000148735",0.832298057596343
"202","ENSG00000182326","ENSG00000132840",0.832142688990996
"203","ENSG00000149131","ENSG00000204482",0.832129507549902
"204","ENSG00000154864","ENSG00000135046",0.831772719578686
"205","ENSG00000135046","ENSG00000145431",0.831663608637524
"206","ENSG00000234745","ENSG00000204642",0.83164681621841
"207","ENSG00000159403","ENSG00000174348",0.831626510773762
"208","ENSG00000138964","ENSG00000110324",0.830826960728236
"209","ENSG00000140092","ENSG00000019582",0.830704531976661
"210","ENSG00000026297","ENSG00000143226",0.830155518507599
"211","ENSG00000138193","ENSG00000111266",0.830084025077498
"212","ENSG00000131095","ENSG00000139178",0.829952910628096
"213","ENSG00000150540","ENSG00000129675",0.829911283752394
"214","ENSG00000125730","ENSG00000204252",0.829675681239938
"215","ENSG00000275395","ENSG00000179583",0.829390554707802
"216","ENSG00000182326","ENSG00000073331",0.82928437900026
"217","ENSG00000166741","ENSG00000144810",0.829046067029076
"218","ENSG00000231389","ENSG00000082074",0.828807421304741
"219","ENSG00000135077","ENSG00000162511",0.828540877500615
"220","ENSG00000146592","ENSG00000169432",0.827948795901658
"221","ENSG00000204261","ENSG00000206337",0.827942631142934
"222","ENSG00000231389","ENSG00000134516",0.827613546215081
"223","ENSG00000174348","ENSG00000137841",0.8275965886699
"224","ENSG00000041982","ENSG00000135926",0.8274413927175
"225","ENSG00000041982","ENSG00000273259",0.827271662605145
"226","ENSG00000110077","ENSG00000167613",0.827254311473376
"227","ENSG00000019582","ENSG00000273749",0.827121918362086
"228","ENSG00000155926","ENSG00000162511",0.827108945728445
"229","ENSG00000125730","ENSG00000174348",0.827017560975123
"230","ENSG00000166278","ENSG00000137441",0.826855151600498
"231","ENSG00000110077","ENSG00000196664",0.826801043318121
"232","ENSG00000188404","ENSG00000151322",0.826500186953407
"233","ENSG00000129675","ENSG00000164237",0.826497714414884
"234","ENSG00000140092","ENSG00000140931",0.826326366132375
"235","ENSG00000019582","ENSG00000204482",0.826160677186314
"236","ENSG00000115107","ENSG00000137841",0.826037745424263
"237","ENSG00000164761","ENSG00000150687",0.826010004206349
"238","ENSG00000069535","ENSG00000187210",0.825854373246169
"239","ENSG00000069535","ENSG00000147065",0.82549315710044
"240","ENSG00000171631","ENSG00000131095",0.825488714202105
"241","ENSG00000095303","ENSG00000198734",0.825447109237026
"242","ENSG00000164761","ENSG00000204381",0.825288188887681
"243","ENSG00000169432","ENSG00000197712",0.82521103249289
"244","ENSG00000167613","ENSG00000122122",0.825132248692361
"245","ENSG00000095303","ENSG00000041982",0.825059854345131
"246","ENSG00000110092","ENSG00000169129",0.824815139660973
"247","ENSG00000204287","ENSG00000026297",0.824734990584441
"248","ENSG00000197943","ENSG00000082074",0.824720929883396
"249","ENSG00000149131","ENSG00000137441",0.824715586599165
"250","ENSG00000095303","ENSG00000111783",0.824486381810414
"251","ENSG00000069535","ENSG00000164237",0.824237095181495
"252","ENSG00000101160","ENSG00000006042",0.824176441210802
"253","ENSG00000138964","ENSG00000110876",0.823556979823544
"254","ENSG00000137841","ENSG00000077942",0.823080565609326
"255","ENSG00000234745","ENSG00000240065",0.822848872270596
"256","ENSG00000204287","ENSG00000135077",0.82244175343927
"257","ENSG00000198734","ENSG00000188488",0.822264821185238
"258","ENSG00000049323","ENSG00000079215",0.82201784604808
"259","ENSG00000169432","ENSG00000079215",0.821850316477318
"260","ENSG00000197712","ENSG00000079215",0.821841600587116
"261","ENSG00000182326","ENSG00000145431",0.821715897199354
"262","ENSG00000111783","ENSG00000134769",0.821668165590754
"263","ENSG00000135046","ENSG00000169432",0.821618321232631
"264","ENSG00000135077","ENSG00000171860",0.821328310545661
"265","ENSG00000132274","ENSG00000129675",0.821196371699236
"266","ENSG00000204252","ENSG00000140931",0.82116036980623
"267","ENSG00000174348","ENSG00000019582",0.821018849827432
"268","ENSG00000181804","ENSG00000138193",0.820674177526469
"269","ENSG00000180353","ENSG00000162511",0.820537534788196
"270","ENSG00000171860","ENSG00000155659",0.820338041201143
"271","ENSG00000205542","ENSG00000204472",0.820189303460196
"272","ENSG00000131095","ENSG00000135926",0.819846326586371
"273","ENSG00000181804","ENSG00000196569",0.819525339065767
"274","ENSG00000146592","ENSG00000049323",0.819374152283576
"275","ENSG00000198734","ENSG00000144810",0.818851738612689
"276","ENSG00000112936","ENSG00000069535",0.818374745517313
"277","ENSG00000153029","ENSG00000132840",0.818367189034524
"278","ENSG00000134516","ENSG00000198223",0.818362722246977
"279","ENSG00000196735","ENSG00000196126",0.818270578685704
"280","ENSG00000110092","ENSG00000140931",0.818171442096948
"281","ENSG00000167613","ENSG00000171860",0.818142226059943
"282","ENSG00000180638","ENSG00000137441",0.818004620310538
"283","ENSG00000197712","ENSG00000254087",0.817838594598749
"284","ENSG00000166927","ENSG00000110077",0.817713274932354
"285","ENSG00000019582","ENSG00000110324",0.817050587686084
"286","ENSG00000110324","ENSG00000137841",0.81686299686328
"287","ENSG00000111801","ENSG00000069535",0.816640710629653
"288","ENSG00000026297","ENSG00000162511",0.816349060397027
"289","ENSG00000132274","ENSG00000069535",0.815558863852056
"290","ENSG00000132274","ENSG00000131080",0.815205387153715
"291","ENSG00000180245","ENSG00000205403",0.814696232529541
"292","ENSG00000137573","ENSG00000079215",0.814137688868141
"293","ENSG00000206503","ENSG00000204525",0.813644740074818
"294","ENSG00000125730","ENSG00000095303",0.813479182165679
"295","ENSG00000204287","ENSG00000172243",0.813274763366055
"296","ENSG00000158714","ENSG00000204472",0.813230252319026
"297","ENSG00000165168","ENSG00000196664",0.813141507410385
"298","ENSG00000111783","ENSG00000148735",0.813129637248088
"299","ENSG00000204261","ENSG00000204264",0.813128237651842
"300","ENSG00000242574","ENSG00000204287",0.812516746277971
"301","ENSG00000069535","ENSG00000197712",0.812220147894847
"302","ENSG00000224389","ENSG00000275395",0.812195718948418
"303","ENSG00000125730","ENSG00000115107",0.81209151985692
"304","ENSG00000181804","ENSG00000073331",0.811693343889985
"305","ENSG00000019582","ENSG00000101336",0.811122397871042
"306","ENSG00000234745","ENSG00000168394",0.809313296495801
"307","ENSG00000129009","ENSG00000146122",0.809043665201747
"308","ENSG00000041982","ENSG00000144810",0.808829804216641
"309","ENSG00000082074","ENSG00000106066",0.808338598551652
"310","ENSG00000187210","ENSG00000116183",0.808259595669663
"311","ENSG00000205542","ENSG00000022267",0.80741736679967
"312","ENSG00000153029","ENSG00000100196",0.807274369734236
"313","ENSG00000129675","ENSG00000107798",0.80681875514601
"314","ENSG00000132274","ENSG00000164237",0.80680499353361
"315","ENSG00000135046","ENSG00000196569",0.806499409549389
"316","ENSG00000275395","ENSG00000104972",0.806077985617043
"317","ENSG00000153029","ENSG00000158270",0.805201586281824
"318","ENSG00000162511","ENSG00000155659",0.804578576412038
"319","ENSG00000206337","ENSG00000166710",0.804372371240103
"320","ENSG00000111801","ENSG00000153029",0.803813979650795
"321","ENSG00000159403","ENSG00000100979",0.80379408566423
"322","ENSG00000240065","ENSG00000204642",0.803653438859299
"323","ENSG00000182326","ENSG00000116132",0.803341284945518
"324","ENSG00000204287","ENSG00000166927",0.802868511859728
"325","ENSG00000112936","ENSG00000113924",0.802849055183582
"326","ENSG00000164761","ENSG00000249306",0.802759319785426
"327","ENSG00000146592","ENSG00000079215",0.802088215718246
"328","ENSG00000162511","ENSG00000127507",0.801994678813166
"329","ENSG00000204287","ENSG00000158714",0.801863295955971
"330","ENSG00000174348","ENSG00000224389",0.80108427570416
"331","ENSG00000167613","ENSG00000180353",0.800940087697134
"332","ENSG00000111801","ENSG00000026950",0.800592988608757
"333","ENSG00000155926","ENSG00000143226",0.800299173942691
"334","ENSG00000113578","ENSG00000254087",0.799726835875684
"335","ENSG00000164761","ENSG00000083857",0.799726481030733
"336","ENSG00000242574","ENSG00000134516",0.799607822876814
"337","ENSG00000244509","ENSG00000170271",0.799253748262532
"338","ENSG00000167613","ENSG00000155659",0.798940191401277
"339","ENSG00000069535","ENSG00000100196",0.798856210103094
"340","ENSG00000196187","ENSG00000137841",0.798161563779435
"341","ENSG00000150337","ENSG00000148908",0.797191620751842
"342","ENSG00000138964","ENSG00000179583",0.797026211548238
"343","ENSG00000204264","ENSG00000133321",0.79674949704336
"344","ENSG00000204261","ENSG00000166710",0.796622966049979
"345","ENSG00000174130","ENSG00000198223",0.795982781463735
"346","ENSG00000171631","ENSG00000139178",0.795265884255712
"347","ENSG00000204261","ENSG00000234745",0.795113113150847
"348","ENSG00000174130","ENSG00000089041",0.794533664814813
"349","ENSG00000006042","ENSG00000140931",0.794128603625498
"350","ENSG00000095303","ENSG00000188488",0.793885772126663
"351","ENSG00000151322","ENSG00000138193",0.793653398924455
"352","ENSG00000204381","ENSG00000145431",0.793291126930824
"353","ENSG00000182326","ENSG00000168004",0.793082421723373
"354","ENSG00000073331","ENSG00000196569",0.792951312536854
"355","ENSG00000203747","ENSG00000174125",0.792570089130806
"356","ENSG00000111801","ENSG00000129675",0.792517772502164
"357","ENSG00000113924","ENSG00000147588",0.792424167252837
"358","ENSG00000251442","ENSG00000203747",0.792236021446274
"359","ENSG00000174130","ENSG00000134516",0.792020897996811
"360","ENSG00000153029","ENSG00000132718",0.791500008494829
"361","ENSG00000179583","ENSG00000110876",0.791166229169977
"362","ENSG00000041982","ENSG00000142661",0.791088643671762
"363","ENSG00000231389","ENSG00000198223",0.790900918808014
"364","ENSG00000151322","ENSG00000205403",0.790830341935158
"365","ENSG00000147065","ENSG00000079215",0.790490873900418
"366","ENSG00000262001","ENSG00000177337",0.790388230183184
"367","ENSG00000019582","ENSG00000224389",0.790213231786479
"368","ENSG00000204472","ENSG00000196664",0.789763820040766
"369","ENSG00000242574","ENSG00000110077",0.789681739656999
"370","ENSG00000166741","ENSG00000111783",0.788879515149563
"371","ENSG00000095303","ENSG00000144810",0.788873787414445
"372","ENSG00000159403","ENSG00000196126",0.787768523112829
"373","ENSG00000249306","ENSG00000204381",0.787620281834823
"374","ENSG00000079215","ENSG00000111266",0.787564706714051
"375","ENSG00000172243","ENSG00000082074",0.787530736008213
"376","ENSG00000110077","ENSG00000066294",0.787469017803856
"377","ENSG00000171812","ENSG00000167244",0.786941615518217
"378","ENSG00000082074","ENSG00000174600",0.786842650202743
"379","ENSG00000135272","ENSG00000107798",0.786746549189697
"380","ENSG00000254087","ENSG00000122694",0.786588178088266
"381","ENSG00000234745","ENSG00000106565",0.786308931172636
"382","ENSG00000125730","ENSG00000166741",0.786205766119608
"383","ENSG00000240065","ENSG00000206503",0.785975843442427
"384","ENSG00000134516","ENSG00000174600",0.785625830839383
"385","ENSG00000110092","ENSG00000204252",0.784804521121108
"386","ENSG00000132718","ENSG00000101938",0.784489259211885
"387","ENSG00000083857","ENSG00000150687",0.784029381433638
"388","ENSG00000073331","ENSG00000116132",0.783900918824892
"389","ENSG00000010704","ENSG00000150540",0.783867154637286
"390","ENSG00000231389","ENSG00000197943",0.783816393896378
"391","ENSG00000168394","ENSG00000206503",0.783798885850653
"392","ENSG00000160593","ENSG00000143226",0.783757847465416
"393","ENSG00000166741","ENSG00000138135",0.783452997386516
"394","ENSG00000148735","ENSG00000134769",0.782986390418426
"395","ENSG00000110934","ENSG00000186517",0.782815362920925
"396","ENSG00000174348","ENSG00000077942",0.782415160321092
"397","ENSG00000082074","ENSG00000198223",0.782047611509728
"398","ENSG00000154864","ENSG00000164761",0.781809107206204
"399","ENSG00000205542","ENSG00000148908",0.781794251560789
"400","ENSG00000171860","ENSG00000122122",0.781435360000332
"401","ENSG00000114013","ENSG00000174125",0.781198175598419
"402","ENSG00000082074","ENSG00000094963",0.781180263848697
"403","ENSG00000106565","ENSG00000206503",0.780750959700395
"404","ENSG00000112936","ENSG00000163453",0.78073016315382
"405","ENSG00000167613","ENSG00000066294",0.780719576523813
"406","ENSG00000234745","ENSG00000206503",0.780154918672203
"407","ENSG00000139178","ENSG00000273259",0.780017266731162
"408","ENSG00000138794","ENSG00000205403",0.779851710417673
"409","ENSG00000110077","ENSG00000251442",0.779803016411028
"410","ENSG00000100055","ENSG00000110324",0.779777354664172
"411","ENSG00000138964","ENSG00000101336",0.779445572880551
"412","ENSG00000174348","ENSG00000100979",0.779276121315782
"413","ENSG00000149131","ENSG00000100196",0.779259138281395
"414","ENSG00000223865","ENSG00000140931",0.779135456077671
"415","ENSG00000160307","ENSG00000154864",0.779108115968587
"416","ENSG00000010704","ENSG00000129675",0.779099715370424
"417","ENSG00000198734","ENSG00000115361",0.778435022723115
"418","ENSG00000162520","ENSG00000125730",0.778099652145193
"419","ENSG00000180353","ENSG00000127507",0.777927523401708
"420","ENSG00000132274","ENSG00000244694",0.777838055624582
"421","ENSG00000150540","ENSG00000107798",0.777525277240032
"422","ENSG00000101160","ENSG00000005243",0.777334955957589
"423","ENSG00000101160","ENSG00000244509",0.777227311236874
"424","ENSG00000188488","ENSG00000144810",0.777019773793432
"425","ENSG00000154864","ENSG00000249306",0.776896650432181
"426","ENSG00000159403","ENSG00000131378",0.776672020607456
"427","ENSG00000182326","ENSG00000117226",0.776361584717771
"428","ENSG00000198483","ENSG00000101160",0.775801587471212
"429","ENSG00000168004","ENSG00000069535",0.775178268268181
"430","ENSG00000101104","ENSG00000147065",0.775169888440729
"431","ENSG00000110876","ENSG00000149451",0.774537346725022
"432","ENSG00000155511","ENSG00000164946",0.774516693783869
"433","ENSG00000131386","ENSG00000079215",0.774448889504874
"434","ENSG00000144810","ENSG00000012223",0.774366676547622
"435","ENSG00000137573","ENSG00000205403",0.774177359176446
"436","ENSG00000204287","ENSG00000204136",0.774099323386316
"437","ENSG00000006042","ENSG00000273749",0.773540868824697
"438","ENSG00000153029","ENSG00000244694",0.773455866362143
"439","ENSG00000135926","ENSG00000122176",0.773431024892411
"440","ENSG00000130508","ENSG00000149451",0.77334249787965
"441","ENSG00000079931","ENSG00000181804",0.773164300876139
"442","ENSG00000129675","ENSG00000132718",0.772612750729412
"443","ENSG00000149131","ENSG00000124508",0.772362840457337
"444","ENSG00000153029","ENSG00000010704",0.772098493813601
"445","ENSG00000204525","ENSG00000204642",0.771967591365042
"446","ENSG00000101160","ENSG00000056972",0.771212567698424
"447","ENSG00000091986","ENSG00000170271",0.771188499048124
"448","ENSG00000110077","ENSG00000204136",0.770903186666047
"449","ENSG00000079931","ENSG00000225339",0.770294699538471
"450","ENSG00000006042","ENSG00000005243",0.77003171102893
"451","ENSG00000223865","ENSG00000273749",0.76956197940071
"452","ENSG00000101160","ENSG00000273749",0.76939769877569
"453","ENSG00000262001","ENSG00000197712",0.769266925296691
"454","ENSG00000167767","ENSG00000128285",0.769213012485974
"455","ENSG00000206337","ENSG00000204287",0.769160483295199
"456","ENSG00000006756","ENSG00000140931",0.769083857062357
"457","ENSG00000182326","ENSG00000113924",0.769063376216751
"458","ENSG00000197712","ENSG00000122694",0.769010434472303
"459","ENSG00000174125","ENSG00000143226",0.768799392052977
"460","ENSG00000082074","ENSG00000117226",0.767894425643607
"461","ENSG00000130508","ENSG00000196187",0.767791143906741
"462","ENSG00000148735","ENSG00000144810",0.767772373267453
"463","ENSG00000006042","ENSG00000091986",0.76770623353986
"464","ENSG00000095303","ENSG00000166741",0.767601705733916
"465","ENSG00000006042","ENSG00000244509",0.767105262817121
"466","ENSG00000095303","ENSG00000148735",0.766755815261212
"467","ENSG00000250548","ENSG00000116183",0.766369145641353
"468","ENSG00000135926","ENSG00000131378",0.766339619216426
"469","ENSG00000129675","ENSG00000152583",0.764729358298941
"470","ENSG00000122122","ENSG00000155659",0.764231479043325
"471","ENSG00000101160","ENSG00000150977",0.764210174881571
"472","ENSG00000166928","ENSG00000106066",0.763849500404097
"473","ENSG00000171860","ENSG00000043462",0.76356657385033
"474","ENSG00000129675","ENSG00000244694",0.763120100842582
"475","ENSG00000206337","ENSG00000234745",0.762779299442957
"476","ENSG00000223865","ENSG00000204252",0.762321753627603
"477","ENSG00000162520","ENSG00000110092",0.762165077882191
"478","ENSG00000188501","ENSG00000110092",0.761915379317298
"479","ENSG00000079931","ENSG00000049323",0.76187172793809
"480","ENSG00000240065","ENSG00000204525",0.760896990968342
"481","ENSG00000108846","ENSG00000169418",0.760697518294984
"482","ENSG00000196187","ENSG00000110876",0.760680844851032
"483","ENSG00000189171","ENSG00000160678",0.760648653108895
"484","ENSG00000140931","ENSG00000124508",0.760424754327765
"485","ENSG00000222009","ENSG00000137841",0.760357035322824
"486","ENSG00000155511","ENSG00000132718",0.760051101259959
"487","ENSG00000140931","ENSG00000273749",0.759678178653915
"488","ENSG00000204287","ENSG00000022267",0.759114901058014
"489","ENSG00000103811","ENSG00000140931",0.758983676972145
"490","ENSG00000251442","ENSG00000094963",0.758915570918571
"491","ENSG00000125730","ENSG00000012223",0.758697323107731
"492","ENSG00000095303","ENSG00000134769",0.758683441947487
"493","ENSG00000111801","ENSG00000010704",0.75864418632941
"494","ENSG00000159403","ENSG00000204482",0.757996422777729
"495","ENSG00000231389","ENSG00000172243",0.757419875206931
"496","ENSG00000228526","ENSG00000131080",0.757083462085606
"497","ENSG00000204287","ENSG00000026950",0.75696881982225
"498","ENSG00000101104","ENSG00000122694",0.756514762627434
"499","ENSG00000111348","ENSG00000186517",0.756505666305848
"500","ENSG00000164106","ENSG00000150687",0.756426869700078
"501","ENSG00000110092","ENSG00000006756",0.755884424260342
"502","ENSG00000156076","ENSG00000101938",0.755528154437956
"503","ENSG00000153029","ENSG00000126785",0.754893665706768
"504","ENSG00000205542","ENSG00000182551",0.754548700968501
"505","ENSG00000204287","ENSG00000164691",0.754501770827534
"506","ENSG00000041982","ENSG00000169418",0.753997840085446
"507","ENSG00000145721","ENSG00000150540",0.753655034482338
"508","ENSG00000137841","ENSG00000149451",0.753400539776341
"509","ENSG00000180245","ENSG00000151322",0.753230146371248
"510","ENSG00000171860","ENSG00000066294",0.753221472672351
"511","ENSG00000204287","ENSG00000043462",0.75228725518474
"512","ENSG00000106565","ENSG00000204642",0.752225096483419
"513","ENSG00000181804","ENSG00000131386",0.752209080238657
"514","ENSG00000006042","ENSG00000170271",0.751879556166495
"515","ENSG00000188488","ENSG00000142661",0.751704297907599
"516","ENSG00000131095","ENSG00000131378",0.751417960906376
"517","ENSG00000206337","ENSG00000204264",0.751365235644385
"518","ENSG00000262001","ENSG00000147065",0.751172652839001
"519","ENSG00000231852","ENSG00000138964",0.750973299381266
"520","ENSG00000149131","ENSG00000183549",0.750857345145596
"521","ENSG00000155511","ENSG00000101938",0.750617916810759
"522","ENSG00000095303","ENSG00000115361",0.750078420547085
"523","ENSG00000095303","ENSG00000138135",0.749128957170522
"524","ENSG00000152583","ENSG00000107798",0.748737142728046
"525","ENSG00000125730","ENSG00000171812",0.748650208885447
"526","ENSG00000130055","ENSG00000273749",0.748581960634745
"527","ENSG00000129009","ENSG00000108846",0.748059311000202
"528","ENSG00000275395","ENSG00000077942",0.747998688232443
"529","ENSG00000178104","ENSG00000240891",0.747896417758687
"530","ENSG00000069535","ENSG00000250548",0.747742164703582
"531","ENSG00000129675","ENSG00000164946",0.747567497617115
"532","ENSG00000153029","ENSG00000150540",0.747147040604731
"533","ENSG00000196187","ENSG00000215788",0.746463719146291
"534","ENSG00000147065","ENSG00000128285",0.746293898943746
"535","ENSG00000153029","ENSG00000107798",0.746140772982607
"536","ENSG00000129675","ENSG00000101938",0.74611778255435
"537","ENSG00000101160","ENSG00000170271",0.745629349231733
"538","ENSG00000082074","ENSG00000089041",0.74558033127579
"539","ENSG00000158714","ENSG00000110934",0.74461794186771
"540","ENSG00000182551","ENSG00000022267",0.74415063772402
"541","ENSG00000204482","ENSG00000196126",0.743870924446784
"542","ENSG00000135077","ENSG00000164691",0.743700874934113
"543","ENSG00000041982","ENSG00000122176",0.743549105073346
"544","ENSG00000198483","ENSG00000168306",0.743512375831225
"545","ENSG00000069535","ENSG00000138794",0.743384149146981
"546","ENSG00000183549","ENSG00000140931",0.742780038168946
"547","ENSG00000145721","ENSG00000117592",0.742660424739278
"548","ENSG00000162520","ENSG00000140931",0.742051965405334
"549","ENSG00000167613","ENSG00000127507",0.742050487440235
"550","ENSG00000150540","ENSG00000258659",0.74180706831509
"551","ENSG00000234745","ENSG00000186470",0.741682733547956
"552","ENSG00000244509","ENSG00000091986",0.741608359676286
"553","ENSG00000152583","ENSG00000101938",0.740885470108203
"554","ENSG00000019582","ENSG00000150977",0.740110775396879
"555","ENSG00000149131","ENSG00000103811",0.740067112495667
"556","ENSG00000168306","ENSG00000170271",0.739864290052938
"557","ENSG00000129675","ENSG00000155511",0.739574979769628
"558","ENSG00000168306","ENSG00000244509",0.73889443168369
"559","ENSG00000100055","ENSG00000079277",0.738461207575461
"560","ENSG00000132274","ENSG00000228526",0.738387595045726
"561","ENSG00000174348","ENSG00000183876",0.738343585975889
"562","ENSG00000153029","ENSG00000101938",0.738006670410897
"563","ENSG00000101938","ENSG00000107798",0.737742709158192
"564","ENSG00000159403","ENSG00000122176",0.737240573025181
"565","ENSG00000069535","ENSG00000026950",0.737185708075899
"566","ENSG00000131080","ENSG00000244694",0.736620867945276
"567","ENSG00000179583","ENSG00000196187",0.73624499854372
"568","ENSG00000155926","ENSG00000120708",0.73622106022226
"569","ENSG00000113578","ENSG00000079215",0.736036154960357
"570","ENSG00000125730","ENSG00000146122",0.735900660599816
"571","ENSG00000244509","ENSG00000140931",0.735878280047768
"572","ENSG00000147065","ENSG00000167767",0.735402054631101
"573","ENSG00000197943","ENSG00000198223",0.735348883482511
"574","ENSG00000258659","ENSG00000129675",0.735217031735387
"575","ENSG00000163661","ENSG00000134769",0.735189974743309
"576","ENSG00000203747","ENSG00000160593",0.734916426994591
"577","ENSG00000222009","ENSG00000196187",0.73480173862396
"578","ENSG00000244682","ENSG00000143226",0.734678036060865
"579","ENSG00000116698","ENSG00000141027",0.734357129973952
"580","ENSG00000188501","ENSG00000204252",0.734133929668285
"581","ENSG00000101160","ENSG00000140459",0.734006127430533
"582","ENSG00000150540","ENSG00000227502",0.73354820484457
"583","ENSG00000010704","ENSG00000258659",0.73347568286469
"584","ENSG00000043462","ENSG00000150337",0.733113480457548
"585","ENSG00000166710","ENSG00000186470",0.733087212872906
"586","ENSG00000196735","ENSG00000019582",0.733033180047456
"587","ENSG00000188501","ENSG00000140931",0.733014242449344
"588","ENSG00000204252","ENSG00000169129",0.731130680503627
"589","ENSG00000157150","ENSG00000169129",0.730529098335161
"590","ENSG00000140092","ENSG00000124508",0.730452906346447
"591","ENSG00000161249","ENSG00000140459",0.729810155257279
"592","ENSG00000164647","ENSG00000079215",0.72959460287918
"593","ENSG00000075223","ENSG00000129675",0.729055426105347
"594","ENSG00000075223","ENSG00000150540",0.728335245679128
"595","ENSG00000158270","ENSG00000100196",0.728207147033465
"596","ENSG00000169432","ENSG00000078269",0.728050124432181
"597","ENSG00000155511","ENSG00000154330",0.727866512504811
"598","ENSG00000204261","ENSG00000204287",0.7276058385631
"599","ENSG00000041982","ENSG00000149090",0.727346005633633
"600","ENSG00000258227","ENSG00000162511",0.726852886335686
"601","ENSG00000166927","ENSG00000111348",0.726816847209986
"602","ENSG00000101160","ENSG00000168306",0.726532992968195
"603","ENSG00000231852","ENSG00000019582",0.726378152276227
"604","ENSG00000215788","ENSG00000149451",0.726285755912947
"605","ENSG00000125730","ENSG00000183549",0.726221354370263
"606","ENSG00000150540","ENSG00000074966",0.725991663924221
"607","ENSG00000069535","ENSG00000113924",0.725220952004594
"608","ENSG00000012223","ENSG00000064886",0.725047806708606
"609","ENSG00000110324","ENSG00000101336",0.724299278869274
"610","ENSG00000104972","ENSG00000137841",0.724106615723048
"611","ENSG00000133321","ENSG00000240065",0.723889170902943
"612","ENSG00000204261","ENSG00000240065",0.723854936597122
"613","ENSG00000141338","ENSG00000156076",0.723398417161092
"614","ENSG00000131386","ENSG00000049323",0.723272393391514
"615","ENSG00000107611","ENSG00000196569",0.723234483935438
"616","ENSG00000149090","ENSG00000108846",0.723128103390774
"617","ENSG00000075223","ENSG00000107798",0.722547938589243
"618","ENSG00000095303","ENSG00000142661",0.722219641669227
"619","ENSG00000138794","ENSG00000079215",0.721853880551016
"620","ENSG00000228526","ENSG00000244694",0.721774222566317
"621","ENSG00000141338","ENSG00000101938",0.72126233348804
"622","ENSG00000198756","ENSG00000132718",0.721220591706491
"623","ENSG00000155511","ENSG00000089472",0.720775983600069
"624","ENSG00000145721","ENSG00000185306",0.720376983803108
"625","ENSG00000126785","ENSG00000158270",0.719935341075473
"626","ENSG00000129009","ENSG00000149090",0.719800868933904
"627","ENSG00000065357","ENSG00000197712",0.718763269684077
"628","ENSG00000198734","ENSG00000039139",0.716696926589326
"629","ENSG00000166710","ENSG00000234745",0.716655721956651
"630","ENSG00000150540","ENSG00000137831",0.716567357912437
"631","ENSG00000128285","ENSG00000122694",0.716461283661915
"632","ENSG00000176974","ENSG00000196187",0.71600537674341
"633","ENSG00000065357","ENSG00000135046",0.716002973482801
"634","ENSG00000145721","ENSG00000227544",0.7156241652276
"635","ENSG00000079215","ENSG00000135605",0.715508293238314
"636","ENSG00000019582","ENSG00000079277",0.715437406107649
"637","ENSG00000198483","ENSG00000244509",0.714934851588267
"638","ENSG00000242574","ENSG00000204136",0.714748766030483
"639","ENSG00000110092","ENSG00000076716",0.71463773749435
"640","ENSG00000079277","ENSG00000137841",0.714142438728414
"641","ENSG00000150540","ENSG00000123560",0.713876082242924
"642","ENSG00000145721","ENSG00000123560",0.713824875614179
"643","ENSG00000089041","ENSG00000174600",0.71381176758471
"644","ENSG00000117226","ENSG00000203747",0.713763468852849
"645","ENSG00000041982","ENSG00000146122",0.713129962999713
"646","ENSG00000145721","ENSG00000135272",0.712848007669582
"647","ENSG00000203747","ENSG00000244682",0.712552952236679
"648","ENSG00000206337","ENSG00000203747",0.712202720512969
"649","ENSG00000160307","ENSG00000135046",0.711628301131612
"650","ENSG00000178104","ENSG00000141027",0.711427084896167
"651","ENSG00000187210","ENSG00000250548",0.71134780448762
"652","ENSG00000203747","ENSG00000258227",0.71132661420692
"653","ENSG00000154864","ENSG00000128833",0.711241655203125
"654","ENSG00000150540","ENSG00000104361",0.710938519119096
"655","ENSG00000006042","ENSG00000056972",0.710105375276902
"656","ENSG00000110092","ENSG00000113140",0.709693757218548
"657","ENSG00000069535","ENSG00000262001",0.709567619650441
"658","ENSG00000022267","ENSG00000148908",0.709171038277453
"659","ENSG00000165633","ENSG00000204252",0.708664956150746
"660","ENSG00000163661","ENSG00000148735",0.708550100777121
"661","ENSG00000181804","ENSG00000196139",0.70811190527693
"662","ENSG00000145721","ENSG00000107798",0.707687611353108
"663","ENSG00000214491","ENSG00000225339",0.707229197237589
"664","ENSG00000167613","ENSG00000141968",0.707214107465493
"665","ENSG00000153029","ENSG00000131080",0.706190169031893
"666","ENSG00000164647","ENSG00000138193",0.706034471482823
"667","ENSG00000188501","ENSG00000169129",0.705800743187083
"668","ENSG00000275395","ENSG00000183876",0.705668979451255
"669","ENSG00000129675","ENSG00000137831",0.705436719942108
"670","ENSG00000155511","ENSG00000176771",0.704962687822083
"671","ENSG00000182326","ENSG00000196139",0.704438975467137
"672","ENSG00000167767","ENSG00000122694",0.704144626184618
"673","ENSG00000150540","ENSG00000091490",0.703355886189846
"674","ENSG00000130508","ENSG00000137841",0.702867600157333
"675","ENSG00000150977","ENSG00000140931",0.702406182903177
"676","ENSG00000079215","ENSG00000023445",0.70234041184334
"677","ENSG00000171860","ENSG00000164691",0.702313544347222
"678","ENSG00000125730","ENSG00000113140",0.702031688545108
"679","ENSG00000181804","ENSG00000023445",0.701699534351586
"680","ENSG00000244509","ENSG00000161249",0.70164118699985
"681","ENSG00000104361","ENSG00000137831",0.701193047727979
"682","ENSG00000116698","ENSG00000165632",0.701152020556532
"683","ENSG00000069535","ENSG00000166928",0.700975254561917
"684","ENSG00000130508","ENSG00000067445",0.699784153205674
"685","ENSG00000140931","ENSG00000116774",0.699581356076499
"686","ENSG00000240891","ENSG00000163026",0.69944190938113
"687","ENSG00000181804","ENSG00000111266",0.699178067562631
"688","ENSG00000165633","ENSG00000110092",0.697511267612293
"689","ENSG00000104361","ENSG00000129675",0.697055827845325
"690","ENSG00000076716","ENSG00000169129",0.696778031499661
"691","ENSG00000113578","ENSG00000147065",0.696453861645195
"692","ENSG00000125730","ENSG00000165633",0.696043936796857
"693","ENSG00000185306","ENSG00000117592",0.695748025118664
"694","ENSG00000073331","ENSG00000138772",0.695593084719226
"695","ENSG00000204287","ENSG00000166928",0.695546870092373
"696","ENSG00000069535","ENSG00000135605",0.695366269769076
"697","ENSG00000101160","ENSG00000178104",0.695207769733469
"698","ENSG00000227502","ENSG00000129675",0.694643600607231
"699","ENSG00000101104","ENSG00000167767",0.69415259238408
"700","ENSG00000204287","ENSG00000187474",0.693604879354833
"701","ENSG00000132718","ENSG00000089472",0.693378509664717
"702","ENSG00000110092","ENSG00000205929",0.691567246911034
"703","ENSG00000010704","ENSG00000177459",0.691562807033618
"704","ENSG00000244509","ENSG00000115762",0.691533882105107
"705","ENSG00000162976","ENSG00000129675",0.691450647088664
"706","ENSG00000069535","ENSG00000126785",0.691163018371763
"707","ENSG00000204287","ENSG00000186517",0.69072240974914
"708","ENSG00000168004","ENSG00000204381",0.690158737252045
"709","ENSG00000185306","ENSG00000123560",0.69000985290697
"710","ENSG00000225339","ENSG00000169432",0.689274120710676
"711","ENSG00000166710","ENSG00000187474",0.68795704070475
"712","ENSG00000163661","ENSG00000111783",0.687066745222172
"713","ENSG00000206337","ENSG00000186470",0.686980150437178
"714","ENSG00000164946","ENSG00000132718",0.686862477771852
"715","ENSG00000101160","ENSG00000115762",0.686726842038526
"716","ENSG00000010704","ENSG00000166676",0.686687964727282
"717","ENSG00000144810","ENSG00000115361",0.686342412788852
"718","ENSG00000231852","ENSG00000179583",0.686045879358461
"719","ENSG00000178104","ENSG00000144229",0.68592527739621
"720","ENSG00000125730","ENSG00000138135",0.68582249337955
"721","ENSG00000162976","ENSG00000107798",0.685335372297976
"722","ENSG00000115107","ENSG00000176463",0.685168351271607
"723","ENSG00000101160","ENSG00000189171",0.685030650722315
"724","ENSG00000089472","ENSG00000101938",0.685004907142478
"725","ENSG00000160593","ENSG00000120708",0.684876332783887
"726","ENSG00000132718","ENSG00000226091",0.684254449711144
"727","ENSG00000204261","ENSG00000133321",0.683916536294586
"728","ENSG00000155592","ENSG00000131381",0.683553148207507
"729","ENSG00000145041","ENSG00000215788",0.683492461771
"730","ENSG00000174348","ENSG00000105281",0.682956210627169
"731","ENSG00000147065","ENSG00000073464",0.682918982966808
"732","ENSG00000160219","ENSG00000155511",0.682619656719956
"733","ENSG00000189171","ENSG00000056972",0.682440874278587
"734","ENSG00000197712","ENSG00000078269",0.681953610068251
"735","ENSG00000188501","ENSG00000157150",0.681366468373282
"736","ENSG00000224389","ENSG00000105281",0.681175174253127
"737","ENSG00000203747","ENSG00000094963",0.681059770570654
"738","ENSG00000129675","ENSG00000074966",0.68087441983687
"739","ENSG00000133193","ENSG00000240857",0.680670777060847
"740","ENSG00000196735","ENSG00000159403",0.679539847460756
"741","ENSG00000155511","ENSG00000156076",0.679209559083866
"742","ENSG00000231252","ENSG00000164946",0.678267370756612
"743","ENSG00000123560","ENSG00000117592",0.678247486095476
"744","ENSG00000005243","ENSG00000056972",0.677895474891589
"745","ENSG00000162520","ENSG00000205929",0.67788209922621
"746","ENSG00000178104","ENSG00000115762",0.676727564941865
"747","ENSG00000056972","ENSG00000273749",0.675417167699984
"748","ENSG00000215788","ENSG00000110876",0.674691789684492
"749","ENSG00000145721","ENSG00000134716",0.674476988096285
"750","ENSG00000224389","ENSG00000183876",0.674278083896114
"751","ENSG00000225339","ENSG00000186417",0.673705451590746
"752","ENSG00000067445","ENSG00000149451",0.673524696351136
"753","ENSG00000180638","ENSG00000183778",0.672327859741713
"754","ENSG00000107611","ENSG00000073331",0.672099537200489
"755","ENSG00000176771","ENSG00000164946",0.672058891479669
"756","ENSG00000155511","ENSG00000133401",0.671994143999169
"757","ENSG00000150540","ENSG00000117592",0.67147945862055
"758","ENSG00000125398","ENSG00000111266",0.670826481384453
"759","ENSG00000180638","ENSG00000169064",0.670811953840914
"760","ENSG00000145721","ENSG00000186326",0.670573162674561
"761","ENSG00000116698","ENSG00000072736",0.670222096525922
"762","ENSG00000140092","ENSG00000116774",0.670121403701301
"763","ENSG00000197712","ENSG00000128285",0.670069558270849
"764","ENSG00000196187","ENSG00000145041",0.67000457875378
"765","ENSG00000153029","ENSG00000198756",0.669649855322107
"766","ENSG00000039139","ENSG00000144810",0.669575390198045
"767","ENSG00000149090","ENSG00000169418",0.669426229037761
"768","ENSG00000155511","ENSG00000054392",0.667306635724247
"769","ENSG00000163026","ENSG00000072736",0.666226101617711
"770","ENSG00000130055","ENSG00000019582",0.66608999312502
"771","ENSG00000145721","ENSG00000136110",0.666066736941566
"772","ENSG00000104324","ENSG00000079215",0.665978507185377
"773","ENSG00000056998","ENSG00000006756",0.665243711597151
"774","ENSG00000162520","ENSG00000006756",0.66475925764201
"775","ENSG00000258227","ENSG00000120708",0.664126626379016
"776","ENSG00000078269","ENSG00000079215",0.664024109970184
"777","ENSG00000129675","ENSG00000184785",0.663800921174772
"778","ENSG00000104361","ENSG00000074966",0.663668017429185
"779","ENSG00000273749","ENSG00000122986",0.662913534979754
"780","ENSG00000107798","ENSG00000186326",0.662671052480033
"781","ENSG00000179583","ENSG00000104972",0.662650188423666
"782","ENSG00000176974","ENSG00000149451",0.662056980745796
"783","ENSG00000160219","ENSG00000129675",0.661291094462937
"784","ENSG00000129009","ENSG00000088992",0.660771200299052
"785","ENSG00000006042","ENSG00000129187",0.660553506479278
"786","ENSG00000135046","ENSG00000138772",0.660502974797241
"787","ENSG00000198483","ENSG00000140459",0.659863159548421
"788","ENSG00000026950","ENSG00000281406",0.658252257077495
"789","ENSG00000196187","ENSG00000067445",0.65804654240545
"790","ENSG00000082512","ENSG00000129675",0.657958720863571
"791","ENSG00000141027","ENSG00000072736",0.657475859477776
"792","ENSG00000244509","ENSG00000140459",0.65722580014102
"793","ENSG00000075223","ENSG00000135272",0.656852407918894
"794","ENSG00000178104","ENSG00000106829",0.655989391361351
"795","ENSG00000130055","ENSG00000101160",0.655718938181706
"796","ENSG00000204257","ENSG00000204287",0.6545058592158
"797","ENSG00000166278","ENSG00000183778",0.653815653527435
"798","ENSG00000155592","ENSG00000163026",0.653629518794066
"799","ENSG00000152583","ENSG00000108231",0.653454770139739
"800","ENSG00000005243","ENSG00000189171",0.653299151503612
"801","ENSG00000162520","ENSG00000113140",0.653102666313315
"802","ENSG00000153029","ENSG00000226091",0.653094936260527
"803","ENSG00000176463","ENSG00000137841",0.652996811564616
"804","ENSG00000204472","ENSG00000127954",0.652950027876102
"805","ENSG00000019582","ENSG00000116774",0.652816995330821
"806","ENSG00000073464","ENSG00000122694",0.652800565910409
"807","ENSG00000069535","ENSG00000065357",0.652480393527286
"808","ENSG00000128833","ENSG00000135046",0.651682456713223
"809","ENSG00000227544","ENSG00000259439",0.651566212115414
"810","ENSG00000143768","ENSG00000171812",0.651526087520675
"811","ENSG00000129675","ENSG00000198756",0.651142290475339
"812","ENSG00000227544","ENSG00000150540",0.650783209495045
"813","ENSG00000160307","ENSG00000128833",0.649937036278954
"814","ENSG00000150540","ENSG00000184785",0.649667413554606
"815","ENSG00000110092","ENSG00000197415",0.649605058263349
"816","ENSG00000157150","ENSG00000110092",0.64953344952273
"817","ENSG00000111801","ENSG00000166676",0.649295987155042
"818","ENSG00000214491","ENSG00000186417",0.648201778168694
"819","ENSG00000122122","ENSG00000141968",0.647834990461953
"820","ENSG00000136110","ENSG00000117592",0.647433466388565
"821","ENSG00000222009","ENSG00000179583",0.646961362264446
"822","ENSG00000147065","ENSG00000177337",0.646835890024104
"823","ENSG00000101160","ENSG00000142677",0.6465613590611
"824","ENSG00000143768","ENSG00000118523",0.646058663130533
"825","ENSG00000137441","ENSG00000169064",0.644679826910015
"826","ENSG00000181804","ENSG00000107611",0.643351381564479
"827","ENSG00000196139","ENSG00000116183",0.642486325647269
"828","ENSG00000153029","ENSG00000172197",0.642285591397033
"829","ENSG00000082512","ENSG00000137831",0.64203305792587
"830","ENSG00000101104","ENSG00000073464",0.641799749840038
"831","ENSG00000112936","ENSG00000147588",0.641508365636118
"832","ENSG00000019582","ENSG00000142677",0.641221794041104
"833","ENSG00000178104","ENSG00000072736",0.640104785798401
"834","ENSG00000137441","ENSG00000183778",0.639925511320136
"835","ENSG00000101160","ENSG00000240891",0.639765192823814
"836","ENSG00000178104","ENSG00000198722",0.639483309884258
"837","ENSG00000107798","ENSG00000163762",0.638307217330157
"838","ENSG00000165168","ENSG00000127954",0.637696114553694
"839","ENSG00000128262","ENSG00000118523",0.637541101415618
"840","ENSG00000168405","ENSG00000163762",0.63753819779478
"841","ENSG00000181804","ENSG00000104324",0.637271953443287
"842","ENSG00000174125","ENSG00000244682",0.636796065237299
"843","ENSG00000227544","ENSG00000123560",0.635860611274546
"844","ENSG00000101160","ENSG00000161249",0.635598670471542
"845","ENSG00000172197","ENSG00000158270",0.634793707103455
"846","ENSG00000154330","ENSG00000101938",0.63478905374761
"847","ENSG00000178104","ENSG00000163026",0.634373945948906
"848","ENSG00000129675","ENSG00000176771",0.634059812487351
"849","ENSG00000150540","ENSG00000177459",0.633833608339889
"850","ENSG00000138772","ENSG00000196569",0.633413483958355
"851","ENSG00000138193","ENSG00000133805",0.633408845560546
"852","ENSG00000150540","ENSG00000135272",0.633066230267648
"853","ENSG00000145721","ENSG00000259439",0.632932660222413
"854","ENSG00000155511","ENSG00000149177",0.632547347105076
"855","ENSG00000178104","ENSG00000130338",0.631843979998818
"856","ENSG00000135272","ENSG00000168405",0.631253809346898
"857","ENSG00000154330","ENSG00000156076",0.631169235966976
"858","ENSG00000160219","ENSG00000101938",0.630763823683658
"859","ENSG00000149131","ENSG00000169064",0.630152014108079
"860","ENSG00000160219","ENSG00000133401",0.63009390845855
"861","ENSG00000204287","ENSG00000182551",0.629970592392347
"862","ENSG00000154330","ENSG00000089472",0.628568939458128
"863","ENSG00000168405","ENSG00000107798",0.627782469182938
"864","ENSG00000183549","ENSG00000103811",0.627059072404075
"865","ENSG00000150540","ENSG00000186326",0.627010506303361
"866","ENSG00000091986","ENSG00000184979",0.62682685847119
"867","ENSG00000132718","ENSG00000149177",0.626794236764739
"868","ENSG00000162976","ENSG00000152583",0.626556392287914
"869","ENSG00000160307","ENSG00000164761",0.626516243128305
"870","ENSG00000147065","ENSG00000135605",0.626436092128962
"871","ENSG00000149131","ENSG00000148655",0.626229671128726
"872","ENSG00000129675","ENSG00000165730",0.625632767067938
"873","ENSG00000130055","ENSG00000122986",0.624577305817813
"874","ENSG00000117592","ENSG00000134716",0.623936013584543
"875","ENSG00000054392","ENSG00000164946",0.623839335263424
"876","ENSG00000231252","ENSG00000054392",0.623704325548394
"877","ENSG00000134343","ENSG00000162444",0.623073540137912
"878","ENSG00000019582","ENSG00000105281",0.622530093382141
"879","ENSG00000196187","ENSG00000240857",0.621448401692591
"880","ENSG00000231252","ENSG00000155511",0.621195506548515
"881","ENSG00000019582","ENSG00000176463",0.620729725817234
"882","ENSG00000149131","ENSG00000250942",0.620455462604924
"883","ENSG00000129675","ENSG00000047648",0.620319753529442
"884","ENSG00000106829","ENSG00000240891",0.619702460259934
"885","ENSG00000126878","ENSG00000177337",0.618935155151599
"886","ENSG00000005243","ENSG00000179761",0.618185797945156
"887","ENSG00000240891","ENSG00000072736",0.617891665861467
"888","ENSG00000147065","ENSG00000184454",0.616680496194916
"889","ENSG00000101160","ENSG00000129187",0.616569411025417
"890","ENSG00000185306","ENSG00000136110",0.616054629010095
"891","ENSG00000184979","ENSG00000089127",0.615681830237775
"892","ENSG00000101160","ENSG00000144229",0.615643314135679
"893","ENSG00000141338","ENSG00000155511",0.614953049081314
"894","ENSG00000129675","ENSG00000086205",0.614721579376617
"895","ENSG00000115107","ENSG00000175318",0.61447226010154
"896","ENSG00000111801","ENSG00000281406",0.613863427755547
"897","ENSG00000138964","ENSG00000123329",0.613439713987899
"898","ENSG00000204482","ENSG00000148655",0.612288955685873
"899","ENSG00000010704","ENSG00000165730",0.611989743216312
"900","ENSG00000019582","ENSG00000148655",0.611616840631114
"901","ENSG00000153029","ENSG00000177459",0.610625291621458
"902","ENSG00000215788","ENSG00000240857",0.610537983089117
"903","ENSG00000150540","ENSG00000134716",0.610437408765144
"904","ENSG00000175318","ENSG00000137841",0.609437146889206
"905","ENSG00000145041","ENSG00000149451",0.609301978868097
"906","ENSG00000145721","ENSG00000091490",0.609172405606084
"907","ENSG00000107798","ENSG00000115919",0.608790432067131
"908","ENSG00000101160","ENSG00000122986",0.608481739977973
"909","ENSG00000182326","ENSG00000147588",0.607329825758414
"910","ENSG00000150540","ENSG00000275678",0.606004113405592
"911","ENSG00000225339","ENSG00000197208",0.605743634201391
"912","ENSG00000150540","ENSG00000079257",0.605692574431418
"913","ENSG00000125730","ENSG00000250942",0.603982972677253
"914","ENSG00000164647","ENSG00000111266",0.603599742063176
"915","ENSG00000162444","ENSG00000168830",0.603577915458717
"916","ENSG00000204252","ENSG00000076716",0.603146870476678
"917","ENSG00000160219","ENSG00000144677",0.602521256240917
"918","ENSG00000146122","ENSG00000088992",0.602288869927588
"919","ENSG00000170271","ENSG00000184979",0.601341202936797
"920","ENSG00000172349","ENSG00000179583",0.601210968267847
"921","ENSG00000163395","ENSG00000143768",0.601194754538344
"922","ENSG00000145721","ENSG00000139514",0.600879795730462
"923","ENSG00000039139","ENSG00000115361",0.600740287706828
"924","ENSG00000141968","ENSG00000155659",0.600685588209801
"925","ENSG00000182326","ENSG00000187474",0.600659844815951
"926","ENSG00000259439","ENSG00000123560",0.599908129797185
"927","ENSG00000267121","ENSG00000215788",0.599718110613111
"928","ENSG00000144229","ENSG00000198722",0.599650731533011
"929","ENSG00000227502","ENSG00000258659",0.598493512656283
"930","ENSG00000172349","ENSG00000137841",0.598139759060238
"931","ENSG00000186204","ENSG00000196187",0.597914462664282
"932","ENSG00000173334","ENSG00000125398",0.597341160876785
"933","ENSG00000225339","ENSG00000049323",0.597261821437904
"934","ENSG00000144229","ENSG00000140931",0.596808165601198
"935","ENSG00000155511","ENSG00000047648",0.595909637894484
"936","ENSG00000138193","ENSG00000111725",0.59545474252602
"937","ENSG00000140931","ENSG00000115762",0.595260204905616
"938","ENSG00000125730","ENSG00000088992",0.594782303313708
"939","ENSG00000197415","ENSG00000076716",0.594564947309226
"940","ENSG00000275678","ENSG00000129675",0.593815570013529
"941","ENSG00000170271","ENSG00000089127",0.593654143248747
"942","ENSG00000155592","ENSG00000240891",0.592104976359776
"943","ENSG00000125730","ENSG00000118523",0.591951144898478
"944","ENSG00000129675","ENSG00000144677",0.591801055319634
"945","ENSG00000173334","ENSG00000111266",0.591558328168707
"946","ENSG00000184785","ENSG00000137831",0.588900983829811
"947","ENSG00000006756","ENSG00000130948",0.588073536316004
"948","ENSG00000152583","ENSG00000118263",0.587491364876463
"949","ENSG00000204257","ENSG00000134516",0.587316188718382
"950","ENSG00000162520","ENSG00000056998",0.587190405161593
"951","ENSG00000178104","ENSG00000140931",0.587098661342602
"952","ENSG00000145721","ENSG00000011201",0.586973886401723
"953","ENSG00000125730","ENSG00000175318",0.586652548575366
"954","ENSG00000005243","ENSG00000129187",0.586538666999892
"955","ENSG00000204252","ENSG00000197415",0.585855730774235
"956","ENSG00000129675","ENSG00000166676",0.585564236276396
"957","ENSG00000129675","ENSG00000108231",0.58540323852748
"958","ENSG00000214353","ENSG00000170271",0.585309790865815
"959","ENSG00000150337","ENSG00000265531",0.585243351765524
"960","ENSG00000106829","ENSG00000072736",0.584971366857845
"961","ENSG00000240891","ENSG00000115762",0.584561028934195
"962","ENSG00000006042","ENSG00000184979",0.583683310072521
"963","ENSG00000147065","ENSG00000126878",0.583648800541523
"964","ENSG00000079931","ENSG00000228486",0.58321749399089
"965","ENSG00000019582","ENSG00000123329",0.580066344793063
"966","ENSG00000205929","ENSG00000113140",0.578879239377824
"967","ENSG00000275678","ENSG00000203963",0.578768732307865
"968","ENSG00000056998","ENSG00000110092",0.578710814607653
"969","ENSG00000165632","ENSG00000141027",0.578632882779528
"970","ENSG00000227502","ENSG00000074966",0.577573047362026
"971","ENSG00000176974","ENSG00000067445",0.577515505401028
"972","ENSG00000006042","ENSG00000261801",0.576840859042162
"973","ENSG00000250942","ENSG00000166278",0.576700058374074
"974","ENSG00000079931","ENSG00000121064",0.576645485137737
"975","ENSG00000197712","ENSG00000177337",0.576365452914413
"976","ENSG00000214491","ENSG00000197208",0.575483683212064
"977","ENSG00000091490","ENSG00000134716",0.57538290311472
"978","ENSG00000262001","ENSG00000126878",0.5748219332174
"979","ENSG00000133401","ENSG00000111110",0.574018507111994
"980","ENSG00000147255","ENSG00000154330",0.573971355411638
"981","ENSG00000125730","ENSG00000163395",0.573937536131831
"982","ENSG00000231252","ENSG00000176771",0.573895789147796
"983","ENSG00000101160","ENSG00000179761",0.5737055925696
"984","ENSG00000101160","ENSG00000130338",0.573185514693828
"985","ENSG00000135272","ENSG00000163762",0.572886294615697
"986","ENSG00000154330","ENSG00000183111",0.572858698161281
"987","ENSG00000079931","ENSG00000214491",0.572341261090788
"988","ENSG00000203963","ENSG00000169085",0.572115915008249
"989","ENSG00000131386","ENSG00000023445",0.571956759266905
"990","ENSG00000188501","ENSG00000186354",0.571935221739842
"991","ENSG00000267121","ENSG00000240857",0.570684733694933
"992","ENSG00000178104","ENSG00000155592",0.570240735420242
"993","ENSG00000135272","ENSG00000011201",0.569974534386495
"994","ENSG00000160678","ENSG00000056972",0.569531863987266
"995","ENSG00000110092","ENSG00000186354",0.569006656273893
"996","ENSG00000133401","ENSG00000101938",0.568606231356617
"997","ENSG00000151468","ENSG00000140092",0.568415854042576
"998","ENSG00000174437","ENSG00000240891",0.567218291597467
"999","ENSG00000150977","ENSG00000142677",0.566950794748876
"1000","ENSG00000169432","ENSG00000228486",0.565367218598545
"1001","ENSG00000129675","ENSG00000115919",0.564462096728298
"1002","ENSG00000069535","ENSG00000184454",0.563990088503902
"1003","ENSG00000204261","ENSG00000162444",0.563896935513611
"1004","ENSG00000047648","ENSG00000144677",0.563022729681233
"1005","ENSG00000160219","ENSG00000047648",0.561407869576082
"1006","ENSG00000091490","ENSG00000079257",0.561349071854412
"1007","ENSG00000079931","ENSG00000186417",0.561326724091806
"1008","ENSG00000141027","ENSG00000163026",0.561071865262286
"1009","ENSG00000225339","ENSG00000228486",0.560815276920457
"1010","ENSG00000101160","ENSG00000160678",0.560716953987177
"1011","ENSG00000186204","ENSG00000137841",0.560387692274136
"1012","ENSG00000144229","ENSG00000160208",0.560037899996568
"1013","ENSG00000150540","ENSG00000086205",0.5591731109565
"1014","ENSG00000111266","ENSG00000133805",0.558976606008882
"1015","ENSG00000178104","ENSG00000215039",0.557971764214384
"1016","ENSG00000240875","ENSG00000137831",0.557696673942184
"1017","ENSG00000107798","ENSG00000011201",0.557610627774446
"1018","ENSG00000074966","ENSG00000214237",0.556784467237222
"1019","ENSG00000134343","ENSG00000153993",0.55621396074296
"1020","ENSG00000172197","ENSG00000100196",0.554413835745267
"1021","ENSG00000196664","ENSG00000127954",0.55393532560764
"1022","ENSG00000105928","ENSG00000164946",0.552599963162625
"1023","ENSG00000151468","ENSG00000149131",0.552489769017506
"1024","ENSG00000181804","ENSG00000133805",0.551613681294874
"1025","ENSG00000204482","ENSG00000126264",0.551035273192457
"1026","ENSG00000166710","ENSG00000184903",0.549927275735676
"1027","ENSG00000107562","ENSG00000110092",0.54990079634286
"1028","ENSG00000145041","ENSG00000174446",0.548703591391462
"1029","ENSG00000134343","ENSG00000168830",0.54806566986386
"1030","ENSG00000215039","ENSG00000141027",0.547260450995823
"1031","ENSG00000104324","ENSG00000111266",0.546957462436187
"1032","ENSG00000101160","ENSG00000214353",0.546884869398451
"1033","ENSG00000151468","ENSG00000019582",0.546608128329072
"1034","ENSG00000091986","ENSG00000089127",0.545303093285561
"1035","ENSG00000129675","ENSG00000118263",0.544876715282071
"1036","ENSG00000079215","ENSG00000111725",0.544297567019046
"1037","ENSG00000138193","ENSG00000125398",0.544107190197104
"1038","ENSG00000168306","ENSG00000179071",0.5438187105694
"1039","ENSG00000107562","ENSG00000169129",0.541641763142605
"1040","ENSG00000186417","ENSG00000121064",0.541330779341946
"1041","ENSG00000105928","ENSG00000155511",0.541206918995509
"1042","ENSG00000198756","ENSG00000226091",0.540622805298219
"1043","ENSG00000006042","ENSG00000214353",0.540496355572741
"1044","ENSG00000133193","ENSG00000145041",0.540257259089883
"1045","ENSG00000138193","ENSG00000136167",0.540172087597397
"1046","ENSG00000091986","ENSG00000261801",0.540039251510774
"1047","ENSG00000079931","ENSG00000197208",0.54000317342869
"1048","ENSG00000225339","ENSG00000121064",0.5392521422061
"1049","ENSG00000069535","ENSG00000281406",0.539175834588015
"1050","ENSG00000178104","ENSG00000160208",0.538681054081502
"1051","ENSG00000196126","ENSG00000126264",0.537472441464425
"1052","ENSG00000101336","ENSG00000123329",0.535952689262093
"1053","ENSG00000227544","ENSG00000278058",0.535358904556342
"1054","ENSG00000198722","ENSG00000160208",0.53442690194171
"1055","ENSG00000186204","ENSG00000130508",0.533173987098521
"1056","ENSG00000162976","ENSG00000108231",0.532899845884696
"1057","ENSG00000162444","ENSG00000166105",0.53235936481477
"1058","ENSG00000123560","ENSG00000226711",0.531371584895554
"1059","ENSG00000106829","ENSG00000130338",0.531137568076078
"1060","ENSG00000162976","ENSG00000115919",0.530752355357071
"1061","ENSG00000198483","ENSG00000169752",0.530624508986619
"1062","ENSG00000136167","ENSG00000079215",0.530387359046512
"1063","ENSG00000186354","ENSG00000140931",0.528683630750018
"1064","ENSG00000156076","ENSG00000139624",0.52856680572682
"1065","ENSG00000019582","ENSG00000126264",0.527934741369858
"1066","ENSG00000101160","ENSG00000169752",0.527741752493751
"1067","ENSG00000166710","ENSG00000134343",0.52746707469266
"1068","ENSG00000082512","ENSG00000184785",0.526934420359209
"1069","ENSG00000227544","ENSG00000239265",0.52686270909359
"1070","ENSG00000135272","ENSG00000139514",0.525815023251243
"1071","ENSG00000154330","ENSG00000235257",0.52509970868772
"1072","ENSG00000258659","ENSG00000165730",0.521736546553263
"1073","ENSG00000150540","ENSG00000214237",0.520852456489798
"1074","ENSG00000169925","ENSG00000138193",0.518823683446477
"1075","ENSG00000089472","ENSG00000149177",0.517951943420121
"1076","ENSG00000145041","ENSG00000240857",0.516550389582122
"1077","ENSG00000133193","ENSG00000215788",0.516159752823061
"1078","ENSG00000240891","ENSG00000130338",0.515709635102229
"1079","ENSG00000259439","ENSG00000278058",0.514964659891504
"1080","ENSG00000104361","ENSG00000154645",0.510596473926051
"1081","ENSG00000130948","ENSG00000140931",0.508860463416397
"1082","ENSG00000275678","ENSG00000184785",0.508648281034686
"1083","ENSG00000101160","ENSG00000198722",0.50783065881281
"1084","ENSG00000089472","ENSG00000183111",0.507823043729554
"1085","ENSG00000178104","ENSG00000174437",0.504709230568975
"1086","ENSG00000173334","ENSG00000138193",0.504132265805596
"1087","ENSG00000227544","ENSG00000226711",0.504124498599762
"1088","ENSG00000104361","ENSG00000240875",0.504082451704894
"1089","ENSG00000116698","ENSG00000156304",0.503635821186024
"1090","ENSG00000227544","ENSG00000186326",0.503573382148129
"1091","ENSG00000267121","ENSG00000196187",0.503171007566475
"1092","ENSG00000244509","ENSG00000188626",0.502641906832804
"1093","ENSG00000118263","ENSG00000108231",0.502620690014818
"1094","ENSG00000139624","ENSG00000101938",0.501568147706863
"1095","ENSG00000259439","ENSG00000239265",0.500781218319384
"1096","ENSG00000137831","ENSG00000125731",0.500610625898432
"1097","ENSG00000165092","ENSG00000023445",0.497482638368706
"1098","ENSG00000178104","ENSG00000131381",0.496335949519238
"1099","ENSG00000215039","ENSG00000163026",0.495956944421171
"1100","ENSG00000155511","ENSG00000235257",0.494143446691213
"1101","ENSG00000089472","ENSG00000235257",0.491914548333279
"1102","ENSG00000174446","ENSG00000215788",0.491638816911469
"1103","ENSG00000107562","ENSG00000157150",0.49020593168044
"1104","ENSG00000134716","ENSG00000164828",0.48994958292031
"1105","ENSG00000170271","ENSG00000179071",0.489661225252214
"1106","ENSG00000125731","ENSG00000167011",0.489207282659675
"1107","ENSG00000105928","ENSG00000132718",0.487416645928488
"1108","ENSG00000178104","ENSG00000116698",0.48656686100449
"1109","ENSG00000189171","ENSG00000179761",0.485438178008247
"1110","ENSG00000203747","ENSG00000184903",0.485293679258268
"1111","ENSG00000244509","ENSG00000179071",0.48526375010335
"1112","ENSG00000107798","ENSG00000130921",0.48522481036618
"1113","ENSG00000172349","ENSG00000104972",0.484962066975464
"1114","ENSG00000125730","ENSG00000064886",0.48369736093408
"1115","ENSG00000082512","ENSG00000125731",0.482159142478768
"1116","ENSG00000110077","ENSG00000265531",0.481183780576094
"1117","ENSG00000234745","ENSG00000162444",0.481143773364954
"1118","ENSG00000161249","ENSG00000110455",0.477300313072051
"1119","ENSG00000162520","ENSG00000130948",0.476710727031094
"1120","ENSG00000227502","ENSG00000214237",0.476523540157954
"1121","ENSG00000168306","ENSG00000169752",0.476410644797318
"1122","ENSG00000150540","ENSG00000154645",0.47607208110635
"1123","ENSG00000133321","ENSG00000224417",0.474110484050127
"1124","ENSG00000184454","ENSG00000135605",0.472750940306906
"1125","ENSG00000165632","ENSG00000072736",0.472097165461889
"1126","ENSG00000147255","ENSG00000183111",0.472008632106439
"1127","ENSG00000171860","ENSG00000265531",0.470109500360148
"1128","ENSG00000244509","ENSG00000261801",0.469158787953228
"1129","ENSG00000163395","ENSG00000171812",0.468875904682166
"1130","ENSG00000145721","ENSG00000079257",0.467744911739422
"1131","ENSG00000206503","ENSG00000270953",0.466785574519494
"1132","ENSG00000166710","ENSG00000162444",0.465977284089114
"1133","ENSG00000164647","ENSG00000111725",0.465210731528623
"1134","ENSG00000166676","ENSG00000227825",0.464854670361567
"1135","ENSG00000049323","ENSG00000121064",0.462828911385843
"1136","ENSG00000150540","ENSG00000139514",0.461842118392345
"1137","ENSG00000169925","ENSG00000079215",0.461745843506507
"1138","ENSG00000075223","ENSG00000086205",0.461350516637529
"1139","ENSG00000234745","ENSG00000168830",0.45893227597533
"1140","ENSG00000075223","ENSG00000163762",0.458411036235146
"1141","ENSG00000262766","ENSG00000156304",0.457291001419845
"1142","ENSG00000177733","ENSG00000164828",0.45612040878015
"1143","ENSG00000131381","ENSG00000163026",0.453749696094154
"1144","ENSG00000162976","ENSG00000259448",0.44853897662136
"1145","ENSG00000182326","ENSG00000184903",0.44820756203188
"1146","ENSG00000150540","ENSG00000203963",0.447029178434069
"1147","ENSG00000137831","ENSG00000120262",0.445672610148626
"1148","ENSG00000169925","ENSG00000111725",0.443320070753033
"1149","ENSG00000137831","ENSG00000223745",0.442073142567186
"1150","ENSG00000166710","ENSG00000153993",0.441096968252437
"1151","ENSG00000134343","ENSG00000166105",0.440924062894002
"1152","ENSG00000150540","ENSG00000120262",0.440243734377854
"1153","ENSG00000166741","ENSG00000064886",0.434784388770544
"1154","ENSG00000259439","ENSG00000226711",0.433825038163656
"1155","ENSG00000150540","ENSG00000169085",0.432667041006964
"1156","ENSG00000102572","ENSG00000111110",0.431558345944878
"1157","ENSG00000162444","ENSG00000153993",0.424387318258035
"1158","ENSG00000155592","ENSG00000236432",0.422106115280941
"1159","ENSG00000129675","ENSG00000203963",0.421370665059955
"1160","ENSG00000170271","ENSG00000188626",0.42087924791995
"1161","ENSG00000164647","ENSG00000125398",0.418235150158184
"1162","ENSG00000129675","ENSG00000130921",0.417262817149774
"1163","ENSG00000150540","ENSG00000240875",0.416229957394885
"1164","ENSG00000204525","ENSG00000270953",0.414648097212971
"1165","ENSG00000145721","ENSG00000239265",0.414470054390821
"1166","ENSG00000166105","ENSG00000168830",0.413719000299357
"1167","ENSG00000244509","ENSG00000110455",0.40873259318413
"1168","ENSG00000110455","ENSG00000140459",0.408311670345432
"1169","ENSG00000181804","ENSG00000165092",0.408236024079869
"1170","ENSG00000239265","ENSG00000278058",0.407908570815405
"1171","ENSG00000154330","ENSG00000139624",0.40687912766991
"1172","ENSG00000259448","ENSG00000107798",0.406023741877601
"1173","ENSG00000166710","ENSG00000168830",0.404838791331832
"1174","ENSG00000147255","ENSG00000089472",0.402878300648106
"1175","ENSG00000240875","ENSG00000223745",0.401658755620322
"1176","ENSG00000270953","ENSG00000204642",0.399145071119193
"1177","ENSG00000165092","ENSG00000079215",0.396285971007643
"1178","ENSG00000129675","ENSG00000125731",0.393434865705725
"1179","ENSG00000152583","ENSG00000259448",0.392937833165317
"1180","ENSG00000151322","ENSG00000136167",0.391588363467144
"1181","ENSG00000133193","ENSG00000174446",0.389629360677358
"1182","ENSG00000236432","ENSG00000163026",0.386136379142542
"1183","ENSG00000129675","ENSG00000169085",0.381895092825534
"1184","ENSG00000165632","ENSG00000156304",0.379996315111614
"1185","ENSG00000066044","ENSG00000165632",0.371128425851549
"1186","ENSG00000091986","ENSG00000188626",0.371103428344917
"1187","ENSG00000104361","ENSG00000223745",0.370213386102758
"1188","ENSG00000147255","ENSG00000101938",0.368382949793767
"1189","ENSG00000204264","ENSG00000224417",0.368034019994226
"1190","ENSG00000155592","ENSG00000174437",0.361582093709531
"1191","ENSG00000116698","ENSG00000262766",0.35716069940011
"1192","ENSG00000010704","ENSG00000227825",0.356282275562456
"1193","ENSG00000075223","ENSG00000130921",0.356217451652926
"1194","ENSG00000160219","ENSG00000111110",0.3513843140789
"1195","ENSG00000156304","ENSG00000141027",0.349688760673267
"1196","ENSG00000214491","ENSG00000135116",0.349315423858451
"1197","ENSG00000155511","ENSG00000111110",0.334178639826075
"1198","ENSG00000111801","ENSG00000227825",0.328591225442609
"1199","ENSG00000137831","ENSG00000167011",0.324360545937432
"1200","ENSG00000203963","ENSG00000215018",0.320741537010863
"1201","ENSG00000150540","ENSG00000164828",0.320716682365703
"1202","ENSG00000091490","ENSG00000164828",0.318201355662724
"1203","ENSG00000154645","ENSG00000240875",0.316347946669938
"1204","ENSG00000165632","ENSG00000262766",0.312220025043947
"1205","ENSG00000131381","ENSG00000236432",0.308729389388918
"1206","ENSG00000240065","ENSG00000224417",0.29998874184389
"1207","ENSG00000240875","ENSG00000120262",0.29576027784403
"1208","ENSG00000082512","ENSG00000167011",0.289988527702902
"1209","ENSG00000204261","ENSG00000166800",0.265266339113601
"1210","ENSG00000066044","ENSG00000072736",0.264383606895849
"1211","ENSG00000135116","ENSG00000197208",0.259694435337517
"1212","ENSG00000066044","ENSG00000116698",0.249882476991109
"1213","ENSG00000169085","ENSG00000215018",0.228361980867309
"1214","ENSG00000225339","ENSG00000135116",0.226081820301507
"1215","ENSG00000162444","ENSG00000166800",0.222030889329957
"1216","ENSG00000091490","ENSG00000177733",0.218802502044892
"1217","ENSG00000234745","ENSG00000166800",0.187828991741291
"1218","ENSG00000134716","ENSG00000177733",0.178622209590174
