patient_1,patient_2,weight
294,515,0.9705201580637566
133,515,0.9684608225621919
224,516,0.939819294868126
107,428,0.9309773105548775
364,515,0.9218762601930335
459,515,0.9215882382935504
89,149,0.9213542922209321
133,294,0.91969017413445
294,364,0.9194178252211376
81,149,0.9161334074421899
232,351,0.9071901454511905
32,246,0.9066494153817638
81,89,0.9050977421916386
334,516,0.905022556403768
133,364,0.9036746622159566
229,404,0.9031357576113079
294,459,0.896357030811403
107,150,0.8953891898444267
246,292,0.8911178692602733
73,521,0.8899954561453624
133,459,0.8898896526726259
246,318,0.8847708957593972
124,133,0.8841351979576675
81,386,0.8769101673011039
316,352,0.8726469055841138
411,516,0.8716638980444346
32,318,0.8705210683460001
203,452,0.8702915141510437
292,318,0.869902247162382
150,428,0.8637576634337835
150,416,0.8617111494525118
160,384,0.8615897158442704
149,280,0.8615564150700815
89,311,0.8592871215882514
139,142,0.8586794705127827
217,266,0.8579526083833819
417,419,0.8575994678929437
468,517,0.8569214078053273
32,292,0.8564723462598636
18,347,0.8563192762237015
73,411,0.8561105831727638
117,160,0.8553754436809209
89,386,0.854474066224952
150,419,0.8535119059422844
316,322,0.8521913278176696
81,280,0.8501597263412493
411,428,0.849219249093336
411,521,0.8487799425617525
311,386,0.8481795635025173
224,334,0.8474443984445579
43,321,0.8468527618393362
452,497,0.8438028057851383
115,126,0.8424629514027254
364,459,0.8414186018473141
43,518,0.8409330577949823
107,515,0.8406028375378976
32,99,0.8393572364900037
125,284,0.8381076794154075
124,294,0.8376379593959467
42,417,0.8376018891315626
73,516,0.837139489818161
81,291,0.8368762630173654
411,515,0.8356256594587829
81,311,0.8355199832993867
124,515,0.8353375842720598
32,149,0.8352141441305199
316,324,0.8347825624401899
353,364,0.8332544493552617
43,355,0.8328352236613128
288,404,0.8322602680195917
404,495,0.8320880023331985
43,499,0.831614571281729
32,466,0.8300878730682606
81,246,0.8300724218836805
291,311,0.8281922034399998
291,386,0.8273101510309775
41,516,0.8271964724966892
405,468,0.8271951793152691
428,516,0.8271719808204967
73,428,0.8268008392020946
317,503,0.8265302994061164
280,386,0.8264777396440761
9,286,0.8260594994472765
149,386,0.8257223527171639
428,523,0.8253672244369487
107,125,0.8250187977092227
32,81,0.8240508409555708
415,468,0.8240372287647331
411,419,0.8230762370614744
355,388,0.8227896882729084
428,521,0.8225712743521231
229,466,0.8212806253583622
516,521,0.8191753544307427
229,288,0.8184812204076992
292,352,0.8182951439704793
490,491,0.8172940241622048
107,133,0.8167648738222164
142,425,0.8157821208835893
6,350,0.8156777488237626
120,413,0.8151156840272277
203,497,0.8149735930987024
294,411,0.8146932584846328
89,280,0.8141340595611539
322,324,0.8132993951029232
81,404,0.8131715931174104
266,379,0.8125870503706192
217,234,0.8125221398246608
124,459,0.8124859795127962
246,466,0.8121091909835687
246,352,0.8121077400062153
224,521,0.8119044428687273
41,224,0.81139607858004
149,229,0.810300577892459
234,266,0.8102156102462714
89,246,0.8098676487372203
150,417,0.8096306722991491
243,468,0.809516288077081
232,383,0.8093503370521478
294,353,0.8090110760279812
18,246,0.808973870409764
107,294,0.8088801189141364
379,503,0.808860446983751
95,335,0.8088564176057835
41,334,0.8083245340176999
99,246,0.8077651707230238
139,425,0.8076090702478259
218,447,0.807462649936721
18,509,0.8060928821611906
404,466,0.8060612287333664
149,311,0.8058541071022212
295,518,0.8054286034939886
224,411,0.8051329024868048
107,459,0.8044241361642597
32,89,0.8042266438405681
99,318,0.8032374698195168
280,291,0.8022948117991109
411,420,0.8021233857508001
246,386,0.8021158760667149
499,518,0.8020355404942912
149,246,0.801980978324459
133,411,0.8007744181803879
437,484,0.7991620295590737
350,352,0.7986135169952095
124,364,0.798505474105371
223,404,0.7983101423855068
117,384,0.797315907518952
126,266,0.796588887736299
145,317,0.7965578396391824
324,352,0.796546211246778
351,383,0.7962017472004284
516,523,0.7958956992259008
43,295,0.7958614432721824
43,388,0.7957320821158973
428,515,0.7955891227369063
73,224,0.7949972716299624
125,428,0.7947456494894825
352,377,0.7944839793581082
137,383,0.7942906552512651
234,317,0.7940322680389984
515,521,0.7938997094271516
473,516,0.792456055214431
307,321,0.7922829402358298
81,229,0.7920703227733283
163,517,0.7920115656542414
484,521,0.7905692277276459
317,379,0.7905641731555277
321,355,0.7899627696871666
126,217,0.78979727484021
428,477,0.7890371450326752
311,348,0.7874262892789581
321,499,0.7868518455930378
149,291,0.7866033334136
335,396,0.7859947365064059
416,428,0.7859628620987011
73,515,0.7858498069995296
107,284,0.7857138570506106
284,376,0.7855706344727734
295,321,0.785413382669867
347,509,0.7852282466334424
115,266,0.78512415192919
335,466,0.7850405324395024
386,404,0.7847262473939552
145,379,0.7843082189944462
145,266,0.7841816454955193
318,352,0.783837620367194
173,246,0.783318189149963
293,353,0.7832971890676446
177,503,0.7832901302532729
6,322,0.7827700446182608
224,403,0.7825450797530912
466,490,0.7824032010282903
43,404,0.7820757310921846
89,291,0.7817168954473667
419,516,0.7813038615233976
177,266,0.7807111175018342
364,411,0.780300875288919
411,459,0.780191786454898
266,503,0.7800897930330104
47,334,0.77989720683924
107,523,0.77982615025618
318,386,0.7798035803398649
115,379,0.7793465429458143
177,379,0.7792262544808931
388,518,0.7791672175405974
403,516,0.7788484972296431
313,389,0.7781463345473825
149,404,0.7779651425916333
18,517,0.7779213702481258
99,173,0.7778238764065672
355,518,0.7775382900359828
42,60,0.7772398269300678
229,495,0.7770700331206915
149,292,0.7768881001748433
334,411,0.7764014407901372
32,347,0.7760910020656153
177,234,0.7755301827476364
246,347,0.7752943805762291
280,292,0.7750832086140154
150,515,0.7749678326326759
217,280,0.774799004487297
419,428,0.774609737872352
116,315,0.7744733927356053
17,120,0.7741754628240933
243,517,0.7728555898341776
246,280,0.7725376465527751
294,521,0.7724377331725492
126,145,0.7723737689118264
43,413,0.7722856053398663
291,348,0.772068895623388
126,379,0.7720534629199195
73,334,0.7719784389685935
347,517,0.7715032468575482
43,415,0.7713318349082319
115,217,0.7711944964239958
137,232,0.7708650500666326
292,466,0.7708561095440315
142,162,0.7702566494823229
375,459,0.7700096144302209
234,379,0.7698551314166042
375,515,0.7697969342747168
364,403,0.7694822920727127
43,307,0.7694540476922154
157,415,0.7689838471701795
295,499,0.7687364677545648
137,351,0.7687182688264936
403,515,0.7680747086611237
295,355,0.7676911106056232
32,352,0.7676796721267106
224,428,0.7674180532948441
280,311,0.7666041119025797
351,403,0.7665125825139882
73,133,0.7664147074429475
315,404,0.7658865793656877
145,503,0.7656295210111901
139,316,0.7655894896144336
149,266,0.7653613369883101
416,419,0.7650404101604619
355,389,0.7646277732487541
99,292,0.7645833059123965
294,403,0.7645343437577237
348,386,0.7644624294522919
229,280,0.7642123383759343
81,318,0.7636561983506522
2,322,0.7635447701366476
209,302,0.7626825460696751
43,229,0.7626349543537173
139,162,0.7625197741183438
302,480,0.7617583977809285
133,428,0.7616612121906952
411,484,0.7616300030878351
81,348,0.7610904741657627
459,521,0.7610833065931173
73,294,0.7609701087872741
173,386,0.760580096152887
229,315,0.760473109045807
173,318,0.7602629993663979
150,523,0.7594526078897633
246,291,0.7593845787664695
226,497,0.7589040986529473
81,466,0.7587722138000471
217,379,0.7580297292014639
17,18,0.7577671972901863
229,355,0.7576979918635546
419,515,0.7571106396610368
94,473,0.7570464113820683
107,416,0.7565801022623418
18,32,0.7565436559308122
107,364,0.7562948338523601
313,499,0.7557525814407244
266,386,0.755442230475998
314,354,0.7554177850483983
416,417,0.755159390184079
119,308,0.7548935906979304
319,356,0.7544639726710294
466,491,0.7542877578534237
18,251,0.7541618945643158
32,509,0.7540129401055964
150,459,0.7539682345691687
189,503,0.7536562209628471
139,352,0.7533788791626992
32,173,0.7533778457724237
266,317,0.7531080891832687
81,292,0.7530373994760655
115,503,0.7527752800380274
89,495,0.75276244931914
316,347,0.7526463409950894
308,459,0.7521181668581061
73,419,0.7520232438569268
311,495,0.7519141249507376
177,189,0.7517359057003119
414,428,0.7515070935453094
284,428,0.7513860004546551
321,518,0.7512604103459544
355,499,0.750795571624461
94,491,0.750616892237437
133,521,0.7504710312091822
388,499,0.750419366295374
150,397,0.750396107226132
126,503,0.7502541828340137
419,521,0.7501966038055501
237,447,0.7501653007732514
322,352,0.750151816855807
353,515,0.7501500469714582
189,351,0.7499369136958507
89,404,0.7496706556409487
405,517,0.7493572448596623
294,375,0.7492123010350125
232,403,0.7488983027933807
125,150,0.7483612156854381
321,388,0.7482853639497368
42,150,0.7479686716853
294,419,0.7477486504146786
334,451,0.7477091010682562
295,388,0.7476228561415528
133,403,0.7475977709856394
379,386,0.7475743443598777
307,499,0.7469571525547076
315,495,0.7467307979124826
414,416,0.746677287227608
145,217,0.7465604413926683
246,311,0.7464059109943941
251,270,0.7462392172376675
307,495,0.7461668922927037
89,348,0.7459189410885256
41,473,0.7452381960507454
229,291,0.745227201270515
265,468,0.74511763294864
149,318,0.7450279733571485
124,375,0.7446707174059698
126,317,0.7438338384912422
334,403,0.743483986632547
234,503,0.7434386744160585
149,466,0.742999227310222
189,232,0.7428905860285056
115,177,0.7428082443030013
224,523,0.7427971943426765
6,352,0.7427204163377922
243,405,0.7424359149714403
318,466,0.742215960148243
107,148,0.7421925801240635
291,318,0.7421921565607771
178,517,0.7416927927104904
226,452,0.7416149343960987
234,280,0.7413028955043566
137,189,0.7411899702708932
270,292,0.7411643054438888
41,411,0.7410759049816842
295,313,0.7408483115411468
60,397,0.7407400260850556
115,145,0.7406788047828881
246,517,0.7403905863177213
224,473,0.7401377765688771
126,177,0.739695658082087
319,322,0.7396378782659738
173,347,0.739197402360163
6,324,0.7391947581620075
451,516,0.7391896927895795
47,516,0.7391355840726013
124,411,0.7391273561927999
125,477,0.738936787247161
266,347,0.7388482390410955
2,316,0.7388215490150745
133,353,0.7376901410574672
2,6,0.737246845100956
351,451,0.7372215786768812
115,317,0.7371602009021944
355,404,0.7371471899433322
311,318,0.7370211361110377
347,379,0.7370166625640291
404,425,0.7368818903354454
452,516,0.7365531409570905
266,468,0.7362768918831208
335,404,0.7358196385692573
347,396,0.7357506146336186
354,403,0.7355512797637349
515,523,0.7350312020671003
18,318,0.7349485920783949
295,389,0.7345563630371429
81,99,0.7344271757172729
292,335,0.7340916872629693
18,145,0.7337335448012468
404,518,0.7337228904231377
203,334,0.7336955445649233
223,288,0.7335687275966842
265,405,0.7335417880379818
234,386,0.7334503465081055
334,473,0.7332969665448632
246,509,0.7328900944080897
218,415,0.7327624049758392
124,353,0.7325697765145771
324,379,0.7323678896281555
229,335,0.7323638087680153
314,349,0.7322851271519014
81,126,0.7322585441382106
73,420,0.7320231382207031
364,521,0.7317704582361386
189,383,0.7314836808664826
352,356,0.7314778556401633
223,229,0.7314230233999406
288,495,0.7312713572953187
284,403,0.7306185243991896
149,217,0.7297415510373806
351,452,0.7296165957636911
145,234,0.7294298449951988
116,288,0.7289184347236602
33,60,0.7287243546789542
324,350,0.7286368205689151
411,523,0.7285487937198023
466,495,0.7281905087553144
107,272,0.7281593598082683
126,234,0.7278193292326245
73,484,0.7274871846786264
145,311,0.7274725620336144
43,495,0.7270189379119123
172,286,0.7266924427629535
116,495,0.7264629160130159
125,414,0.726282964192777
264,506,0.7254804832773066
160,417,0.725326277348747
420,521,0.7252593108970986
389,403,0.7252127091062488
95,396,0.7249877105816118
47,473,0.7245071548810809
177,217,0.7241729260624281
99,149,0.7239404220706499
6,316,0.7237008124751001
437,501,0.7229854174261402
428,484,0.7227739566663552
139,322,0.7223221226647519
317,347,0.7222540193488152
246,335,0.7222352959216001
109,499,0.7213858301686007
133,452,0.7209456740674469
89,115,0.7209412842147631
419,523,0.7209358032091142
6,139,0.7209166508458726
420,516,0.7205946151142348
218,321,0.7204634679474795
251,292,0.7202756663021179
178,223,0.7202392892894289
18,270,0.7199634954639627
353,403,0.7196904674829275
125,376,0.719205926048918
403,452,0.718996917924131
477,480,0.7187478382145609
311,317,0.7184260877742077
224,451,0.7181286872158418
217,468,0.7181178598940114
125,523,0.7178462863813309
288,466,0.7176691280844386
447,468,0.7176067795097358
318,335,0.7175761097056603
133,375,0.7166584553055346
405,447,0.7166331628662705
316,350,0.7164883232112016
89,317,0.7164074584105236
415,499,0.7162288184946637
41,73,0.7161796226429858
47,224,0.7160291485560036
209,480,0.7159693323111909
99,347,0.7154487316341309
115,234,0.7152843930201931
149,348,0.7150290965755826
451,484,0.7149079493533056
217,503,0.7141304729327949
178,466,0.7139222029538268
266,405,0.7136807785363828
288,315,0.7136331913186205
294,523,0.7135408723641976
484,516,0.7134610426078494
35,413,0.7129123545322082
119,459,0.7126436084562199
264,320,0.7124692349231931
139,466,0.7124380947279831
217,405,0.712308045526392
99,466,0.7122738040297198
157,468,0.7121429190743471
109,355,0.7120752696761037
229,413,0.7119769720432183
133,160,0.7118341572948417
415,517,0.7115288397089794
350,356,0.7113252719115385
178,246,0.7112220536400391
288,291,0.7110308693926376
243,415,0.7109358029954724
452,523,0.7108066977306753
160,515,0.7107473111854105
149,288,0.7105869573997224
119,375,0.7101370878142319
232,516,0.710008560667398
32,335,0.7092724260546376
198,335,0.7092671250366396
223,495,0.7092566467502457
18,316,0.7086245891467194
364,375,0.7086084265213642
237,451,0.7085535897725079
315,466,0.7085280321081466
321,389,0.708426008458354
43,142,0.7083952923321291
95,466,0.707821376800429
452,515,0.7077190364305485
178,318,0.7076433643262496
224,420,0.7071286307261408
322,350,0.7067127670976008
509,517,0.7066693472549986
313,321,0.706661679273952
137,145,0.7054872354681728
47,406,0.7053150882208564
335,425,0.7052855901461441
41,47,0.7052542057476598
353,375,0.7052268611545923
107,124,0.7051450294921073
42,419,0.7051239601220034
33,46,0.7051114465259897
32,490,0.7048542656495412
375,411,0.7047868915006451
41,451,0.7045097109482723
41,521,0.7043363516532892
125,209,0.7042379903396514
2,350,0.703899447541092
218,237,0.7038206625921618
335,394,0.7037649393951915
270,509,0.7037575375270864
468,503,0.703561324417064
406,516,0.7035386765864188
6,404,0.7033289498145388
334,452,0.702935557350651
226,420,0.7028437294165705
177,506,0.7025313020880151
139,324,0.7018270317149993
388,389,0.7017592711170422
307,313,0.7016972498640266
17,413,0.7016117077598854
109,518,0.7014814536033009
503,509,0.7013042072938906
163,243,0.7011216913727086
316,377,0.7010510746095404
251,266,0.7010087123327314
302,477,0.7007231588807759
413,415,0.7006921884854989
388,404,0.7006555654497116
266,518,0.7005658843979319
60,417,0.7004684493845781
139,246,0.7004131652890733
405,415,0.7004093019790161
109,388,0.7003474108848942
157,243,0.7002242676483569
178,335,0.7001926316873777
389,518,0.7000593089035387
324,347,0.6995112467708189
17,347,0.6993028578806171
251,347,0.6992169379924351
73,124,0.6991984683164894
162,425,0.6991184266502315
351,516,0.6990902283969307
419,497,0.6989442380283474
243,447,0.6989069723819819
137,503,0.697929223228404
209,477,0.6979008762104202
293,364,0.6976766204981115
251,509,0.6976420231157306
73,416,0.6976039159695144
42,117,0.6975997783709158
178,404,0.6974415234358687
317,447,0.6971711141128031
109,389,0.6970446259153011
414,477,0.696947271726596
447,451,0.6967578319191958
173,311,0.6967400348288608
294,420,0.6966096931822904
142,413,0.6959233545368437
295,307,0.6958078612781824
484,497,0.6957727465112157
320,473,0.6957684568669468
389,499,0.695590286488028
411,497,0.6955381085546304
116,404,0.6954820115795107
364,420,0.6954080968979143
308,364,0.6953429926786888
229,388,0.6952737493974281
46,60,0.6952657066064236
133,526,0.6952269490502558
119,347,0.6951076841236402
270,347,0.6949745875590172
349,354,0.6948171354712784
293,295,0.6946655573569395
280,348,0.6943877868105619
160,232,0.6940881010486079
223,466,0.6940255022805112
415,518,0.6939401586868786
411,473,0.6938434778524992
150,284,0.6933783353310948
266,324,0.6931743508665968
81,288,0.6930727077588821
416,521,0.6930104679794956
308,515,0.6928854906499212
397,416,0.6926229743120693
243,266,0.6925388503666277
153,466,0.6923057055722777
47,320,0.6922408210902724
284,302,0.6921945618427465
2,352,0.6919850677566323
232,452,0.6915460214535019
153,404,0.6912284728290697
33,396,0.6909414120101369
203,516,0.6908756843661228
107,414,0.6908062256704519
218,243,0.6908004831273873
417,428,0.6906796904868491
229,425,0.6905685131171031
384,417,0.6902374669885394
243,379,0.689537696150039
223,415,0.6895376935178172
35,139,0.6890250313387258
411,451,0.6888782729179084
302,319,0.6887699979814539
437,521,0.688647038447815
148,480,0.6886109273330062
99,291,0.6885581354451049
35,43,0.6885535008975898
33,95,0.6884003513401294
73,473,0.6882922333633813
107,477,0.6882620588288584
160,526,0.6880123607020577
163,468,0.6879174719157126
157,218,0.6877986384624422
356,377,0.6876992469532661
234,447,0.6876284071708134
107,302,0.6875982451674907
232,451,0.6875749881575703
203,226,0.6875091927279922
292,509,0.6873720289205869
41,218,0.6871772708181004
350,377,0.6870265656892035
137,317,0.6869431231119709
125,403,0.6868121038205173
149,315,0.68681105580055
33,335,0.686787024254174
224,484,0.6866987375882663
2,139,0.6865776302882332
324,386,0.686486806612906
451,477,0.6863003996790936
133,308,0.6862268333899131
145,447,0.6859716064958121
148,376,0.6859655661900335
264,403,0.6858176150032791
94,223,0.6857896575917197
117,173,0.6855934804794852
316,396,0.6853759525619818
177,317,0.6851792175875389
178,491,0.6850566502058657
148,284,0.6844283534229467
320,403,0.6841106844985683
41,237,0.6840818103780302
17,246,0.6840301015895263
203,451,0.6839956686980815
9,172,0.6839750651522162
17,319,0.6839562599191592
125,148,0.683923767252274
160,459,0.6837917092390778
42,384,0.6832349126783137
497,521,0.6832087579081166
60,396,0.6828768896479924
477,516,0.6828501547659331
43,313,0.6828427671124833
119,490,0.6828166269013873
189,217,0.6826641589497865
117,526,0.6825633993675058
350,495,0.6824116901600787
117,417,0.682150817911638
89,173,0.6820696294583423
302,351,0.6819083546637497
106,300,0.6813154072209008
60,416,0.6812956202899249
322,377,0.6811667093594564
116,490,0.6810739415386442
477,523,0.6809894642912073
251,517,0.6809484137189874
32,198,0.6808424758707979
228,353,0.680789429610838
153,246,0.6806377832926828
497,523,0.6804695491460961
266,270,0.6804210472898036
198,246,0.6802736496934291
307,518,0.6802651122738137
95,246,0.6799767560586869
419,420,0.6799363891101227
173,384,0.6799224311579903
237,405,0.6795313673464447
413,518,0.6795160009703922
139,350,0.6794761636441541
316,319,0.6794681270926843
413,414,0.6794016422900193
32,178,0.6790814965918428
246,270,0.6788199792211442
120,376,0.6785952001845992
246,251,0.6784802325968583
413,499,0.6784642964465163
411,417,0.6784262836253414
420,428,0.6783454418337136
272,428,0.6776121044041958
6,386,0.6774131293282455
232,523,0.6773489170439891
18,396,0.677021156525272
379,396,0.6767228415913719
417,484,0.676347759480605
497,516,0.676297954833146
99,270,0.6762669502013463
43,218,0.6756125924692247
264,288,0.6749984979823578
95,394,0.674967605672775
319,480,0.6746331484713004
334,351,0.6744230922864114
228,292,0.6740638836047788
73,414,0.6737878155044107
81,223,0.6737656210965375
119,293,0.6737583081308556
284,477,0.6735909368999742
270,526,0.6732523233520813
294,308,0.6731670144931259
33,42,0.6731287364293609
60,150,0.6730205176282934
109,313,0.6730084990997995
145,322,0.6728509480450049
217,251,0.6726230137550758
198,396,0.6724288760076684
32,396,0.6724082470555358
142,466,0.6722163832343137
32,491,0.6720213482052955
293,321,0.6719721077387316
178,218,0.6714109718075096
125,302,0.6713176620985947
348,404,0.6712644623814402
47,73,0.6712599911127598
316,349,0.6712436894918188
160,484,0.6712231741307726
246,425,0.6712157715270155
157,405,0.670928738880398
142,415,0.6708470220538496
284,523,0.6707570358513593
377,404,0.6707020710484827
198,517,0.6706473556039314
316,356,0.6703661133798045
189,234,0.6702740120016638
125,272,0.6701488320732851
106,316,0.6699399852654123
428,497,0.6698327107106813
6,495,0.6697769465606025
218,355,0.6696271596550902
148,302,0.6689437678528587
280,506,0.6687950571068412
348,495,0.6687290934596285
160,294,0.6684102612853584
351,526,0.6680815884695125
116,320,0.6680731062762995
18,198,0.6678968721560847
32,95,0.6678057404327915
157,223,0.6675670035757875
94,490,0.6673640649289663
515,526,0.6673555229196343
415,491,0.6672904270252495
81,425,0.6671097916237737
81,315,0.6669937279436047
142,229,0.6668274384827557
349,352,0.6667896738399988
145,307,0.6664458523232795
42,397,0.6662957783879491
115,137,0.666003801281339
124,308,0.6659450582733495
94,315,0.6659312182856825
120,356,0.6658215178047999
115,189,0.6657101312191591
124,293,0.665567828857151
425,466,0.6655315582956522
292,425,0.6651814536805795
406,506,0.6651352882168233
94,116,0.6651102559962334
142,499,0.6649003219372734
320,495,0.6648280227193917
139,153,0.6647095644568088
89,315,0.6645220346053422
46,396,0.6645068944216396
406,451,0.6637743470294322
384,515,0.6636429925924479
313,518,0.6635766426007474
153,335,0.6632162055129945
397,417,0.6630393317921812
43,109,0.6629664465281857
47,116,0.6627276727260704
237,477,0.6626483942489338
377,466,0.6625658576732141
43,157,0.6625653369119859
32,270,0.6625352904054803
150,414,0.6624205107344059
292,377,0.6620476871986181
224,414,0.6618919293585188
265,437,0.6618788397362703
33,491,0.6615446402811773
319,352,0.6610752703831746
428,473,0.6608340089089418
353,459,0.660833077794932
319,350,0.6604369161655426
198,266,0.6599949713031721
153,352,0.6599415047048505
218,307,0.6597873717782292
148,428,0.6597712101635564
42,160,0.6597503394529458
414,521,0.659242959360796
307,308,0.6592225632091236
148,150,0.6592174564836208
383,526,0.6589057805347667
406,501,0.6588815360440725
232,354,0.658873393431904
95,490,0.6588452495520675
46,417,0.6586904822437895
43,153,0.6584515270888561
237,265,0.658437837906868
351,406,0.6578617234575304
293,308,0.6577128167676347
209,284,0.6576737807987916
198,347,0.6573272708172935
437,517,0.6572417299255561
383,451,0.6570219045053514
35,415,0.6569737318006077
119,466,0.6568411860588201
293,375,0.6566997272558319
232,302,0.6566985522324668
95,198,0.6562148972871599
383,503,0.6561234726377334
228,466,0.6559985845001162
157,499,0.6558721357422987
286,335,0.6558640647071408
318,509,0.6558113184054991
35,404,0.6557903057239394
320,404,0.6557697806337317
386,506,0.6556224182817091
6,377,0.6555875591810902
163,484,0.6555564611302831
163,420,0.6554069142579357
42,416,0.6551905122146361
11,452,0.6550660475864017
288,320,0.6550332882871742
99,251,0.6548530665458421
406,473,0.6545122533637683
46,419,0.6541177111129219
319,324,0.6539606552662485
46,251,0.6539303817772333
302,376,0.6535914290157748
228,264,0.6535096481403961
41,94,0.653441479597146
177,265,0.6533807117482231
249,335,0.6533618261818412
490,495,0.6532537168226761
314,324,0.653240374697803
246,377,0.6531777623742986
284,480,0.6530515350093952
272,414,0.6528288758769494
109,295,0.6525066475480195
120,499,0.6524091530314315
286,466,0.6518864491352685
437,509,0.6518478329937278
81,153,0.6516491315900628
264,315,0.6515171842760445
384,459,0.6514711600917626
145,348,0.6514382831133538
293,347,0.6506379317446533
406,417,0.6505364520108954
157,517,0.6501883301311695
224,264,0.6501263263394358
142,404,0.6498510413264427
253,516,0.649841613117043
124,526,0.6498351487596473
253,428,0.6497656416205642
288,506,0.6495422442528
356,388,0.649108550047764
232,526,0.6491023205923494
226,353,0.6488991740158252
351,354,0.6488689597259826
35,223,0.6488609938332351
133,384,0.6487947975562134
253,523,0.6485449880116159
35,142,0.6484995059113936
379,447,0.6484615752865803
126,137,0.648317328836668
9,466,0.6482960499995134
120,518,0.6482071534036095
148,414,0.6481759858244902
73,253,0.6481421799961454
99,117,0.6480925010750067
33,416,0.6478953637571194
116,229,0.6472082803864693
355,356,0.6470451651261433
334,406,0.6464817891450403
43,389,0.64628126586855
32,249,0.6460939908806863
145,189,0.6458973067154339
351,480,0.645429245258476
60,95,0.6454025042229584
198,468,0.645288116731262
133,293,0.6451523251587786
354,452,0.6451232548551455
47,264,0.644848477636273
116,311,0.6448143903596777
47,157,0.6446358534782952
349,350,0.6445394894132583
33,417,0.644510147115458
224,406,0.644461045215289
501,506,0.6442502506702792
324,349,0.6442121291456948
356,413,0.6440277420729952
272,284,0.6439226961029543
376,480,0.6439143003301936
109,120,0.6438220892595201
47,94,0.6436980179530284
294,354,0.6435191520882083
228,318,0.6434994059833563
394,396,0.6429519252011866
203,411,0.6429432475583466
178,286,0.642843650362046
294,384,0.6427665127813604
6,106,0.6426596028843321
89,490,0.6425889592567473
2,377,0.6420953937190316
396,397,0.6420341389286517
153,292,0.6419265805819321
153,318,0.6418961385508805
107,376,0.6417151405184431
232,265,0.6416268171499564
6,319,0.6416163810300493
42,46,0.6416022508588546
17,251,0.6415627883045747
149,501,0.6414272377860268
35,517,0.640753113236334
120,272,0.6407107969787276
224,253,0.6404900302086239
228,364,0.640319234572438
272,413,0.640284443384913
272,376,0.6398189061387518
73,437,0.6396807927422521
125,264,0.6394327764434913
137,266,0.6392059002672978
119,124,0.6391938239273625
228,288,0.6387020127358787
375,526,0.6384481281717007
292,506,0.6383607035510784
120,148,0.637938386906118
162,229,0.6377638932870454
209,376,0.6370624181929109
272,416,0.6369380409080221
224,354,0.6367437574459212
384,406,0.6365682890143329
383,480,0.6365474001645826
120,284,0.6364748400285837
324,356,0.636359184244762
228,320,0.636095665804939
35,254,0.6357679364667728
224,265,0.6355298098071145
35,81,0.6353037769146551
203,473,0.6352992041836882
149,490,0.6352161317448577
354,516,0.6351819291329033
32,33,0.6346086512468267
228,377,0.6341926327245865
2,106,0.6341623223667856
109,288,0.6340245776130529
264,516,0.6338720730917032
163,451,0.6338434667426586
94,157,0.6337782086699029
317,383,0.6334917239818791
253,452,0.6332726231964964
291,506,0.6330198824205848
253,521,0.6329714197725491
133,203,0.6323668152018647
265,415,0.6320853757288187
313,403,0.6318443734903739
265,447,0.6317644061533645
95,491,0.6307206625722634
237,411,0.6300949691221438
163,405,0.6297315719107054
4,286,0.6292714043990795
313,388,0.6291565033182351
117,490,0.6287583037387778
2,324,0.628747169799732
119,509,0.6282718662743998
33,397,0.6279730063415467
17,517,0.6279296791781225
308,375,0.6277122322318225
356,376,0.6276355716865751
162,466,0.6275209503396479
246,286,0.6269250968993864
315,320,0.6268465038791465
120,209,0.6268076204493955
178,249,0.6267948395795726
203,523,0.6265462853923384
253,515,0.6264719598459543
163,270,0.626068549123926
17,35,0.6259601528746713
107,480,0.6258953931318954
249,352,0.6255716301591048
81,501,0.6253338875255596
223,491,0.6253279276972343
117,124,0.6247247250711325
149,162,0.6244025718719975
265,451,0.6242935336846639
17,32,0.6242569986941078
9,335,0.6242541279983188
237,243,0.6241924188687002
437,468,0.6236545746923634
286,425,0.6235350005015817
43,119,0.6233814270580531
253,411,0.6233032016973419
286,352,0.6232190014994078
354,356,0.6230707675319236
223,286,0.6229842942834045
46,416,0.6229632725635946
2,308,0.6224386435270977
253,364,0.6218778297963492
145,383,0.6215255897184011
249,517,0.6214886227144181
414,437,0.6214474453673882
94,218,0.6210630446452361
237,484,0.6200584619081545
163,437,0.619894837103677
270,349,0.6195953925610345
224,226,0.6195256634507776
473,491,0.6193982845031428
150,272,0.619328762649705
106,162,0.619193393013923
473,501,0.6187471131804534
209,319,0.6186712004937096
46,397,0.6178634743851416
46,394,0.6175281875194519
106,139,0.6168971731428892
160,506,0.6164618757526592
229,249,0.615454652749357
226,411,0.6148457863430378
11,497,0.6146967684786824
107,397,0.6143082604662262
249,466,0.61367602210676
226,294,0.6130887891689336
394,419,0.6129516414388534
491,501,0.6126347944607372
162,491,0.612310764027697
95,397,0.612098046542794
228,294,0.6119221260256493
249,413,0.611831401523268
249,404,0.6113475996288043
163,509,0.6094112241863915
106,322,0.6091785555177015
254,315,0.6088435290633983
142,249,0.608371075868298
162,404,0.6081282045322207
9,142,0.6078295914056037
11,226,0.6076469192760293
226,364,0.6069309526918578
117,232,0.6062625727003852
477,501,0.6061353925860362
319,349,0.6053515648918508
417,501,0.6050785548219269
60,419,0.6042519600120052
106,350,0.602460050531633
265,501,0.601979862205035
209,414,0.6015911486571799
314,503,0.6013528446685574
89,162,0.6005704302767947
4,172,0.6004924618902592
314,350,0.6004529645707841
209,351,0.5999982220489577
232,314,0.5999165962276076
4,9,0.5995006176096208
9,396,0.5983068160663161
6,314,0.5981692795327891
137,314,0.5981102078058104
314,322,0.5972050531933989
198,394,0.5940619175514964
314,383,0.5937592043251074
43,106,0.5935809972894037
9,249,0.5933970907764397
157,254,0.5930712000411893
9,425,0.5904572209804606
9,413,0.5901747205814762
106,324,0.5892904743725682
4,377,0.5886684066998054
163,349,0.584309512849523
349,356,0.5827389960338478
172,356,0.5734132792750584
300,518,0.5680513424543272
11,506,0.5673049195219422
228,394,0.5661664444070327
11,203,0.5654325051730238
364,394,0.5644486436627838
11,32,0.5640650862158392
18,300,0.5555993930793526
163,394,0.5553829401059089
394,420,0.554663178315692
172,178,0.5536640389792836
119,300,0.5530019329037379
172,319,0.5502348971402219
172,218,0.5497105528185982
94,254,0.5490475616598838
4,264,0.5464145794590805
198,300,0.5438472386335629
157,172,0.5427639098660295
172,302,0.5420755088116551
254,265,0.5420312414436976
4,300,0.5405687872390099
172,334,0.5404405047658749
11,292,0.5399041068768095
295,300,0.5398078336134005
4,375,0.5391846518004917
162,254,0.5371315691267935
47,254,0.5368180643535565
293,300,0.5360711092325403
4,314,0.5357104994993267
300,509,0.5356113190017504
95,254,0.5352789785422795
11,246,0.5339872587402569
254,491,0.5299883744405056
11,249,0.5298504792150242
11,352,0.5290314475797008
4,350,0.5285533835558115
32,300,0.5279060100979505
253,254,0.5236430802847949
4,506,0.5231053469854001
