,0,1,2,3,4,5,6,7,8,9,10,11,12,13,14,15,16,17,18,19,20,21,22,23,24,25,26,27,28,29,30,31
2,-0.2276208,-0.032004856,0.0048696995,-0.048153833,0.16467522,0.41471213,0.2097678,0.23249625,0.019617252,0.39552152,-0.632445,-0.23285504,0.04383433,-0.110817075,0.18436043,0.4170269,-0.15040126,0.25806892,-0.16130488,-0.0056348694,0.41309288,0.40246597,0.7732383,-0.3835231,0.55206925,0.40422174,-0.2100955,-0.30375203,0.08795877,-0.47431034,-0.21142076,-0.233235
4,-0.17034188,0.0615172,-0.13122457,-0.08840418,-0.4918233,-0.15027624,0.13698785,-0.5703091,0.9279114,0.7827182,-0.10709443,0.14769574,-0.83227795,-0.47795445,-0.3002861,0.35413507,0.021101162,-0.13162075,-0.13829945,0.6365339,0.15634233,0.87967086,0.10389786,-0.32467157,0.32910764,0.092247546,-0.7676833,0.531496,0.5825473,-0.49535927,-0.21790957,0.20549592
6,0.2342397,-0.077356055,0.4065987,0.10853285,-0.28707784,-0.46301496,0.02492501,0.34884664,0.63257414,0.77129275,-1.1055197,-0.14397433,-0.20247872,-0.118957095,-0.19577952,0.20822436,0.12626748,0.67144877,0.26582003,0.05460885,0.6479185,0.13337095,0.26936886,0.19348367,-0.07879535,0.25501338,-0.5197519,-0.11006253,-0.33823696,-0.259794,0.06594817,0.5559036
9,-0.19441521,-0.13466497,0.43869606,-0.2949063,0.0031620238,-0.10806508,0.07492378,-0.5821483,0.07311479,0.30841056,0.74440986,-0.21563752,0.7866963,-0.8015544,-0.63501525,-0.25855422,0.36213687,0.50555193,-0.061503146,-0.21147428,0.4117224,-0.027132686,0.6561856,-0.012452493,-0.12128516,-0.21324411,-0.64066386,-1.2087837,0.7702334,0.12323505,-0.32090804,0.8798809
11,0.49087337,-0.29022816,0.4859557,0.23721394,-0.3204556,0.027569033,-0.11666628,0.6438738,-0.1140967,0.13038981,0.70603585,-0.9718892,-0.19569762,-0.09818286,0.4944837,0.5454327,0.9348729,-0.17627454,0.42514637,0.14319539,0.04072766,0.14096794,0.99204075,0.078435846,-0.38778245,1.028489,-0.23289154,0.24563023,-0.0057497793,0.0932964,0.06432978,-0.009982849
17,-0.055446185,-1.4298412,-1.5214106,0.49275175,0.22550857,-0.6440845,0.104128204,0.1599115,0.14156938,0.2144032,0.32640162,-0.64311534,-0.103607215,-1.283526,0.20134759,-0.8843556,0.66155845,0.2937041,0.06612625,0.4624719,-0.12794213,0.9499559,0.87285775,1.0311906,0.101072565,0.15553656,0.017204516,-0.57661515,-1.0906937,-0.09534304,-0.48724326,-0.23056543
18,-0.20113234,0.033054005,-0.43137297,-0.038031813,0.31946096,-0.16671455,0.28268445,-0.015792945,0.10905659,-0.59535223,-0.4656289,-0.3489311,0.5905219,-0.5541891,-0.7886133,-0.10334516,0.6528933,-0.46035516,0.16113311,1.1649039,-0.06864121,-0.18357138,1.1186976,-0.33392483,0.6464312,0.46910143,-0.7251625,0.36217225,-0.020351851,-0.51564395,-0.63465995,0.6251407
32,0.13522911,0.027980244,0.46234003,-0.10068946,-0.04266413,-0.55054265,0.58177215,-0.97563267,-0.9035758,0.2032691,0.067514226,-0.71962196,0.2743759,-0.33228594,-0.17092766,0.2704241,-0.018222712,0.31330985,0.26813078,0.23889995,0.27075645,0.35710758,0.47046176,-0.25150174,-0.28482825,-0.33320895,-0.46851435,-0.20500827,-0.6825637,-0.3347988,-0.13312112,-0.16118081
33,0.115931734,-0.26563305,0.5802866,-0.10754511,-0.087498434,-0.28635958,0.1049546,0.17718504,0.33638442,-0.017372327,0.11321625,-0.5724765,0.39553612,0.19599073,0.16383114,0.37369603,0.15773469,-0.05904161,-0.2109833,0.16898955,1.2304524,0.07618585,0.6990478,-0.06973732,0.075524546,-0.7532792,-0.5539131,0.42687586,0.5653036,0.6888107,0.33150393,0.37471882
35,0.64056724,0.44876897,0.1717067,0.24531789,0.10435478,-0.4745955,0.43442944,-0.13383766,-0.27075443,-0.097614236,-0.30815083,-0.67570096,0.22847524,-0.36198625,-0.37496006,-0.118348025,0.8474521,0.25640234,0.38945276,-0.10091086,0.10960534,0.15352027,0.39853457,0.34043777,0.36837766,0.10313841,-0.5605885,-0.1198518,0.8902761,-0.1990133,-0.14250644,0.54854095
41,0.1069432,0.12784037,0.15344618,0.2846782,-0.039368954,0.24045217,0.758566,-0.029783983,-0.053674772,0.45033547,-0.12797631,-0.8608377,-0.028002305,-0.56095564,0.25360802,0.14778781,0.17481019,-0.052615356,0.49499536,-0.11660415,0.32711667,0.5239118,0.40142578,0.04456405,0.21076253,0.0851371,0.23036924,-0.31608918,0.16990627,-0.2537094,0.7513498,0.008042414
42,0.023889385,0.6329483,0.71717393,-0.39452663,-0.38668084,-0.85805506,0.7930881,-0.394267,-0.6259767,-0.3835928,0.22079389,-0.35798648,-0.22239159,-0.2960269,0.6767564,0.15537752,0.23387614,-0.28677782,0.33809525,0.7052036,0.223512,0.68847436,0.31793058,0.3807453,0.1988773,-0.25455412,-0.3989084,-0.2971503,0.43248135,0.03253971,-0.072693735,0.28624943
43,0.086428165,-0.18368463,0.12585975,0.2828703,0.069390446,-0.012977087,0.332421,0.52000606,0.3915615,0.10216408,-0.24482451,-0.10701132,0.039606865,0.00038070368,0.34926143,-0.095949195,0.14869802,-0.12093983,0.4666759,-0.23710434,0.7434963,-0.030195847,0.95832574,-0.00857419,0.3390308,-0.42767116,-0.307188,-0.1905697,0.45117027,0.02053324,0.49024215,0.61533964
46,-0.19913264,0.2711441,0.9495188,0.39520985,-0.8513498,-0.18227358,0.31976333,-0.0741375,0.2138386,0.18782341,-0.697294,0.03328956,0.35990113,-0.35826442,-0.32834482,0.065961175,0.40550518,0.38933268,-1.1064374,0.2521311,0.96486574,-0.010753283,0.76535904,-0.25487548,0.0152566545,-0.095521845,-0.21375464,0.7827524,-0.11882228,0.18840602,0.081536055,-0.08506505
47,-0.38309896,-0.20257953,0.004338213,0.21408539,0.8229526,-0.5015579,-0.27411076,0.20361061,0.17917763,0.112942085,0.03214078,-0.703033,-0.5722585,0.93334234,-0.062367473,-0.13738513,0.35909835,0.41351438,0.2761306,0.34975743,0.3050769,0.27649525,0.24199541,0.24996492,0.18747048,0.34194285,-1.2418635,-0.098751195,-0.50956315,-0.63989437,-0.13996555,1.0005049
60,0.42384186,-0.16009957,0.32830927,0.16000646,0.18736999,-0.6005988,0.3493249,0.3564711,0.64464754,0.7071013,0.2779132,-0.5633897,0.05574231,0.3549752,0.109745085,-0.49806952,0.5266265,-0.16408105,-0.11375085,-0.12668356,0.32430086,0.50672215,0.4517881,0.46373272,0.2830113,-0.3469278,-0.47235492,0.2810612,0.80607915,-0.1399771,0.04333885,-0.14048348
73,0.015760854,-0.36736557,-0.00067203026,-0.28265288,0.18776755,0.3507436,0.2651823,-0.25149807,-0.42462242,-0.048318114,0.14175478,0.06917263,0.2604704,0.2422401,-0.50798684,-0.06557436,0.6108787,0.055732064,0.26103994,-0.17737895,0.4633834,1.1757034,0.26104888,-0.21316963,-0.08152429,0.3917015,-1.1017174,0.5115083,-0.48622313,0.10367559,0.19055234,0.36017638
81,0.38136214,-0.52176905,-0.12568162,0.56071126,0.099677496,-0.05153592,0.8951249,-0.46752706,0.60726964,-0.39519975,-0.22211944,-0.760637,0.2101676,0.037665665,0.03612128,-0.24369587,0.16974652,-0.3063472,-0.20406173,0.27053127,0.78072166,0.06301608,0.85038245,0.3924136,-0.055771545,0.07497003,0.14364871,-0.56588566,0.46285936,0.007847109,0.6813748,0.10039657
89,-0.05625007,-0.036500588,-0.16114542,-0.070402905,0.22551942,0.31556916,0.89904624,-0.06793556,-0.3640727,0.4978613,0.11126005,-0.6178437,0.5434,0.4114453,0.37485543,-0.10450059,-0.017236298,-0.1734764,-0.48525855,0.22532922,-0.13054556,0.89954764,0.43864405,0.7759031,0.033515684,-0.46709266,-0.3409585,0.8142358,0.13648972,-0.27861995,-0.58579963,0.17145385
94,0.7380319,-0.0697035,0.07475816,0.034971565,0.27785543,-0.24814136,-0.012354178,-0.22555785,0.5026687,0.41022047,-0.021016179,-0.016780892,-0.072870456,-0.26111966,0.12260617,-0.49750662,0.45459098,0.4761336,-0.39029944,0.21531792,0.041379355,0.32234955,0.5238626,0.3804798,0.48641247,0.08865769,-0.31787866,0.38669905,0.2743321,-0.73172545,0.52534354,0.3634795
95,-0.801727,-0.99895775,-0.35489395,0.11586139,0.4328025,-0.16790445,0.2670836,-0.8057439,-0.38567096,-0.19423984,0.047110893,-0.4524967,0.21214625,-0.37359032,0.08021361,-0.3411871,0.32284212,0.013079147,-1.0312495,-0.05000975,0.291955,0.50971067,0.7497226,0.57599974,-0.2695982,-0.22703354,-0.5669845,0.99600965,-0.9247049,0.072158076,-0.4767951,0.32052338
99,-1.0652527,-0.29608008,0.4143638,0.2610736,0.51730484,0.41087684,0.2111522,-0.7939052,-0.23543337,0.55246377,0.38677198,-0.35646704,0.19630046,-0.41367635,-0.12212133,0.030881466,-0.31334022,0.35556972,-0.8336595,-0.05569281,-0.32838622,0.4777571,0.3223217,0.28153443,-0.5185892,-0.08095295,-0.5086282,-0.2950542,0.37490937,-0.25555152,-0.29265398,1.0801823
106,0.581445,-0.5129305,-0.21142294,0.014662298,-0.33043447,0.06652757,-0.13270272,0.47947526,0.74467576,-0.19916533,-0.40726635,-0.5703405,-0.036152966,-0.21767104,0.09418398,0.3162428,0.39072004,0.30409902,-0.113748856,0.11592529,0.8302906,0.382788,0.31873044,-0.36568385,0.30930665,-0.15285097,-0.7265043,-0.03965671,0.023074795,-0.15809761,0.7823374,0.37549114
107,0.12183985,-0.24762067,-0.04069645,-0.15231442,-0.53315884,0.11598067,-0.10374586,-0.6419423,0.18519406,-0.12276029,0.11560407,-0.5642248,0.44887796,-0.8385005,1.2069709,0.13948524,0.22816795,0.4435683,0.17717321,-0.036333513,0.9202779,0.6776583,0.631514,0.17151892,0.03918597,-0.19863982,-0.517619,0.24672376,-0.2615669,0.6275073,0.34422296,0.6084377
109,-0.4327983,-0.22033414,0.1750607,-0.012632877,-0.14338058,0.107795194,0.19418861,-0.44296357,-0.054980382,-0.18499713,0.04674779,-0.09598905,-0.3173287,-0.13961324,-0.3955072,-0.33217084,0.68160033,-0.069681376,-0.13157532,-0.11874693,0.50254714,0.8744283,0.32524714,-0.18615523,-0.47497794,0.076784626,-1.1032816,0.17463277,-0.49235845,0.2934312,0.32529095,0.20075619
115,-0.35641003,0.029238628,0.1632218,-0.14475843,0.2431007,0.0863313,0.081013255,-0.5742181,-0.18000957,0.7320779,0.7505726,-0.21629316,0.06653144,-0.6046846,-0.4675688,0.23121047,0.12039456,0.34229997,-1.1666863,-0.20862958,0.22614576,0.65756667,0.047742166,0.45857838,-0.5112416,-0.009274393,-0.39806536,-0.41548857,0.13649175,-0.41256613,0.108607195,0.63145256
116,-0.4350934,0.11436858,0.19346865,-0.2462531,0.4362533,0.56842,0.10077998,0.2967463,-0.5618305,0.022528868,-0.5535588,-0.02551177,-0.9972054,-0.62318885,-0.5945016,-0.034922853,0.25590926,-0.10156743,-0.700114,-0.2766815,-0.10714248,0.80110633,0.6921125,0.28315616,0.26342785,0.774953,-0.65693706,0.033665095,0.351311,-0.79786474,-0.062896244,-0.23639442
117,0.41146466,0.083763756,0.24734873,0.035399698,0.6165948,0.109477945,-0.31324545,0.032022096,-0.067095414,0.08066247,-0.85288984,0.23660201,-0.38091928,-0.8678848,0.60978866,0.26853365,0.065004036,-0.022637717,0.39907846,0.22260268,0.78080434,0.3573195,0.9930497,0.40460002,0.03654754,-0.007657982,-0.768244,0.38340068,-0.12900212,-0.6605325,0.68028295,-0.3152837
119,0.14940785,-0.15035039,0.2515065,-0.62257683,-0.80468494,-0.23890907,0.36940578,-0.65984106,0.6193184,0.5206293,0.092100866,-0.008722371,0.43834266,-0.7840943,0.25978687,-0.27775168,0.16265465,0.054413453,0.11233513,0.3083345,-0.019791318,1.1043658,0.612722,0.48929858,0.17384073,0.0090291025,-0.30394787,0.50975865,-0.23084818,0.26071388,-0.775176,-0.52659786
120,-0.7188255,-0.41724342,0.12008551,0.07342312,-0.31638074,0.2943199,0.33041543,-0.15505502,0.58422697,0.23202713,-0.13842787,0.22183883,-1.3984164,-0.6417288,-0.09722793,0.17896196,0.61833507,-0.21873848,-0.41726536,0.43054092,0.09621039,1.0034567,0.015684295,-0.26621303,0.35112157,0.07533553,-0.7990636,0.20735338,-0.246514,0.0029720417,-0.5173861,0.32290477
124,0.11191119,0.2397166,0.1672462,-0.362063,-0.50817955,-0.46851152,0.41516855,0.20396496,0.13016203,0.645529,-0.44618016,0.027549863,0.30205792,0.18078855,-0.105259284,0.13354121,-0.15080991,-0.61288506,0.17633292,0.39816692,0.61574,0.4193055,0.7328008,0.17300059,-0.33012813,0.49964723,-0.0027597293,0.37096423,-0.368357,-0.7818914,-0.21113046,-0.13101491
125,0.12922277,-1.0045005,0.19728053,0.21049808,-0.4442112,0.07950551,0.6937166,-0.11174862,-0.20704791,0.009212877,-0.4346027,0.14178725,0.8563149,0.27060416,-0.6428993,-0.46006158,-0.120064616,-0.15280272,0.469938,-0.23101921,0.099341325,0.49198556,-0.0704334,0.06956846,-0.36880878,0.2942156,-0.9847204,-0.12043001,-0.15020053,-0.8309084,-0.067410454,0.7876079
126,-0.10504942,-0.9365252,0.5744321,0.6952931,-0.3881305,0.2756995,1.1149573,-0.15757994,0.37230667,-0.7010099,-0.17200726,-0.572636,0.35965478,-0.23561285,0.8191866,-0.19860637,-0.4650845,-0.15070234,0.5866837,0.32913467,0.32324982,0.21634753,1.277794,0.61840355,0.3237574,-0.2060696,0.24619177,-0.82811725,0.2108043,0.09655339,0.36660427,0.14174685
133,-1.0248013,-1.0346862,0.20782128,-0.29454094,0.3316676,-0.555174,0.052092418,0.69792366,0.4743115,-0.25034738,-0.10728627,-1.2016641,-0.41316938,-0.3080216,-0.29964447,-0.14240566,-0.32700533,-0.7249675,0.07846645,0.4029654,0.3053239,0.6568559,-0.097343184,0.51967275,-0.333413,-0.12102194,-0.6717217,-0.2947946,-0.11406469,0.0075805658,-0.7536385,0.502735
137,-0.0068917596,-0.36763942,0.70364726,0.63223284,0.15809211,-0.41093463,-0.14141487,0.22371632,-0.05566994,0.3570027,-0.18791987,-0.11364418,0.7607478,-0.27786735,0.35445306,0.53107035,-0.22488856,0.49774113,-0.19878061,0.107342474,0.27255362,0.26936167,0.5374245,0.7399618,-0.07919085,-0.36655986,-0.08517747,0.65122956,-0.3383938,-0.43831888,0.185698,0.23500483
139,-0.00010062168,-0.41000208,0.05450757,-0.10573712,0.04366458,-0.12783214,0.27378073,0.1386037,-0.27046362,0.3766682,-0.17030603,-0.19998601,0.2495697,-0.2216545,0.49310753,0.043651693,0.05783754,0.43042052,0.075763136,-0.18082331,0.10809829,0.08416384,0.6173028,0.6181329,0.52170885,0.08548031,-0.24817063,0.17938691,-0.095541716,-0.45196152,-0.15947756,-0.06535807
142,-0.88915294,-0.75228804,-0.2682714,-0.8599419,-0.28570685,0.16955669,0.16499937,-0.3093045,-0.37674016,-0.16797663,0.44990453,-0.05512509,0.048687443,0.31682092,-0.53683645,0.1841461,-0.6720415,0.31548223,0.7675212,-0.71308714,0.62043947,0.41144428,0.9267076,0.21017389,-0.1896509,0.6301148,-0.6735119,0.08043117,-0.30694804,-0.70428777,0.16567847,0.1394313
145,0.16688424,-0.6942597,0.33656177,-0.005996601,-1.0997642,-0.32714283,-0.15017627,0.43604216,0.46400303,0.62672,-0.28834954,0.2432993,0.25860637,-0.2556174,0.28356412,0.42655692,0.37488005,0.63707674,0.055897824,0.4729779,0.6679241,0.24208464,0.11197429,0.0841016,-0.28599232,0.35720634,-0.037042122,-0.01744473,-0.10458394,-0.34982604,0.07668446,0.75730044
148,-0.76971227,-0.94534165,0.025455981,0.692793,0.1985868,0.016138624,0.43954235,-0.21675403,0.04637203,0.6626869,0.22679098,-0.53433233,-0.032253023,-0.5454573,0.33853927,-0.14171365,-0.22941484,0.104970075,-0.7508307,0.46649387,0.12204004,0.48669776,0.7198027,0.5305475,0.4840959,-0.2561449,0.22923452,0.35749313,-0.13298453,0.23576161,-0.39835665,-0.14225145
149,-0.5692546,-0.36936465,0.21594794,-0.84079903,0.11873725,-0.1294289,-0.13890836,-0.015747838,0.014165607,-0.021111328,-0.10674331,-0.48196366,-0.36949712,-0.43254954,-0.34392536,-0.46185046,0.16507636,-0.044451524,-0.0025787232,-0.41057396,0.2532051,0.55019826,1.0564166,0.07303344,-0.84664315,-0.029113917,-0.4201005,0.101646036,0.016078498,0.123136416,1.1488707,0.50169265
150,-0.18128465,-0.9683157,0.40625003,-0.114333265,-0.17693421,-0.39269173,0.18626504,0.17355962,-0.1311696,0.41152382,0.15770814,-0.25902557,0.07252765,-0.5192864,0.15353669,0.074663185,0.41609684,-0.25469276,-0.2059375,0.2166257,-0.35414472,-0.12732585,1.3828571,0.2900063,0.7383918,0.53176606,0.23550847,-0.14239338,-0.034978066,0.03933319,0.21521233,-0.50348437
153,-0.12169651,-0.84770095,0.23165631,0.935694,-0.16054851,-0.4037275,0.44846138,0.3851173,0.21403816,-0.8497822,-0.17015065,0.05724203,0.44992048,0.31809744,0.0658816,-0.3349097,-0.060246248,-0.32519114,0.15075384,0.3061266,0.36260307,0.10721868,0.18219472,0.6508812,-0.0044303983,0.4608664,-0.7992205,0.28492287,0.24213198,-0.21057671,-0.0063636345,1.0627328
157,-0.8342404,-0.8434434,-0.20057729,0.51108223,-0.39241207,-0.37272358,0.011167818,0.18581851,-0.5059013,-0.07946161,0.13157456,-0.052536678,0.2973755,-0.22021572,-0.8088776,-0.51244766,0.043817893,-0.09532976,0.4586847,0.046691522,0.28418693,0.40411595,-0.12371237,0.5767199,0.18911096,0.37247175,-0.8841066,0.15927349,-0.11487869,-0.5770264,0.32199734,0.9407902
160,0.15948135,-0.22194679,0.2511635,0.35905954,-0.040251404,-0.3641842,-0.30450806,-0.13920441,0.06958354,0.20649713,0.31173417,-0.3490779,-0.110511094,-0.71525073,0.050754108,-0.08281921,0.34141093,0.31508833,0.13388586,-0.21615353,0.050912138,0.40315205,0.5199224,-0.217103,0.4329988,0.22326691,-0.2311411,0.37057626,-0.25228485,-0.48682624,0.027437905,-0.10134826
162,-0.025049666,-0.28203738,0.57294816,-0.18319231,-0.14143145,0.12574776,0.3997005,-0.3587486,0.05405173,-0.038990103,0.3448749,-0.4984547,0.7133126,-0.6300808,0.47951216,0.05864929,0.09600422,0.6649627,-0.26444948,-0.20668875,0.36669904,-0.16500032,0.47186163,0.0010171827,-0.4429989,-0.5125677,-0.2733436,-0.603205,0.4949915,-0.25549895,-0.08366216,0.86287624
163,-0.10389372,0.16379546,0.35210508,-0.279827,0.32590142,-0.11305666,-0.5491973,0.3109336,-0.17654432,-0.081102915,-0.021288889,0.007594241,0.20583813,-0.3305045,0.025422933,-0.38822454,0.17149416,0.20983592,0.8997807,-0.2983231,0.19744499,0.7975347,0.8869363,0.6419673,-0.29538992,0.048291937,-0.7231244,1.1901082,-0.22165214,-0.25835666,-0.15966175,1.4347646
172,-0.31811717,-0.39504534,-0.3115582,0.18385693,-0.55652535,-0.6403882,0.306554,0.16153963,-0.31169686,0.6831953,0.13672106,-0.58686626,-0.41092712,-0.3760239,-0.06760008,0.47840977,-0.19305326,-0.7443046,0.78208643,0.084923245,0.22905238,0.28125077,0.67923784,0.48571217,-0.6280984,-0.2731602,-0.5992707,0.07992584,0.117440954,-0.5077676,-0.025902955,-0.35242155
173,0.17588757,-0.68300813,0.8770211,-0.25355265,0.28237063,0.3155462,0.48488373,0.41964278,-0.06764399,0.43475688,0.31921607,-0.18394653,0.15084428,0.15859665,-0.24101487,0.16061097,-0.5238421,-0.25892666,0.6389055,-0.30429393,0.35862598,0.2247838,0.53875005,0.13686323,-0.28205878,0.27849916,-0.40496844,-0.32212338,-0.14592722,-0.2758821,-0.031316653,-0.1029604
177,-0.23007259,-0.86297524,0.51910925,-0.16953947,-0.51760787,-0.2984863,0.58575493,0.19886643,-0.27350938,0.01691942,-0.19243895,-0.2513868,0.5000873,0.37314197,0.6542606,-0.030229619,-0.057985436,0.1521166,-0.1454901,0.15830703,0.17656472,0.058018,-0.057347957,0.75112605,0.2412594,0.06714529,-0.24027213,0.3734154,0.54041535,-0.5130557,0.103835575,0.7502886
178,-0.40758172,-0.1974884,0.65016246,-0.16766633,-0.08522475,-0.22071919,0.21794106,-0.2007858,0.22687459,0.10525204,1.0503452,-0.62885743,0.026755296,-0.75915724,-0.62836325,0.0019756395,0.5492323,-0.39237824,0.19675617,0.13866255,0.00065611437,-0.067027025,1.329923,-0.18287604,0.6653997,-0.050172932,0.1087127,0.18784255,-0.20344873,0.48442462,-0.2267463,-0.35551363
189,-0.69928914,-0.39483482,-0.2184981,-0.39929798,0.097103685,-0.17570852,0.17100129,-0.016413994,0.5064802,0.32517695,-0.3945667,-0.9453624,-0.049723044,0.32348588,0.3160785,-0.462103,0.14328949,-0.009931841,0.20690194,0.44111872,-0.043837167,0.53382355,0.3431889,0.6406917,-0.13121228,1.1441137,0.03366242,-0.21659799,-0.3395693,-0.42783955,-0.24841006,1.0803931
198,-0.71736854,0.593895,0.061908863,-0.057011373,0.4020472,-0.36288464,0.69749844,0.7684089,-0.7378339,-0.29401517,-0.3411228,-0.55098015,-0.16523887,-0.68897134,-0.6557874,0.08212236,0.03150434,0.46238077,-0.94132954,-0.031775024,0.5944083,0.53215814,0.1049822,0.026717708,0.27895236,0.7423751,-0.27788806,0.06883171,0.25994343,-0.24115558,0.060113307,0.061574277
203,-0.5303736,-0.4226689,0.37273568,0.10334281,-0.26359823,-0.47024322,0.11403408,0.37093958,0.11826943,0.093079545,0.15134194,-0.7204163,-0.1513726,-0.5579582,-0.6231722,0.7792039,0.56446534,-0.753486,0.23225507,0.28839308,0.40214124,-0.23736902,1.1862563,0.1383201,0.5220098,0.7204772,0.30978134,-0.21168236,0.3284054,0.13883118,0.1153705,-0.31594232
209,0.1555578,0.013146153,0.64854825,-0.32305878,0.62202734,-0.058488246,0.42204073,0.5269693,0.0141207045,-0.27597776,0.42367846,-0.073428,-0.16761164,-0.68033665,0.13874716,0.24821477,-0.017167987,0.32186398,-0.3326529,-0.20826602,0.3871631,-0.29034692,0.43108773,0.30828092,0.95085496,-0.53513443,-0.35277,0.2725067,0.2392446,-0.63706124,-0.64779025,0.6947661
217,-0.08714896,-0.62368244,-0.05829308,0.5050656,0.13485138,-0.24170555,0.3110061,0.3802798,-0.16463324,-0.05188932,-0.14957608,-0.20893097,0.16611914,0.037419908,-0.5877159,0.11416003,0.056959543,-0.4084409,0.7792475,0.49087036,0.30553728,0.7461285,0.12107979,0.29094046,-0.7495062,-0.035784584,-0.81565744,-0.027361032,0.025708951,0.07601182,-0.13409914,0.28688696
218,-0.5474547,-0.3911168,-0.017384442,0.6112143,-0.17246741,0.54354054,1.0853436,-0.19828235,-0.26160508,-0.30725247,-0.17662896,0.023949455,-0.24002409,-0.49912342,0.023501553,-0.28567693,0.2317482,0.6629722,0.27825454,0.028858183,0.28656635,0.23451732,0.25591394,0.21247149,-0.6119244,-0.2172697,-0.6125555,-0.16244061,0.76409924,0.34500536,-0.3668637,0.37023965
223,-0.38814977,0.08246074,1.0619094,-0.26629362,-0.26971197,-0.3646644,0.57291377,-0.112568274,0.22893293,0.3716624,-0.54745793,-0.0100773005,1.0577713,-0.11629137,0.25129533,0.11908724,-0.28067538,0.0068472777,-0.5729165,0.060658153,0.828702,0.18643059,0.8438927,0.2076363,-0.073087275,-0.019626176,0.17578581,0.12776391,-0.06489099,0.24197733,0.4105399,0.027380869
224,-0.5207905,-0.3314164,-0.22219022,0.33311838,0.1465908,-0.30501878,0.19290131,0.04642297,0.3867281,-0.24877092,-0.65928215,0.08848959,0.3716466,-0.9026813,-0.7806343,-0.2546744,-0.081200235,-0.102420166,0.04515661,1.0116581,0.026264917,-0.17121787,1.011909,0.20768088,0.73693866,0.7742944,-0.406197,-0.4228268,0.13186482,0.050328862,-0.032699786,0.6980063
226,-0.31030482,-0.18710387,-0.13773361,0.59764636,-0.42634958,-0.503867,0.39085603,-0.028975539,0.07723345,-0.7068299,-0.25836784,-0.24669316,-0.15234332,-1.2951486,-0.5301778,0.12838008,-0.085408635,0.34344494,0.3558923,0.62395024,0.064154275,0.09063919,0.48202175,0.33080673,0.10446512,-0.08325068,-0.16964759,-0.6733168,0.13338292,-0.47491747,-0.9543731,0.3428686
228,0.39133698,-1.0668107,0.06992625,-0.54163104,-0.5664344,-0.12827787,0.95651025,0.021964427,0.15606284,0.049987223,0.14756252,0.026328264,0.19520342,-0.79589176,-0.75868636,0.06484052,-0.2552969,0.73789036,-0.23306409,0.5979691,-0.2875712,0.48949662,0.7184955,0.24103901,0.07229739,-1.1776485,0.16935372,0.44241902,0.13397227,-0.0054933853,-0.1857811,-0.10369543
229,-0.25319082,-0.54883814,0.31713796,-0.6536373,0.41861027,1.0723298,-0.22389804,0.19465333,-0.47707552,-0.12074636,-0.28327316,-0.05843132,-0.30092707,-0.29702035,0.4035411,0.057985444,0.12209111,0.22796507,-0.3336199,0.46477842,0.25759664,0.43510327,0.42574343,0.6807081,0.14338987,0.31226704,-0.8345683,-0.5074782,0.06753985,-0.7644975,0.33134377,-0.07786912
232,0.20376562,0.11416251,-0.15785863,0.3304792,-0.5770876,0.091455705,-0.38841826,-0.59145397,-0.05953255,0.3892412,0.48059776,-0.2635993,-0.53930527,-1.0764676,-0.28424412,0.6479652,-0.14142616,-0.34205344,0.22706614,0.34222773,0.49698478,0.77232,0.3241618,0.34216282,-0.64429855,-0.2911808,-1.1058574,0.07975743,0.7574168,-0.26327193,-0.18800673,-0.08550924
234,-0.6454892,-0.39551342,-0.49165705,-0.1413632,-0.12936814,-0.42798463,1.3453151,0.73096764,-0.5168475,-0.44046286,0.14646539,-0.6100192,0.3098419,0.060729146,-0.23596413,0.17310347,0.77611876,0.61375016,-0.14331041,0.1297503,0.23768024,0.8046444,0.4494436,-0.62778074,-0.051753502,0.44684753,0.5319291,-0.28817838,-0.18550663,-0.15236907,-0.6027476,0.22038296
237,0.40969595,-0.24021927,1.1308124,-0.0073065357,-0.5366265,0.14480843,0.13829224,0.7817397,-0.23259825,0.27026343,0.07703805,-1.430659,-0.47037992,0.1893504,-0.39984658,0.11144388,0.72210824,0.20242755,-0.194873,0.15423866,-0.4866793,0.33004245,0.33275694,-0.012151257,-0.53834176,-0.13823067,-0.5943777,0.015565989,0.23294353,-0.49632585,0.3057749,-0.10934963
243,-0.060617577,-0.21398005,-0.00863244,-0.11250822,0.27576497,0.05846096,0.874988,-0.31927934,0.40766588,-0.4078497,-0.06365565,0.07742717,-0.34933406,-0.49330133,0.07050704,0.6503898,-0.4208791,-0.22974615,-0.49548426,-0.0668458,1.2076236,0.13916871,0.82352257,0.48932746,0.5253636,0.30775264,0.27778652,-0.10881396,0.28718832,-0.28598,0.19071594,-0.14394526
246,-0.006740323,-0.28039867,-0.73724717,-0.19601694,0.081870414,0.39181873,1.2077045,0.22539844,-0.34860608,0.31274316,0.14325368,-0.92555547,0.23855132,-0.04177712,-0.30509886,0.68115133,0.18459627,0.76644,0.22005223,0.6500903,0.24819736,0.5774229,0.14263952,-0.59671676,-0.087090254,-0.12233816,0.21569696,0.23172276,0.029845778,-0.64928067,-0.33072063,0.53947836
249,-0.1763111,-0.14586468,0.55322695,-0.18747309,0.4182819,-0.06736465,0.18488166,-0.1492863,0.10673195,0.091112584,0.35528916,0.17123492,0.34375408,-0.064453006,-1.1722604,0.032071054,0.46888602,0.17682508,0.43329126,0.3156332,0.7687305,0.18188246,0.017423678,0.2806868,-0.30234396,0.18393938,-1.0539938,-0.17872317,-0.4501629,-0.11436929,0.31956366,0.6665029
251,-0.4665233,0.15994343,0.62962985,-0.5863506,-0.9881154,-0.2496494,0.6161081,-0.42588598,0.26951057,0.7119799,-0.5283854,0.4046653,-0.012907839,-0.033402707,0.22630337,0.11496746,0.3398682,0.27885655,-0.35529536,0.77507806,0.1646875,0.23938651,0.49178788,0.03769829,0.3043373,0.038159613,-0.8008052,0.2145905,0.14050502,-0.06316206,0.18341471,-0.46060663
253,0.18480018,-0.13633287,-0.003377118,-0.19010828,0.3510338,0.11696901,0.6916571,0.4921429,0.41087556,0.81506026,0.02376928,0.067221195,-0.1214569,-0.36292326,0.06909849,0.48087242,-0.22685456,-0.2986214,-0.061517894,0.09336415,0.66940016,0.5552127,0.030184567,0.06929845,0.88937724,0.8863516,-0.26431376,-0.13897939,-0.19665109,-0.16220999,-0.23218985,0.23793656
254,-0.20050706,-1.0496615,0.23786153,0.28485674,0.28900936,0.4484163,0.32019585,0.07918392,0.026927827,-0.43887073,-0.20894901,0.14215244,-0.15692182,-0.5760053,-0.35671443,-0.4397308,0.1592049,-0.028903019,-0.16759425,-0.5193351,-0.10466018,0.6621899,-0.02216104,0.32059404,0.30834338,0.23162363,-1.0202575,0.12028121,0.21341597,-0.5357539,0.09017527,-0.11376556
264,-0.48655626,-0.047048565,0.38109446,-0.15944478,0.62021947,0.16857612,0.29668307,0.39158466,0.7253669,0.1886495,0.42373496,-0.5070005,-0.38396594,-0.41054016,0.41969293,0.45865795,0.027500255,0.17310418,-0.09215147,-0.029972082,0.49330103,-0.08517974,0.47643358,0.23185626,0.27489698,0.4359623,-0.3386233,0.026844531,-0.023654005,-0.28242895,0.19420367,-0.22486565
265,0.28905317,-0.6184622,0.5476142,0.053427633,0.1880683,0.6956769,-0.1575727,0.067886,0.15574522,-0.18997715,-0.19589756,0.13035247,-0.0055611157,-0.8958902,-0.19452731,0.06571232,0.28453025,-0.2042632,-0.0036953534,-0.19513367,0.21193552,0.5558062,0.2748974,0.25383714,-0.67286015,-0.39028725,-1.3526562,-0.28095844,0.00036219554,-0.2623342,0.18403202,0.26816127
266,0.12616622,-0.28072837,-0.19291957,-0.3639574,0.48141488,0.09217731,0.10219314,0.516194,-0.055057388,0.2654722,-0.46968377,-0.056210455,-0.18634094,-0.19022746,0.18197416,-0.4697471,-0.31107637,-0.46912703,-0.07795291,0.42240635,0.42220426,0.6615213,0.0962694,-0.077813566,-0.19852832,0.13622452,-0.6417372,-0.23378085,0.4450252,-0.85826623,0.11291729,0.42425767
270,0.038290642,0.022688903,0.30502144,0.05680567,-0.24649657,0.039910603,-0.13337335,1.1353759,0.7504049,-0.08964624,0.54882634,-0.06931354,0.08210021,0.1870803,0.00051271607,0.15178153,0.44930246,0.605005,0.29706135,0.9727921,0.28830934,-0.054401603,0.33537534,0.7537217,-0.17388044,0.38053972,-0.857808,-0.5428631,-0.088735536,-0.24013971,0.051768813,0.88920987
272,0.16906476,-0.118172035,0.27413705,-0.16844998,0.14425334,-0.26752824,0.4144693,0.740027,-0.2599988,0.13253352,0.1198319,0.03144619,-0.18333985,-0.34308973,-0.6590016,1.0501583,0.36469972,0.63677096,0.6375809,0.39544532,0.41606942,-0.10924751,1.0052776,-0.3947444,-0.4845683,0.22630166,-0.31423664,0.2792758,0.27122444,-0.20312712,0.23579721,-0.27822444
280,-0.89374894,0.24881364,0.24850792,0.42753708,0.029073227,-0.33968163,0.45463198,1.1972972,-1.1600795,-0.26708165,-0.3580843,-0.27963307,0.343159,0.102758296,-0.33022562,-0.3883322,0.44818497,1.1130532,-0.2514519,0.65873176,0.009047547,0.80283666,0.43677405,0.11162881,-0.32276863,0.8457027,-0.19149792,0.123255275,0.049251735,-0.23735583,0.06916666,0.34021956
284,-0.31442952,0.33439425,0.44283888,0.20412001,-0.037213113,-0.17858453,-0.20781271,-0.60926205,0.4846562,0.26162398,0.10359701,-0.019758757,-0.11910309,-0.78925073,-0.30551475,-0.3705375,0.06668617,0.58681107,-0.00092204986,1.2314391,0.1811392,-0.2535007,1.3740114,1.1743737,0.07033832,0.12451626,0.06405268,0.25975582,-0.70868963,0.14028065,-0.04222202,0.64117235
286,0.0061389753,-0.20994072,-0.13863549,-0.3769043,-0.031502977,0.33983228,-0.027031254,0.30536392,0.05963169,-0.28426057,-0.39315286,-0.58293134,0.42052475,-0.63803065,1.015614,-0.25058243,-0.039202806,1.3583614,-0.15161629,-0.2258473,0.91976804,0.5602739,0.3210503,-0.24307208,0.94961137,0.46009332,-0.5635208,-0.308764,-0.11925898,-0.34727246,0.2501835,-0.0013939545
288,0.0010061624,-0.5131013,0.87520766,-0.17519051,-0.68377674,-0.33020672,-0.14097527,0.5890727,-0.17273222,0.24765831,-0.30521026,0.19880708,0.5523176,0.29256296,0.50753886,0.4576749,0.067920625,0.49416244,-0.28277892,0.80189025,0.1420781,0.54504037,0.38918042,0.52403826,0.02506517,0.8352029,-0.3813819,0.46477002,0.28702107,-0.21239702,1.045031,-0.20906468
291,-0.22242747,-0.37495482,0.3087381,-0.34870115,0.22336939,0.12798747,0.02703113,-0.042621333,0.079126924,0.60086006,0.25348565,-0.16211122,0.8405621,-0.55574816,0.040974416,0.14610729,-0.29934788,0.5553265,-0.40476745,-0.14985237,0.4923041,0.022826677,0.8986907,0.43381763,0.502638,0.13845631,0.06955029,-0.2553573,-0.030657291,-0.11710405,-0.41598195,-0.18529658
292,-0.5261249,0.24317975,0.31296715,0.17391026,-0.18177068,-0.58338493,-0.2332891,0.809855,-0.0685692,-0.18101184,-0.9778258,0.084179945,0.6393295,0.03569836,-0.15486094,0.315901,0.18665648,0.31403047,-0.64670557,0.5246985,0.45324588,0.60854256,1.0198764,-0.29753885,-0.40174097,0.6641282,0.068574764,0.6008018,0.020675952,-0.81963897,0.6093812,0.06585517
293,-0.24868138,-0.15470432,0.41710728,0.3259458,-0.70001197,0.112422384,0.51047254,-0.17913654,0.21842892,0.29289407,0.07812232,-0.055160377,-0.30502513,-0.7475995,-0.27160284,0.20449556,0.98423976,-0.16754523,0.7576866,-0.33094823,-0.078133464,0.82963115,0.17044525,0.76446605,-0.15404,0.3450382,-0.359629,0.14839847,0.062701985,-0.010517957,-0.024543282,-0.37158772
294,-0.5439234,-0.92808497,0.043187954,0.24738729,-0.34730005,-0.44884843,0.5268284,0.5724244,0.10983548,-0.46963257,0.27187312,-1.1104926,-0.43201038,-0.54416716,0.06761912,0.72619027,0.73604196,0.26874813,0.23456962,0.043729786,0.59908855,0.49227324,0.43378443,-0.44903865,0.16274011,0.23444696,1.0652828,-0.10547617,0.046971533,-0.20005958,-0.3042611,0.31239802
295,-0.09015515,-0.061074313,0.42795396,0.12069964,-0.04727925,0.38269418,-0.03978604,-0.3195383,0.6387979,0.47835726,-0.109420784,-0.08994048,-0.30502677,-1.1736702,0.24303713,0.5940214,0.1268611,-0.061516054,0.477759,-0.14818177,-0.022036854,1.0969892,-0.1472548,0.301273,0.22247331,-0.31201336,-0.7816594,0.41615692,0.38965622,-0.22209813,-0.07910466,0.44588873
300,0.2550811,-0.16522187,-0.02501804,-0.004267964,-0.76456803,-0.40145946,0.05310802,-0.06554811,0.49902833,0.12531614,-0.4769301,0.016538018,-0.93238485,-0.8824429,-0.11994884,0.100819565,0.31847453,0.41240165,-0.027337743,0.878113,-0.1913039,0.4948825,0.5710513,0.7616387,0.9040648,-0.14803834,-0.52146983,0.39474115,0.35822168,-0.27233037,-0.39478835,0.5745352
302,-0.33361664,-0.14962533,0.755828,0.10344749,-0.38990432,0.17778756,-0.024248341,0.00065918715,0.2855599,0.33819625,0.21132722,-0.2602653,0.73046726,-0.28238463,-0.47832468,0.21751359,0.4046,0.09039064,-0.21222821,-0.17513707,0.44249797,-0.3032884,0.86473566,0.1752561,-0.0317607,-0.24868388,-0.50896347,-0.698221,0.5410962,0.3974541,-0.45897418,0.5581064
307,-0.25285563,-0.08281322,0.3716119,-0.38013768,0.8001901,0.70849454,0.0811569,0.1229845,-0.3255902,-0.45770568,-0.6469274,0.09197926,-0.27503252,-0.43907958,0.13871557,0.44715616,-0.2748789,-0.19389792,-0.40892157,0.3062184,0.16418865,0.86259335,0.53342414,0.29132295,0.16767326,0.27415732,-0.73255026,-0.00016566685,0.24766672,-0.93708754,0.34963003,-0.21930061
308,-0.2761871,-0.4759323,0.14613922,0.5088646,0.3340798,-0.107860275,0.20159945,0.0024806045,0.77858436,0.5802109,-0.3544007,-0.08165306,0.5298717,0.014102315,-0.47372654,-0.06903318,-0.32324314,0.19182388,0.18904418,0.87242645,0.25164738,0.34954345,0.31878117,0.19402385,-0.21499537,0.09708242,-0.035719477,-0.5620785,-0.04857511,-0.033764705,0.1934394,0.9479926
311,-0.124825686,-0.026587334,0.63231766,-0.40740192,-0.5159348,0.071761414,0.44282407,-0.30601004,0.75656015,0.6358567,-0.49775192,0.23557411,0.43600634,0.0031013621,-0.9630036,-0.38969544,0.042677797,-0.28534037,0.21698429,0.31916216,0.19522725,0.79179305,0.15260072,0.027573004,-0.1678437,0.8612719,-0.7404188,0.32548738,-0.019216396,-0.053706627,0.024029575,0.07207564
313,-0.26698378,-0.44524708,0.20448886,0.40205812,-0.15521942,-0.17465506,-0.102625325,0.10263297,-0.22594395,0.77902913,0.2079612,-0.3081994,0.55395997,-0.29921126,-0.4040865,0.63457644,-0.1654664,0.49206513,-0.626368,0.020867683,0.77891016,-0.15094359,0.44861376,-0.059152123,-0.8920398,0.6275175,-0.4323675,0.11426043,0.3443971,-0.3645258,-0.06221657,0.1672115
314,0.5787846,-0.7192268,0.069693364,0.08210032,0.11723977,-0.24831402,-0.4593984,0.74639577,0.41055816,-0.073624775,-0.39944184,-0.15170817,-0.3731715,-0.47847033,-0.031968992,0.35817665,0.55786014,-0.21537414,-0.08649074,0.32022828,0.7182252,-0.062424663,0.6525682,-0.16003853,-0.645052,0.3090233,-0.18225989,-0.055162914,0.23347495,-0.7926192,0.20649819,0.7428654
315,0.15492947,-0.8546583,0.5316361,-0.03003509,0.10679874,0.84624815,0.7195442,0.15058109,-0.19197121,-0.3850954,-0.17747237,0.38671535,-0.10356678,-0.23049343,-0.11356894,-0.39679575,-0.056422334,-0.21387818,-0.15988988,-0.11838799,0.11032406,0.9786537,0.10831328,0.15970287,0.43050826,0.34111404,-0.57317644,-0.02905316,0.11237295,-0.008371738,0.06442853,0.2815462
316,0.036247436,-0.8462865,-0.24164364,0.36832073,-0.41125542,0.014619928,0.01791773,0.18148951,1.063711,-0.46799847,0.10574262,-0.61377496,0.26497295,-0.56353426,0.2248724,-0.39669153,0.37401715,0.9642516,0.43020517,-0.52700603,0.66495097,0.8313514,0.07043898,-0.7468207,0.42309058,-0.010897072,-0.72192204,0.05755203,-0.009631521,-0.26104367,0.38719103,0.16653785
317,-0.3430081,-0.022177493,0.5470683,-0.679444,-0.19698472,-0.13727199,0.052132495,-0.4150856,-0.10834449,-0.05322763,0.42086214,-0.19503972,0.3709052,-0.5914173,-0.36043942,-0.24960367,0.7260091,0.5795995,0.4051201,-0.16451384,0.3503543,-0.11765503,1.0509905,0.11745558,0.00802228,-0.39722022,-0.62753916,-1.0252829,0.97445303,0.2788432,-0.7869454,1.0777688
318,0.09032167,-0.25755966,1.4237337,-0.68761736,0.20749338,-0.15643635,0.26154873,0.2751855,-0.18067415,0.60342157,0.13956535,-0.09212862,-0.36961508,-0.022529118,0.09004895,-0.018549962,-0.6297383,0.8337553,-0.30072346,0.013643337,-0.41084605,1.1014163,0.2548111,0.09233275,-0.018043954,-0.13913634,-0.16463403,-0.18303603,0.5821086,-0.14810939,-0.3037104,0.67687684
319,0.34508362,0.14737418,0.42595544,-0.122321025,-0.64341027,0.052517615,0.6771452,-0.67214066,0.25965524,0.05135793,0.29945174,2.2099266e-07,0.443234,-0.31839055,-0.44161457,0.42899752,-0.46554986,0.33370617,0.09332611,-0.26397982,0.64076155,0.030765427,1.0690132,-0.05001349,0.010326691,-0.10353837,-0.4791977,-0.8802413,0.017681312,0.19235007,-0.76874614,0.20527297
320,-0.4046907,-0.00905506,0.25904763,0.32722932,-0.75080127,-0.0039375136,0.60186976,-0.046868876,-0.18248463,-0.045357637,-0.12027573,-0.93435454,0.17117298,0.17608404,-0.54662377,-0.12245312,-0.50003296,0.070082456,0.4364103,-0.18435727,0.46192908,0.6407907,0.24334145,1.0411963,-0.5264736,0.4705027,-0.57915366,-0.2434736,-0.112779334,-0.6944278,-0.48083112,-0.774377
321,-0.21727651,-0.80753255,-0.16423951,-0.35222033,0.30714503,0.024144158,0.12990068,0.8395903,0.09892213,-0.023674676,-0.1309076,-0.26741907,-0.45928738,-0.2924966,-0.25724724,-0.46939564,0.30245638,-0.720931,-0.26097986,0.0015849088,0.4101725,0.6916313,0.5927337,0.14296238,-0.9054569,-0.06781604,-0.8064342,-0.6763066,-0.27970192,-0.18593335,0.596032,0.3579436
322,0.2140514,-0.5015388,0.4010177,-0.1602947,0.6252369,0.8300479,-0.44264865,-0.02589595,0.13816646,0.15002623,-0.015209697,-0.23759404,0.21259521,-0.53283006,-0.4001561,-0.43725178,0.118775055,-0.43366328,-0.13759069,0.1561646,0.3306302,0.8108172,0.42164212,-0.15511271,-0.7841554,0.10732835,-1.192849,-0.45665422,0.09847105,-0.24679069,0.027503483,0.1991321
324,-0.15788515,-0.17234096,-0.21086422,0.5155176,-0.35094422,0.10160699,0.11965137,0.6782045,-0.23184703,0.35534072,0.19415855,-0.75436676,0.15796478,-0.29575172,0.4637844,0.43487802,-0.17994894,-0.53163815,0.23696741,0.4371105,0.8363231,0.018770203,0.22799213,0.35783133,-0.53411853,-0.032083258,-0.5188237,-0.09921813,-0.20558667,-0.41984743,-0.3437767,0.60662425
334,0.46474534,-0.2581101,0.6615782,-0.13869528,-0.008032236,0.3037991,-0.073250376,0.619305,0.37354484,0.38775715,0.15522912,-0.6137967,-0.26658094,0.45701194,-0.23989055,-0.13664348,0.83781576,-0.6934529,0.2803148,0.006850138,0.7486531,0.822719,0.39989173,-0.08849937,-0.46829456,0.03309438,0.0052188784,-0.05351595,0.4839772,-0.615823,0.08977232,0.0708401
335,-0.07871532,-0.20060132,0.4711451,0.7025708,0.34954607,-0.30757987,0.49012005,-0.4967642,-0.18075465,-0.18994579,0.26716918,-0.31425235,0.005952765,-0.29160872,-0.06531153,-0.18719088,-0.32764205,-0.0010782721,0.37320235,0.3683786,-0.12076645,0.8078124,0.48372227,-0.25601703,0.12357314,0.18779838,-0.28212616,-0.15506114,0.33929053,-0.10845544,0.0915858,-0.32223505
347,-0.47500214,0.18875846,0.4242822,-0.4572222,-1.2606272,-0.048074413,0.68265337,-0.4895582,0.6222413,0.6827158,-0.36224118,0.32582995,-0.37468845,-0.4873268,-0.16829106,0.090948984,0.20847598,0.14861073,0.1789265,0.63525844,0.010136825,0.8452978,0.20019755,-0.1607761,-0.026268482,0.11736835,-0.48677835,0.6693724,0.19631454,-0.036172822,-0.2532552,0.12981468
348,-0.4747283,-0.99008536,0.00022835909,-0.21114358,0.14386083,0.24116348,-0.13062076,0.45958298,0.13253693,-0.14309494,-0.32772756,-0.4538621,-0.72708935,-0.49547645,-0.13502987,-0.1859464,0.3138306,-0.30076736,0.11399388,0.09554644,0.23167916,0.63523346,0.601439,-0.37442145,-0.8395911,-0.1473504,-1.1599098,-0.2845966,-0.20500323,0.22722477,0.4595269,0.2573765
349,-0.18743417,-0.08018402,-0.022127585,-0.13775879,-0.36532003,0.61550117,-0.09380531,0.25471988,-0.32572007,0.15039505,0.20852697,-0.005868228,0.19816215,-0.32391244,0.23937495,0.63129306,-0.084262475,-0.05410648,-0.4875491,0.3133156,0.38592234,0.39354625,0.7803889,-0.2634863,0.516173,0.665289,-0.11355625,-0.058431193,0.21330985,-0.55515796,-0.46816647,0.12129399
350,-0.0697013,-0.39425397,0.9158489,0.7954987,-0.17051026,0.15516213,0.17872792,-0.41153276,0.02908023,-0.07980726,0.30336097,-0.37134022,-0.22068417,0.26779866,0.28115577,-0.36458212,0.03278811,-0.32471642,-0.063039094,-0.03302138,0.3137897,0.73198956,0.4406824,-0.14087029,0.3059966,0.30592278,-0.04774188,0.12302348,0.30017233,-0.085320175,-0.043967597,0.3571945
351,0.013580534,-0.4387084,0.08676535,-0.115461074,0.08408741,0.42985213,0.031746574,-0.19343542,-0.27386406,0.0030197494,0.09917921,-0.08017815,-0.123208284,0.17788191,-0.051463787,0.81074333,0.4281536,0.21098697,-0.6251094,0.60245126,0.49323127,0.22150038,0.55917215,-0.21527368,0.97690296,0.24274772,-0.4369202,-0.20920694,0.10277089,-0.7511157,-0.46429807,-0.4853118
352,0.16360325,-0.6567561,0.26321372,0.85969263,-0.38296023,-0.46953142,-0.011774751,-0.0044015,-0.24130635,0.042533405,0.31171373,0.11855128,-0.26546094,0.003279144,-0.39251438,-0.3503798,-0.3761854,0.44079965,-0.62494856,0.17675768,0.38174695,1.0766335,0.5916576,-0.038869817,0.50672853,-0.31577697,-0.045942187,-0.17784423,0.07153717,-0.20508459,-0.37444097,0.07324044
353,-0.14209393,-0.30400544,0.19925323,0.8351055,-0.18771657,-0.2444226,0.27885234,-0.107657,-0.12483045,-0.028130282,0.19434708,0.05497863,-0.2473658,0.036142357,-0.1288439,-0.25452968,-0.27792838,0.20771645,-0.35784742,-0.021823183,0.11309859,0.8249733,0.6911086,-0.06691915,0.51269734,-0.19434296,-0.15253682,-0.13404372,-0.0059317527,-0.24033533,-0.13852517,0.05121255
354,-0.43633008,-0.47574058,0.13534406,0.5396552,0.053730283,-0.576455,0.19182733,-0.1597639,-0.533137,-0.1346379,-0.0056400006,0.26035798,-0.28702992,-0.36492398,0.21009678,-0.3259661,0.20578416,0.0037836498,-0.09004657,0.1645679,-0.014738252,0.38048834,0.7055234,-0.21501954,0.6994326,0.2724002,-0.2840995,-0.27766603,0.043994788,-0.4623477,-0.32080784,-0.2321404
355,0.07839633,-0.76427966,0.0033129447,0.8578544,-0.44200262,-0.6509206,0.052577462,0.1350611,-0.38325092,-0.013817594,0.44673845,0.32133818,-0.3401523,-0.15540336,-0.064746894,-0.48363966,-0.30659747,0.17564186,-0.7501168,0.051057033,0.37441173,1.1177919,0.6835866,-0.20297056,0.4505454,-0.27744094,-0.18759724,-0.2336275,-0.09645545,-0.20367251,-0.41091543,0.1641622
356,0.1947782,-0.14592478,0.3218879,0.85785705,-0.4338471,-0.87254435,0.19843097,0.11440012,0.09734228,0.15601158,0.32283965,-0.044094417,-0.08215007,-0.023324134,-0.12461003,-0.18262516,-0.15534373,-0.167881,-0.76097345,-0.038252495,0.00010339005,0.74072057,0.64105713,-0.026772834,0.62750363,-0.22550237,-0.27490354,-0.19698156,0.011578586,-0.14305475,-0.382849,0.39595646
364,-0.377847,0.575807,0.8674259,0.24194978,-0.25717676,-0.37695602,0.8765063,-0.22154881,-0.32060403,-0.31630525,-0.053746797,-0.17324312,0.1848207,-0.17801794,0.57588565,0.16868128,0.2744864,0.13211156,0.52350235,0.20976315,-0.39111257,0.7614918,0.45894155,0.03764054,-0.037873875,-0.33151945,-0.4408459,-0.60512674,-0.009734931,-0.55883694,-0.28343278,-0.10451184
375,-0.37829295,-0.07143608,-0.1840394,0.090214774,-0.19593228,0.3407165,0.88583827,-0.14466329,-0.5103225,1.4765683,-0.2420171,0.14594924,-0.022963356,0.051122624,0.25659445,0.6904907,0.32889482,0.26687708,-0.46779698,0.24648187,0.34296244,-0.07998634,0.47646564,0.018245453,-0.3330242,0.3912841,-0.59239554,-0.18215519,0.43081683,-0.47607264,-0.15266694,0.3453436
376,-0.02591911,0.080120765,0.4533007,0.5483471,0.12100494,-0.1277752,0.47288692,-0.5119464,0.3468304,-0.20571458,0.38190812,-0.2973193,-0.034555558,-0.14727513,0.19172885,0.11765026,-0.3909265,-0.10495534,-0.013423083,0.22474886,-0.22634052,0.5918438,0.6106434,-0.06418747,0.20097998,0.32220867,-0.16810624,-0.38724568,-0.08458212,-0.47266147,0.7253916,0.41769913
377,0.018503282,-0.1467135,0.36946005,0.21398608,0.57754385,-0.6449673,-0.24302247,-0.42067894,0.51728505,-0.38659257,-0.4210847,0.17426318,0.60437363,-0.48540992,0.45340398,0.58943343,0.17595568,-0.04977894,0.045168817,0.028209994,0.37887812,1.2433289,0.21843895,0.49997008,-0.558657,0.44368535,-0.10128333,0.80742055,0.15241468,-0.7076411,0.27879286,0.55191994
379,-0.8137835,-0.17076054,-0.21028794,-0.028757596,-0.06674674,-0.023622435,0.38968375,0.020921677,0.03497993,0.73128,-0.14383198,-0.15580058,0.3967178,-0.042867757,-0.0041750656,0.92735857,0.36602896,0.13342632,-0.39198607,0.45124814,0.6343847,-0.21854618,0.22720094,-0.21141379,-0.17517206,-0.13614593,-0.7683187,-0.22236155,0.18607046,-0.53246766,0.14822069,-0.015155657
383,-0.35741186,0.18007793,0.20545699,-0.24577518,0.48996675,-0.07674986,-0.022543365,0.24098286,0.6990541,0.70628464,0.5904581,-0.44571352,0.81069523,-0.38484675,-0.60167164,0.39137125,-0.07234808,0.19747898,-0.27535433,0.17071426,0.0034240517,0.3880009,0.4661767,-0.49347174,-0.57716393,0.09307064,-0.7132214,-0.27639648,-0.44897848,-0.2987633,-0.06604042,0.34657097
384,-0.15108426,-0.11080924,0.26221192,-0.19013016,-0.008010621,0.10339297,0.3423712,0.0660659,-0.15439415,-0.15827252,0.60959244,0.38741586,0.27964255,-0.095817536,-0.29418755,-0.29542392,0.45201337,-0.002778529,0.16076636,-0.33572,0.3779384,0.67645985,0.38496223,0.06884859,-0.4467106,0.70530564,-1.3764116,0.11510791,-0.6436335,0.10089925,0.22358602,0.4710457
386,-0.54706514,-0.11913336,0.47708932,0.4471999,-0.24920785,0.29741177,0.4575727,0.39758173,0.3077432,0.21760066,0.16789508,-0.16496736,0.6912779,-0.71735173,-0.27458474,0.3587521,0.44093847,0.058002256,-0.1720201,-0.3944484,0.55568165,0.18446408,0.10344726,-0.22404481,-0.4183172,-0.042981137,-0.4758505,0.44309184,-0.044007935,0.20662314,-0.027175438,0.29462326
388,0.34914094,-0.75862616,0.96246034,-0.91549146,0.35303268,0.18962175,0.7681664,0.57074153,0.06726022,0.3555798,0.44407576,-0.24103874,0.19902289,-0.33835515,-0.37949532,-0.2670599,-0.33029377,0.8805781,-0.6615237,0.508052,-0.65461403,1.1117238,0.46254754,0.2899426,-0.06765636,-0.56592786,0.50087065,0.11165109,0.048436087,-0.26041743,-0.356174,0.18453787
389,-0.39641076,0.13672496,0.036276255,0.057583123,0.29023123,0.07833088,-0.3798721,0.046268277,0.10489894,0.29069173,0.15559769,0.3806705,0.4784706,0.09305623,-0.8689362,0.035520896,0.61237377,-0.062172797,0.41837472,0.97048867,1.2243448,0.046091743,0.6848134,-0.040231217,0.04066483,0.20424883,-0.15769906,-0.28396052,0.16864279,-0.50915766,-0.30982798,0.77612734
394,-0.09692169,-0.71755296,0.15919958,-0.8240064,-0.15136443,0.3178673,-0.078382984,0.24881169,-0.261598,0.07589166,-0.28650072,-0.24569088,0.64529306,-0.507378,0.544092,0.30940348,0.13171712,0.13831393,0.07586992,0.4817511,0.33690447,0.79388815,-0.035848446,-0.039567314,0.46796697,0.34948832,-0.22758365,-0.38936102,0.5009883,-0.6414055,0.46782258,-0.12982222
396,-0.5969364,-0.115009904,0.050590746,-0.058416143,-0.40035138,0.6715296,0.6828999,-0.19217078,-0.62269723,1.3664123,-0.20793962,-0.22385548,-0.38798437,-0.07543315,-0.102060094,0.52392316,0.25570273,0.25994793,-0.34176868,-0.29838863,-0.009157861,-0.17919698,1.0787823,0.2568013,-0.1761128,0.1546042,0.17519978,0.31978875,0.4792665,-0.88869745,-0.05847795,0.83791983
397,-0.25126418,-0.625383,-0.12583211,-0.13574408,-0.2689188,-0.1730215,0.2698233,-0.18178616,-0.48936537,0.3594312,0.31452313,-0.5401362,0.32886922,0.20750557,0.05498872,-0.20559521,-0.115172066,-0.071360245,0.4090118,0.3469466,0.29093826,0.019061299,0.5982075,0.44528592,0.12918116,0.004796099,-0.16740088,-0.27187994,0.32842898,-0.76913214,-0.5184766,-0.48645967
403,-0.21385713,0.0772942,0.3345373,-0.070138946,-0.04455318,-0.17135191,0.09845447,0.55847645,0.1539334,0.64199865,0.16028747,0.004373072,0.93172914,-0.24890985,-0.01740631,0.90654397,0.27895358,0.3355824,-0.04036239,-0.15882497,0.5094455,0.09674299,0.22884843,-0.09056187,-0.245816,-0.10107428,-0.6618083,0.032095462,0.13557099,-0.5853931,0.09900175,0.1236313
404,-0.16258073,-0.31977683,0.31031394,0.35193634,0.24559157,-0.5813384,0.08751771,0.27415073,0.16177483,-0.3244953,-0.44075996,0.080771364,0.6861034,-0.23024854,0.008203985,0.59518874,0.4206022,-0.038960904,-0.32996377,0.21084712,-0.17941755,0.8440137,0.6185605,0.26720577,-0.15416662,-0.15011807,0.17226586,1.1766902,-0.295226,-1.0746536,0.7866905,0.33500987
405,0.21198203,-0.74365586,-0.01778018,-0.72468835,0.269507,-0.57573146,0.59469795,0.46961632,-0.0525994,-0.003671833,-0.52221215,0.5140729,-0.061069492,-0.7315794,-0.3871481,0.77632165,0.8829814,-0.2709882,0.36714074,0.46295005,-0.5896292,0.16168179,1.0771325,-0.19676395,-0.15427867,0.5417676,-0.40338445,-0.20222498,0.1591974,-0.23634715,0.625911,-0.053780727
406,-0.025521092,-0.3433022,0.37565708,-0.60477936,0.22585784,-0.9361117,-0.22280326,-0.29362494,0.3406709,-0.6269785,-0.11807442,-0.1537158,0.057047714,0.025564441,-0.12462624,0.12504756,0.5627308,0.2302596,0.24659498,-0.38712344,-0.26033795,0.78146005,0.45399863,0.25425628,0.23896392,0.24770568,-0.5043726,0.30085886,1.1579338,-0.4506433,-0.33352846,1.0050517
411,-1.0539454,-0.23897193,0.14518489,0.30343282,0.99180955,0.33798847,0.63714916,0.2677056,-0.1919853,0.21066001,0.38785973,0.51287335,-0.28406858,-0.34363008,0.093878,-0.5796397,0.37911177,0.5243769,-0.29334906,0.10115234,0.5787458,0.9611335,-0.058641218,0.080252394,-0.17013998,0.42589676,-0.42194948,0.8252392,0.3460914,-0.25923237,-0.46347946,-0.05381607
413,0.7675908,0.21799614,-0.047317408,-0.4338892,0.028162954,-0.7107911,0.63727266,0.49380156,0.5591828,0.6182974,0.3171517,-0.6307995,-0.011428195,0.4740454,0.3108786,-0.29737172,0.5419797,-0.61863863,-0.3401002,-0.4355408,0.13426581,0.6762736,0.99424404,0.44563627,-0.14458524,-0.31677464,-0.44676986,-0.2268029,0.38359103,-0.24310477,0.6304119,0.38151044
414,-0.68369013,-0.4770045,0.09429159,-0.18079859,-0.5366503,-0.019655492,0.39707953,-0.2819378,-0.37386197,0.42143804,0.26392493,-0.54054564,0.31464317,0.122948915,-0.35289702,-0.5987955,-0.1700184,0.17291583,0.7885264,-0.11337682,0.4063471,0.40116784,0.25818175,0.8141621,-0.38046002,0.44228515,-0.6501753,0.2279339,0.124121085,-0.9032982,-0.20130144,-0.74858344
415,-0.12373509,-0.48981628,-0.070490494,-0.39041993,-0.43249437,0.52007055,0.24725382,-0.8725264,-0.046530284,0.07671343,-0.14315166,-0.7584235,0.23214899,-0.49745923,-0.7432126,-0.5946562,-0.07247604,0.8999015,-0.111006096,-0.16199979,0.73697126,-0.025455624,0.5341452,0.4623151,-0.35393932,0.92968,-0.16282007,-0.11049457,-0.14151907,-0.647443,0.46195185,-0.1814078
416,-0.40980786,-0.9287378,-0.12368241,-0.55639535,0.21110688,0.41373822,0.79290235,-0.20232998,-0.2012432,0.722342,-0.5790888,0.29489687,0.03485425,-0.34577197,0.82016236,0.6529859,-0.037036687,0.023265243,-0.95992374,0.21178839,-0.3124045,0.06237402,0.7429375,0.4409276,-0.116291486,0.87470275,-0.6830426,-0.39327347,0.77457523,-0.48769516,-0.47320074,0.3289442
417,0.55434555,-0.7896326,0.9513317,0.113352604,-0.18210118,0.17747867,0.96294874,-0.5178472,-0.04008703,0.19840151,-0.42123404,-0.6417026,-0.8918102,0.3281259,0.3042072,0.73880905,0.10939136,0.38289618,-0.2930093,0.15972288,0.13851936,-0.051247716,0.58836126,0.48523107,-1.1272131,0.3327104,-0.18989465,0.33482438,-0.020210283,-0.24344453,-0.5862303,0.4346908
419,0.18300045,-0.33040223,0.89879423,-0.47918648,0.99404734,-0.30658835,0.45962307,0.6152579,-0.4441737,0.105478376,-0.18919702,-0.38978598,-0.12988918,-0.19535118,0.31093392,-0.08348341,-0.04423001,0.6589756,-0.24271429,0.5700832,0.4659177,0.19710375,0.7827773,0.116353564,-0.77666116,0.36471227,-0.05788823,0.15521285,0.21276192,-0.05328622,-0.6719366,-0.63526785
420,-0.72043353,-0.3707452,0.058795415,-0.61195344,-0.29667288,0.16221847,0.19274251,-0.32049286,-0.1846148,0.67731297,0.2552405,-0.1575258,0.7271807,-0.9092596,0.36102974,-0.11997478,-0.14098775,0.4381264,-0.5117706,-0.11783881,0.13651943,0.083507024,1.1255736,0.27338296,0.73791367,0.5068264,0.12088367,-0.7975888,0.34587252,-0.17254446,-0.2980315,-0.36786467
425,-0.18525757,-0.39019457,0.25276887,0.47769448,0.33432937,0.14841612,0.697287,-0.4425501,0.14565535,0.15129901,0.3326078,-0.11025824,-0.13464598,-0.12374798,-0.10478471,-0.09599894,-0.29830834,0.037911594,0.15995488,0.23143326,-0.080236234,0.6740609,0.5843917,0.05398335,0.2960147,-0.15736298,-0.018566333,-0.21357746,0.053271968,-0.21820296,0.72396064,-0.010570937
428,0.2977219,-0.05947503,-0.18908389,0.4338544,-1.1323919,0.5230599,-0.13508144,-0.7617552,-0.27796376,-0.14742064,0.14129707,-0.2610704,-0.09578488,-0.93046135,-0.13728724,-0.38257483,-0.106591135,-0.039551914,0.3371119,0.6173563,0.2905672,0.35235655,0.84435886,-0.13819048,0.17767595,-0.68018687,-0.85825884,-0.037099414,0.862787,-0.29688492,-0.4531835,0.22347492
437,-0.30510366,-0.8125103,0.7297372,-0.04442652,0.116367765,0.09292114,0.19089426,0.6349939,-0.41140744,0.8810145,-0.068428576,-0.19691017,0.4112506,-0.29559773,-0.4475273,0.9386134,0.9276556,0.14075322,-0.09866846,0.20714866,0.1023427,-0.16119422,0.44825035,0.028685495,-0.49843583,-0.3685066,-0.14983243,0.15514942,-0.37884575,-0.4396432,0.08639891,0.24972087
447,0.47621363,-0.7427364,0.34922484,-0.18903926,-0.2466528,-0.28586292,0.33701447,0.14875112,0.24989083,0.41179547,-0.30468076,-0.07081083,-0.4413531,0.050968513,0.6090539,0.2315524,0.66103274,0.37440184,0.43217558,-0.124056384,0.43933153,0.3194223,0.6219085,-0.13222548,-0.7195478,0.57149583,-0.055943325,-0.25299457,-0.03741411,-0.124872275,-0.3041781,0.2207016
451,0.024795627,-0.20591694,0.31162596,0.2129157,0.09217521,0.07829598,-0.076787405,-1.0124266,0.20018886,0.4113903,0.005604084,-0.23098284,0.8748682,-0.74355483,0.17035645,0.20823136,0.5396711,1.0039706,-0.1985963,-0.52738607,0.24250567,0.22982772,0.6983704,-0.031382907,-0.4468217,-0.07532118,-0.29193503,-0.9402485,0.63519824,-0.27303502,-0.40720198,0.42619374
452,0.11450411,0.2893145,0.58964044,0.3334537,-0.5423558,-0.48948008,0.5127066,0.507978,0.52132654,-0.18830565,-0.49217075,-0.1347717,0.027937716,-0.15180792,0.35220242,-0.074417256,0.835687,-0.097272106,0.10277943,0.35931462,0.14621481,-0.06598988,1.2017826,0.28914103,0.13844289,-0.61852,-0.14525513,0.16467667,0.9077668,0.061709378,-0.34995595,0.59973586
459,-0.39138997,-0.78052896,0.81546247,-0.40449524,-0.45110804,-0.6405422,0.73891264,0.7808586,0.32747847,0.5185391,0.49939415,-1.012431,-0.027568948,0.64795166,-0.13965541,-0.649482,-0.3498851,-0.44263375,0.33438691,-0.110911906,0.010354668,0.8455788,0.55234855,0.9310126,0.45654273,-0.19055425,-0.20980154,0.6952283,0.16857594,0.05217346,-0.44529212,-0.5206711
466,-0.3659265,-0.014613058,1.1234409,-0.21410038,-0.732418,-0.098032735,0.611261,0.3616807,0.3468717,0.051292602,-0.07137144,-0.13023007,0.88715744,-0.3999674,0.004861731,-0.19494276,0.2595446,0.6664449,-0.080681466,0.06652739,0.57869625,-0.27800828,0.6912035,0.25137663,-0.32022533,-0.46249256,-0.12759827,-0.29216084,0.47568998,0.27366972,-0.44753814,-0.068503894
468,0.16001794,-0.50575787,0.31549355,-0.36531764,-0.14982633,-0.04871807,1.404956,-0.094988726,0.022336723,-0.2736651,0.03533235,0.13175721,0.5015471,-0.3468078,-0.7122793,-0.07832355,0.07977719,0.5331709,0.33354363,0.017211968,0.22833458,0.15839352,-0.24092232,0.050684396,-0.78782654,-0.07988273,-0.6184289,0.24741934,0.14931403,-1.0636172,0.22120401,0.06662477
473,-0.2342948,-0.018989349,0.250113,-0.15153976,0.2828829,-0.64125353,0.121957414,0.4435836,0.40738195,0.2639293,-0.586672,-0.19550698,0.42385095,-0.24410424,-0.08414814,-0.3505484,-0.4213487,0.33629245,-0.16249728,0.5952288,0.56843525,0.5829096,0.3137744,-0.31815735,0.28775644,0.42569944,0.15321581,-0.1410161,-0.2542217,-0.2783189,0.31702185,0.32765615
477,-0.49787045,-0.68240315,-0.11197896,0.6223379,-0.086424835,-0.45253742,0.57669574,0.58390516,-0.021492032,0.26021555,0.53795797,-0.30746785,-0.21228099,-0.26572344,-0.50151956,0.065323316,-0.15391876,-0.7565339,0.49419332,0.3336402,0.6286745,-0.014171827,-0.22477931,0.6032963,-0.35350117,0.002455922,-1.1654567,0.05108893,0.039804425,-0.69177383,-0.39621928,-0.2316866
480,-0.5562074,-0.10147095,0.660989,0.3003635,-0.17782538,0.32888767,0.36768624,-0.1755146,0.4157596,-0.71117604,0.27765295,0.011960352,-0.06461378,-0.1590821,-0.32551703,-0.24164623,0.5349804,0.13249877,0.19518049,-0.22888933,-0.04007277,0.49809462,0.40462515,0.022963831,-0.3988901,0.15949264,-0.54255795,-0.16756697,-0.59222215,-0.80115515,0.19921428,-0.123469025
484,-0.2420578,-0.6770831,1.2695907,-0.79991275,0.5211384,-0.18251918,-0.08070447,0.7867442,-0.35611224,0.027693447,-0.07985174,-0.7016296,-0.7959209,-0.33854297,0.39180878,-1.0500629,0.025476433,0.42106757,-1.0264978,0.4562712,0.25120276,0.5959847,0.40815344,-0.09525677,-0.04726042,0.13361424,0.12670687,0.11591784,0.25026062,-0.58666056,0.042846516,-0.07234008
490,-0.5652887,-0.3207829,0.5545158,0.13512628,0.095680855,-0.13901193,0.42737114,-0.25831765,-0.26723808,-0.21708487,0.31905362,0.052137543,-0.06807571,-0.009359031,0.0849408,-0.32660785,-0.06252269,-0.18282071,-0.033134717,0.3881262,0.053912602,0.6355976,0.7178877,-0.039684482,0.39476487,-0.6076158,0.087950215,-0.3359099,-0.3155971,-0.7782234,0.01499433,-0.35480437
491,-0.02759342,0.33075225,0.6820794,0.19040921,-0.024273051,0.10504505,0.7016414,-0.42666912,-0.32713008,-0.26079732,0.27570736,-0.0365188,-0.003359132,-0.29633996,0.24689256,-0.18425952,0.2765017,-0.28582397,0.33008027,0.46518603,0.2863402,1.0015378,0.5111991,0.06425583,0.0796668,-0.44224358,0.3955236,-0.5144001,-0.14566243,-0.64781326,-0.18119422,0.052490126
495,-0.5519762,0.0018109914,0.47886512,0.20234762,0.1634066,-0.41621578,-0.3614374,0.0032910581,0.20053527,0.35028493,0.29624513,-0.14827432,0.27438086,-0.39951232,-0.38104972,-0.3573485,0.22104143,-0.111011066,0.19608964,0.9580868,0.68036044,-0.47456995,0.28494093,-0.31243372,-0.1576811,0.5454961,-0.63424784,-0.18826918,0.076243624,-0.4510312,0.09866986,1.0083824
497,-0.17881219,-1.0501412,-0.016937548,0.35400036,-0.03566218,-0.08487328,0.38326412,-0.14437112,1.0910879,-0.55219704,0.20495248,-0.36550674,0.44414338,-0.6076562,0.58120036,-0.70478934,0.14344788,0.79446375,0.5363218,-0.37373856,0.59268403,0.742237,-0.117934994,-0.7657605,0.30644113,0.05687049,-0.83724165,0.30775183,0.22489256,-0.15922564,-0.089110315,0.03524917
499,-0.28686494,-0.15324081,0.19043061,-0.13342549,-0.42245165,0.36928657,0.22224055,0.015947046,-0.36510235,0.42028993,0.037579205,-0.4668078,0.28004414,-0.4769406,0.72784245,-0.14273469,0.37387067,0.117612846,0.09306774,0.469646,0.15676086,0.5892685,0.36718255,0.11250429,0.55491036,0.57126534,0.12352823,-0.28657535,0.25135076,-0.22810428,0.73831433,-0.08894311
501,0.13734066,-0.577763,0.44036576,0.00038890255,-0.06748584,0.6318244,0.86086756,-0.2586451,0.2187374,0.1450779,-0.017423877,-0.63149196,0.14820161,-0.47347802,0.21075921,-0.2522391,-0.5539443,-0.62051284,0.109043874,0.15616287,0.28390512,-0.38379312,0.76236707,-0.10544884,0.91891617,-0.24927902,-0.6407046,0.197924,-0.17219192,-0.115992226,0.32730943,0.08490326
503,0.36548272,-0.0352517,0.07697422,-0.5682574,-0.2949277,0.012454124,0.9182346,-0.086785294,-0.45135874,0.23780766,0.21355575,-0.092749946,0.10208005,-0.3684699,-0.15266597,0.058040496,0.121631674,0.6354994,0.13326153,0.11957881,0.5825284,0.04460405,0.42847195,-0.42812,-0.41940808,-0.11544003,-0.0589801,-0.06260177,-0.34089473,-1.0073264,0.019068046,0.10068328
506,-0.09768528,-0.39849505,0.12846026,0.14831382,-0.048031688,0.13260001,0.62676674,0.11256116,0.16700327,0.2506086,0.32852247,-0.26860988,-0.104460366,0.021579329,0.49127492,0.13711244,0.21457797,0.07219068,0.36957216,0.2838835,0.46952933,0.3818204,0.37907043,-0.0807457,0.5611977,0.03659187,-0.10143169,-0.21840729,0.554322,0.09879971,0.87229896,0.16679515
509,0.053366434,-0.08477628,0.38081086,-0.49214303,-0.15863802,-0.16451424,0.7764561,0.024829334,-0.46081167,0.49180242,0.08442683,-0.077813596,0.23642042,-0.70761037,-0.14130253,0.15444596,0.032744247,0.41548035,0.26737434,0.026306227,0.6104547,0.032827176,0.24547845,-0.37613234,-0.20702465,-0.051657148,-0.0074756155,-0.049145423,-0.46422714,-0.74197936,-0.03128922,0.07551433
515,-0.2627478,0.30553532,-0.45552334,-0.046191014,0.5098335,-0.340674,0.5230934,0.13505886,0.1978535,-0.720273,-0.27813065,-0.1307687,0.3932046,-0.46077135,-0.56628877,-0.20949602,0.7860517,-0.32784235,0.119965665,1.1343495,0.096170135,-0.2668028,1.2716919,-0.383241,0.48433137,0.44779935,-0.6931118,0.2937506,0.16233061,-0.53955,-0.51028436,0.40695888
516,0.637192,0.2918153,-0.37571883,0.0016017972,-0.4176108,-0.5046244,0.38043842,0.010645461,0.02896739,0.10828461,-0.103467986,0.1383338,0.0023470828,-0.7609621,0.18563856,-0.43210253,0.7196943,-0.13096216,0.25842232,0.4717477,-0.048268218,0.3075517,0.65401435,0.09895044,0.6005505,-0.009577636,-0.79258746,-0.09010194,0.8229982,-0.16483335,-0.3391261,0.71900374
517,0.3581217,-0.3466751,0.44758278,-0.467648,-0.46902305,-0.27011588,1.0058557,-0.18357244,-0.37070322,0.09017303,0.31299558,-0.37791377,-0.11541692,-0.44045052,-0.06588504,0.03243012,0.067380555,0.5169481,-0.057356898,0.06869281,0.3283301,-0.1821264,0.16948752,-0.75507206,-0.4479848,0.1691093,-0.09528519,0.3476159,-0.16255662,-1.1976221,-0.16591164,0.18166082
518,-0.031137588,-0.1196563,0.10346917,0.51645094,0.020976782,0.3033552,0.80414575,-0.08451316,0.4150912,0.014260468,0.5588661,-0.25139254,-0.15248846,-0.01196191,0.37658367,-0.46442923,-0.58839476,-0.15192293,-0.05368285,0.3190132,0.07892984,0.44815767,0.77767456,-0.2295546,0.058712266,0.078970745,-0.32690024,0.080309406,0.5310919,-0.13732715,0.47322145,-0.04299715
521,-0.3563946,-0.16469777,0.052721433,-0.2922447,0.22691533,-0.1821751,0.11747497,0.27436158,0.11220912,0.95229673,0.24827804,0.11342847,0.6535679,-0.4757061,-0.16873725,0.56612426,0.22765951,0.17006923,-0.054849878,0.1750877,0.60422266,0.05319498,0.36309054,-0.39321974,-0.3890685,0.013022273,-0.5063599,-0.044109806,0.07588004,-0.38248286,0.28305155,0.017624885
523,-0.0714388,0.017232189,-0.12259645,-0.4631546,-0.3449297,-0.42994964,0.16648404,0.43352753,1.0229702,0.43210945,-0.04502939,0.31415933,-0.75008714,0.014546408,0.055406805,0.530695,-0.14821537,0.5013515,0.17554294,0.2168679,0.2648426,0.62647754,0.38034168,0.09278712,0.5888585,0.09249882,-0.5829142,0.4402744,0.3027464,-0.5080409,-0.0072071087,0.5858592
526,0.15091363,0.14872153,0.26261058,0.08857659,0.13280429,-0.65864706,0.365994,0.4333559,0.60701394,0.5732239,0.42185307,-0.53175724,-0.11920157,0.4720624,0.46659514,-0.4677245,0.5671592,-0.36875516,-0.10329541,-0.2769051,0.42655247,0.40053898,0.57564926,0.3289382,0.14525326,-0.43375972,-0.58692884,0.06156926,0.867975,-0.36331907,0.08682098,0.15575306
